notice_date,effective_date,received_date,company,city,employees,layoff_closure
06/22/2015,0  3  / 2  5  / 2  0  16,0  7  / 0  1  / 2  0  15,Maxim Integrated Product,San Jose,150,Closure Permanent
06/30/2015,0  8  / 2  9  / 2  0  15,0  7  / 0  1  / 2  0  15,McGraw-Hill Education,Monterey,137,Layoff Unknown at this time
06/30/2015,0  8  / 3  0  / 2  0  15,0  7  / 0  1  / 2  0  15,Long Beach Memorial Medical Center,Long Beach,90,Layoff Permanent
07/01/2015,0  9  / 0  2  / 2  0  15,0  7  / 0  1  / 2  0  15,Leidos,El Segundo,72,Layoff Permanent
07/01/2015,0  9  / 3  0  / 2  0  16,0  7  / 0  1  / 2  0  15,"Bosch Healthcare Systems, Inc.",Palo Alto,55,Closure Permanent
06/29/2015,0  9  / 0  1  / 2  0  15,0  7  / 0  2  / 2  0  15,"Encompass Digital Media, Inc.",Los Angeles,41,Closure Permanent
07/02/2015,0  7  / 0  6  / 2  0  15,0  7  / 0  2  / 2  0  15,Alphatec Spine,Carlsbad,99,Layoff Permanent
06/30/2015,0  8  / 0  7  / 2  0  15,0  7  / 0  6  / 2  0  15,Symantec Corporation,Mountain View,60,Layoff Permanent
06/30/2015,0  8  / 3  1  / 2  0  15,0  7  / 0  6  / 2  0  15,"Fusion Contacts Centers, LLC",Santa Maria,50,Closure Permanent
06/30/2015,0  9  / 1  5  / 2  0  15,0  7  / 0  6  / 2  0  15,KLA-Tencor Corporation,Milpitas,213,Layoff Permanent
07/01/2015,0  9  / 0  4  / 2  0  15,0  7  / 0  6  / 2  0  15,Southern California Edison Company,San Clemente,100,Closure Permanent
07/02/2015,0  9  / 0  1  / 2  0  15,0  7  / 0  6  / 2  0  15,"State Fish Company, Inc.",Wilmington,76,Closure Permanent
07/02/2015,0  9  / 0  4  / 2  0  15,0  7  / 0  6  / 2  0  15,Boeing Company,Long Beach,56,Layoff Unknown at this time
07/06/2015,0  9  / 0  4  / 2  0  15,0  7  / 0  6  / 2  0  15,"Bridgepoint Education, Inc.",San Diego,22,Layoff Permanent
07/01/2015,0  6  / 2  9  / 2  0  15,0  7  / 0  7  / 2  0  15,BAE Systems,San Francisco,4,Layoff Temporary
07/01/2015,0  6  / 2  9  / 2  0  15,0  7  / 0  7  / 2  0  15,BAE Systems,San Francisco,78,Layoff Temporary
07/01/2015,0  9  / 0  7  / 2  0  15,0  7  / 0  7  / 2  0  15,Bay Bread LLC dba Bakery Los Angeles,San Fernando,50,Closure Permanent
07/01/2015,0  9  / 2  5  / 2  0  15,0  7  / 0  7  / 2  0  15,Bay Bread LLC dba New French Bakery,South San,121,Closure Permanent
07/02/2015,0  6  / 1  2  / 2  0  15,0  7  / 0  7  / 2  0  15,Hewlett-Packard Company,Palo Alto,65,Layoff Permanent
07/08/2015,0  9  / 0  6  / 2  0  15,0  7  / 0  8  / 2  0  15,Microsoft Corporation,San Diego,129,Layoff Permanent
06/25/2015,1  0  / 0  9  / 2  0  15,0  7  / 1  0  / 2  0  15,"Aramark Healthcare Support Services,",Culver City,53,Closure Permanent
07/01/2015,0  9  / 1  0  / 2  0  15,0  7  / 1  0  / 2  0  15,Maxim Integrated Product,San Jose,20,Layoff Permanent
07/06/2015,0  9  / 0  4  / 2  0  15,0  7  / 1  0  / 2  0  15,"ProCourier, Inc.",Los Angeles,71,Layoff Unknown at this time
07/06/2015,0  9  / 0  4  / 2  0  15,0  7  / 1  0  / 2  0  15,"ProCourier, Inc.",San Diego,22,Layoff Unknown at this time
07/07/2015,0  9  / 0  4  / 2  0  15,0  7  / 1  0  / 2  0  15,"ProCourier, Inc.",Irvine,22,Layoff Unknown at this time
07/09/2015,0  7  / 2  2  / 2  0  15,0  7  / 1  0  / 2  0  15,Berkeley Pyramid Alehouse,Berkeley,63,Closure Permanent
07/09/2015,0  9  / 1  4  / 2  0  15,0  7  / 1  0  / 2  0  15,Fireman's Fund Insurance Company,Novato,35,Layoff Permanent
06/30/2015,0  8  / 3  1  / 2  0  15,0  7  / 1  3  / 2  0  15,First Transit,Rancho,71,Layoff Permanent
06/30/2015,0  8  / 3  1  / 2  0  15,0  7  / 1  3  / 2  0  15,First Transit,San Bernardino,127,Layoff Permanent
07/10/2015,0  7  / 1  4  / 2  0  15,0  7  / 1  3  / 2  0  15,11 Main LLC,Chico,44,Layoff Permanent
07/10/2015,0  7  / 1  4  / 2  0  15,0  7  / 1  3  / 2  0  15,11 Main LLC,San Mateo,35,Closure Permanent
07/15/2015,0  7  / 1  5  / 2  0  15,0  7  / 1  5  / 2  0  15,TaylorMade Golf Company,Carlsbad,64,Layoff Permanent
07/08/2015,0  9  / 0  6  / 2  0  15,0  7  / 1  6  / 2  0  15,Southern California Edison Company,Rosemead,38,Layoff Permanent
07/14/2015,0  9  / 1  8  / 2  0  15,0  7  / 2  0  / 2  0  15,"Actavis, Inc.",Corona,45,Layoff Permanent
07/17/2015,0  7  / 1  3  / 2  0  15,0  7  / 2  1  / 2  0  15,American Management Services LLC,Monterey,56,Closure Permanent
07/17/2015,0  9  / 1  8  / 2  0  15,0  7  / 2  1  / 2  0  15,Boeing Company,El Segundo,66,Layoff Unknown at this time
07/17/2015,0  9  / 1  8  / 2  0  15,0  7  / 2  1  / 2  0  15,Boeing Company,Huntington Beach,65,Layoff Unknown at this time
07/17/2015,0  9  / 1  8  / 2  0  15,0  7  / 2  1  / 2  0  15,Boeing Company,Long Beach,113,Layoff Unknown at this time
07/17/2015,0  9  / 2  5  / 2  0  15,0  7  / 2  1  / 2  0  15,Maxim Integrated Product,San Jose,11,Layoff Permanent
07/17/2015,0  9  / 2  6  / 2  0  15,0  7  / 2  1  / 2  0  15,"DS Services of America, Inc.",Los Angeles,120,Closure Permanent
07/17/2015,0  9  / 2  6  / 2  0  15,0  7  / 2  1  / 2  0  15,"DS Services of America, Inc.",Pasadena,200,Closure Permanent
07/20/2015,0  9  / 1  8  / 2  0  15,0  7  / 2  1  / 2  0  15,"Minno, Inc.",San Francisco,255,Closure Permanent
07/20/2015,0  9  / 1  8  / 2  0  15,0  7  / 2  1  / 2  0  15,"Safeway, Inc.",Pleasanton,14,Layoff Unknown at this time
07/15/2015,0  9  / 1  5  / 2  0  15,0  7  / 2  2  / 2  0  15,"Oakley, Inc.",Encinitas,8,Layoff Unknown at this time
07/15/2015,0  9  / 1  5  / 2  0  15,0  7  / 2  2  / 2  0  15,"Oakley, Inc.",Foothill Ranch,159,Layoff Unknown at this time
07/20/2015,1  2  / 3  1  / 2  0  17,0  7  / 2  2  / 2  0  15,Toyota Motor North America,Gardena,100,Closure Permanent
07/20/2015,1  2  / 3  1  / 2  0  17,0  7  / 2  2  / 2  0  15,Toyota Motor North America,Torrance,3000,Closure Permanent
07/21/2015,0  7  / 2  2  / 2  0  15,0  7  / 2  2  / 2  0  15,"Cisco Systems, Inc.",San Jose,192,Layoff Permanent
07/20/2015,0  9  / 3  0  / 2  0  15,0  7  / 2  3  / 2  0  15,"IAP Worldwide Services, Inc.",Mountain View,67,Layoff Permanent
07/21/2015,0  9  / 1  5  / 2  0  15,0  7  / 2  3  / 2  0  15,Presse LLC dba Cafe de la Presse and,San Francisco,85,Closure Temporary
07/10/2015,1  0  / 0  4  / 2  0  15,0  7  / 2  4  / 2  0  15,Sears Holdings Corporation,Cupertino,17,Closure Permanent
07/10/2015,1  0  / 0  4  / 2  0  15,0  7  / 2  4  / 2  0  15,Sears Holdings Corporation,Cupertino,81,Closure Permanent
07/14/2015,0  9  / 1  4  / 2  0  15,0  7  / 2  4  / 2  0  15,"Associate Management Resources, Inc.",San Diego,533,Closure Permanent
07/10/2015,1  0  / 1  1  / 2  0  15,0  7  / 2  7  / 2  0  15,Kmart,Atwater,74,Closure Permanent
07/27/2015,0  9  / 2  5  / 2  0  15,0  7  / 2  7  / 2  0  15,"Safeway, Inc.",Pleasanton,37,Layoff Unknown at this time
07/27/2015,0  9  / 3  0  / 2  0  15,0  7  / 2  9  / 2  0  15,"Hank Fisher Properties, Inc.",Sacramento,242,Layoff Permanent
07/29/2015,0  9  / 3  0  / 2  0  15,0  7  / 2  9  / 2  0  15,SPS Distribution Center,Paso Robles,8,Closure Permanent
07/23/2015,0  7  / 3  1  / 2  0  15,0  7  / 3  0  / 2  0  15,"Turf Terminators, LLC",Los Angeles,94,Layoff Permanent
07/29/2015,0  7  / 2  8  / 2  0  15,0  7  / 3  0  / 2  0  15,Relativity Media,Beverly Hills,61,Layoff Permanent
07/30/2015,0  9  / 3  0  / 2  0  15,0  7  / 3  0  / 2  0  15,United Technologies Corporation,San Diego,21,Closure Permanent
07/28/2015,0  9  / 2  6  / 2  0  15,0  7  / 3  1  / 2  0  15,"Kixeye, Inc.",San Francisco,62,Layoff Permanent
07/31/2015,1  0  / 0  2  / 2  0  15,0  7  / 3  1  / 2  0  15,Boston Scientific Corporation,Fremont,284,Closure Permanent
07/31/2015,1  0  / 0  2  / 2  0  15,0  7  / 3  1  / 2  0  15,Boston Scientific Corporation,San Jose,171,Closure Permanent
07/20/2015,0  9  / 3  0  / 2  0  15,0  8  / 0  3  / 2  0  15,Ruan Transportation Corporation,Ripon,78,Closure Permanent
07/27/2015,0  9  / 3  0  / 2  0  15,0  8  / 0  3  / 2  0  15,Armstrong Growers,San Juan,56,Closure Permanent
07/28/2015,0  9  / 2  8  / 2  0  15,0  8  / 0  3  / 2  0  15,CR Briggs Corporation,Trona,5,Layoff Permanent
07/29/2015,0  8  / 0  3  / 2  0  15,0  8  / 0  3  / 2  0  15,Molycorp Minerals LLC,Mountain Pass,474,Layoff Permanent
07/30/2015,0  9  / 3  0  / 2  0  15,0  8  / 0  3  / 2  0  15,Binder & Binder,Orange,70,Closure Permanent
07/31/2015,0  9  / 3  0  / 2  0  15,0  8  / 0  3  / 2  0  15,"Driscoll's Strawberry Associates, Inc.",Salinas,38,Closure Permanent
07/27/2015,1  0  / 2  3  / 2  0  15,0  8  / 0  4  / 2  0  15,Hilton San Francisco Union Square,San Francisco,78,Layoff Permanent
08/03/2015,1  0  / 0  5  / 2  0  15,0  8  / 0  4  / 2  0  15,Owens-Brockway Glass Container Inc.,Oakland,202,Closure Permanent
07/30/2015,0  7  / 3  0  / 2  0  15,0  8  / 0  5  / 2  0  15,Abbott Vascular,Santa Clara,81,Layoff Permanent
07/30/2015,0  7  / 3  0  / 2  0  15,0  8  / 0  5  / 2  0  15,Abbott Vascular,Temecula,163,Layoff Permanent
08/04/2015,0  9  / 1  1  / 2  0  15,0  8  / 0  7  / 2  0  15,"Anna's Linens, Inc.",Costa Mesa,29,Closure Permanent
07/31/2015,1  0  / 0  2  / 2  0  15,0  8  / 1  0  / 2  0  15,Boeing Company,Long Beach,8,Layoff Unknown at this time
08/10/2015,1  0  / 0  9  / 2  0  15,0  8  / 1  0  / 2  0  15,"Safeway, Inc.",Pleasanton,37,Layoff Unknown at this time
08/04/2015,1  0  / 0  5  / 2  0  15,0  8  / 1  1  / 2  0  15,"CGR/Thompson Industries, Inc.",Fullerton,102,Closure Permanent
08/10/2015,1  0  / 1  5  / 2  0  15,0  8  / 1  2  / 2  0  15,"BI NUTRACEUTICALS, INC.",Long Beach,54,Layoff Permanent
08/05/2015,0  9  / 3  0  / 2  0  15,0  8  / 1  3  / 2  0  15,"Lyris, Inc.",Emeryville,72,Layoff Permanent
08/05/2015,0  9  / 3  0  / 2  0  15,0  8  / 1  3  / 2  0  15,"Lyris, Inc.",Santa Clara,7,Layoff Permanent
08/05/2015,1  0  / 0  9  / 2  0  15,0  8  / 1  3  / 2  0  15,Ralphs Grocery Company,Pico Rivera,67,Layoff Permanent
08/12/2015,1  0  / 1  2  / 2  0  15,0  8  / 1  3  / 2  0  15,Chevron,Richmond,70,Layoff Permanent
08/12/2015,1  0  / 1  2  / 2  0  15,0  8  / 1  3  / 2  0  15,Chevron,San Ramon,430,Layoff Permanent
08/12/2015,1  0  / 1  6  / 2  0  15,0  8  / 1  3  / 2  0  15,Quest Diagnostics Incorporated,San Jose,78,Layoff Permanent
08/13/2015,1  0  / 2  3  / 2  0  15,0  8  / 1  3  / 2  0  15,Motorola Mobility LLC,Sunnyvale,213,Layoff Permanent
08/14/2015,1  0  / 1  4  / 2  0  15,0  8  / 1  4  / 2  0  15,"Raytheon Intelligence, Information &",Chula Vista,41,Closure Unknown at this time
08/14/2015,1  0  / 1  3  / 2  0  15,0  8  / 1  7  / 2  0  15,"Haggen, Inc.",Simi Valley,101,Closure Permanent
08/14/2015,1  0  / 1  3  / 2  0  15,0  8  / 1  7  / 2  0  15,"Haggen, Inc.",Tustin,157,Closure Permanent
08/14/2015,1  0  / 1  3  / 2  0  15,0  8  / 1  7  / 2  0  15,"Haggen, Inc. (Store #2154)",Newbury Park,38,Closure Permanent
08/14/2015,1  0  / 1  3  / 2  0  15,0  8  / 1  7  / 2  0  15,"Haggen, Inc. (Store #2213)",Santa Clarita,33,Closure Permanent
08/12/2015,1  0  / 1  6  / 2  0  15,0  8  / 1  8  / 2  0  15,Sky Aerospace Products,Los Angeles,53,Closure Permanent
08/13/2015,1  0  / 1  6  / 2  0  15,0  8  / 1  8  / 2  0  15,Ralphs Grocery Company,Hermosa Beach,74,Layoff Permanent
08/14/2015,1  0  / 1  3  / 2  0  15,0  8  / 1  8  / 2  0  15,"Haggen, Inc.",San Ysidro,231,Closure Permanent
08/14/2015,1  0  / 1  3  / 2  0  15,0  8  / 1  8  / 2  0  15,"Haggen, Inc. (Store #2208)",Bakersfield,36,Closure Permanent
08/14/2015,1  0  / 1  3  / 2  0  15,0  8  / 1  8  / 2  0  15,"Haggen, Inc. (Store #2210)",Los Osos,24,Closure Permanent
08/14/2015,1  0  / 2  5  / 2  0  15,0  8  / 1  8  / 2  0  15,Ralphs Grocery Company,Santa Ana,75,Layoff Permanent
08/14/2015,1  0  / 2  7  / 2  0  15,0  8  / 1  8  / 2  0  15,USS-POSCO Industries,Pittsburg,661,Layoff Temporary
08/06/2015,1  0  / 3  0  / 2  0  15,0  8  / 1  9  / 2  0  15,Zimmer Biomet Dental,Carlsbad,279,Closure Permanent
08/18/2015,1  0  / 1  8  / 2  0  15,0  8  / 1  9  / 2  0  15,"KND Development 53, L.L.C., d/b/a",Hawaiian Gardens,94,Closure Permanent
08/17/2015,1  0  / 1  6  / 2  0  15,0  8  / 2  1  / 2  0  15,"Soitec Solar Industries, LLC",San Diego,100,Closure Permanent
08/20/2015,1  0  / 1  9  / 2  0  15,0  8  / 2  1  / 2  0  15,Safeway,Walnut Creek,63,Closure Permanent
08/20/2015,1  0  / 2  2  / 2  0  15,0  8  / 2  1  / 2  0  15,XOMA (US) LLC,Berkeley,39,Layoff Permanent
08/21/2015,1  0  / 2  3  / 2  0  15,0  8  / 2  1  / 2  0  15,"Western Digital Technologies, Inc.",Irvine,81,Layoff Permanent
08/21/2015,1  0  / 2  3  / 2  0  15,0  8  / 2  1  / 2  0  15,"Western Digital Technologies, Inc.",Mountain View,56,Layoff Permanent
08/20/2015,1  0  / 2  5  / 2  0  15,0  8  / 2  4  / 2  0  15,Silgan Containers,Riverbank,180,Layoff Temporary
08/21/2015,1  0  / 2  3  / 2  0  15,0  8  / 2  5  / 2  0  15,Boeing Company,El Segundo,39,Layoff Unknown at this time
08/21/2015,1  0  / 2  3  / 2  0  15,0  8  / 2  5  / 2  0  15,Boeing Company,Huntington Beach,26,Layoff Unknown at this time
08/21/2015,1  0  / 2  3  / 2  0  15,0  8  / 2  5  / 2  0  15,Boeing Company,Long Beach,113,Layoff Unknown at this time
08/24/2015,1  0  / 3  1  / 2  0  15,0  8  / 2  5  / 2  0  15,"Mesa Beverage Co., Inc.",Santa Rosa,137,Layoff Permanent
08/25/2015,1  0  / 2  4  / 2  0  15,0  8  / 2  6  / 2  0  15,"Patina Group NewCo, LLC.",Los Angeles,317,Layoff Unknown at this time
08/27/2015,0  8  / 3  1  / 2  0  15,0  8  / 2  7  / 2  0  15,"VT West, Inc.",La Mirada,68,Layoff Permanent
08/25/2015,1  0  / 2  6  / 2  0  15,0  8  / 2  8  / 2  0  15,Intuit Inc.,Menlo Park,8,Layoff Permanent
08/25/2015,1  0  / 2  6  / 2  0  15,0  8  / 2  8  / 2  0  15,Intuit Inc.,Mountain View,45,Layoff Permanent
08/25/2015,1  0  / 2  6  / 2  0  15,0  8  / 2  8  / 2  0  15,Intuit Inc.,San Diego,9,Layoff Permanent
08/25/2015,1  0  / 2  6  / 2  0  15,0  8  / 2  8  / 2  0  15,Intuit Inc.,San Francisco,2,Layoff Permanent
08/25/2015,1  0  / 2  6  / 2  0  15,0  8  / 2  8  / 2  0  15,Intuit Inc.,Woodland Hills,46,Layoff Permanent
08/27/2015,1  0  / 3  0  / 2  0  15,0  8  / 2  8  / 2  0  15,Sheraton Operating Corporation,Palm Desert,124,Layoff Permanent
08/25/2015,1  1  / 0  7  / 2  0  15,0  8  / 3  1  / 2  0  15,San Jose Airport Garden Hotel,San Jose,123,Closure Permanent
08/31/2015,1  0  / 3  0  / 2  0  15,0  8  / 3  1  / 2  0  15,Safeway Inc.,Pleasanton,5,Layoff Unknown at this time
08/28/2015,1  0  / 3  0  / 2  0  15,0  9  / 0  1  / 2  0  15,Boeing Company,El Segundo,106,Layoff Unknown at this time
08/28/2015,1  0  / 3  0  / 2  0  15,0  9  / 0  1  / 2  0  15,Boeing Company,Huntington Beach,6,Layoff Unknown at this time
08/28/2015,1  0  / 3  0  / 2  0  15,0  9  / 0  1  / 2  0  15,Boeing Company,Long Beach,2,Layoff Unknown at this time
08/28/2015,1  1  / 0  1  / 2  0  15,0  9  / 0  1  / 2  0  15,"Kor Hotel Management, LLC dba Viceroy",San Francisco,47,Closure Temporary
09/01/2015,1  1  / 0  2  / 2  0  15,0  9  / 0  2  / 2  0  15,"M.E. Fox & Company, Inc.",San Jose,127,Layoff Permanent
09/01/2015,1  1  / 0  3  / 2  0  15,0  9  / 0  3  / 2  0  15,Sheraton Operating Corporation,Dana Point,610,Closure Temporary
08/24/2015,1  0  / 2  3  / 2  0  15,0  9  / 0  4  / 2  0  15,"Park 'N Fly San Diego and Park 'N Fly,",San Diego,71,Layoff Permanent
09/02/2015,1  1  / 0  6  / 2  0  15,0  9  / 0  4  / 2  0  15,"Acclarent, Inc.",Menlo Park,114,Layoff Unknown at this time
09/03/2015,1  0  / 3  0  / 2  0  15,0  9  / 0  4  / 2  0  15,FAMIMA Corporation,Los Angeles,73,Layoff Unknown at this time
09/03/2015,1  0  / 3  0  / 2  0  15,0  9  / 0  4  / 2  0  15,FAMIMA Corporation,Santa Monica,12,Layoff Unknown at this time
09/03/2015,1  0  / 3  0  / 2  0  15,0  9  / 0  4  / 2  0  15,FAMIMA Corporation,Torrance,9,Layoff Unknown at this time
09/03/2015,1  1  / 0  2  / 2  0  15,0  9  / 0  4  / 2  0  15,MiaSole Hi-Tech Corp.,Santa Clara,79,Layoff Permanent
08/28/2015,0  8  / 2  5  / 2  0  15,0  9  / 0  8  / 2  0  15,BAE SYSTEMS,San Francisco,134,Layoff Temporary
09/02/2015,1  1  / 0  6  / 2  0  15,0  9  / 1  0  / 2  0  15,Mentor Worldwide LLC,Santa Barbara,81,Layoff Unknown at this time
09/10/2015,1  1  / 0  9  / 2  0  15,0  9  / 1  0  / 2  0  15,"Collecto, Inc. dba EOS CCA",Novato,45,Closure Permanent
09/10/2015,1  1  / 1  0  / 2  0  15,0  9  / 1  0  / 2  0  15,"Western Digital Technologies, Inc.",Irvine,143,Layoff Permanent
09/01/2015,1  1  / 0  1  / 2  0  15,0  9  / 1  1  / 2  0  15,Zenith Education Group,Santa Ana,18,Layoff Permanent
09/04/2015,0  9  / 0  4  / 2  0  15,0  9  / 1  1  / 2  0  15,"Quiksilver, Inc.",Huntington Beach,77,Layoff Permanent
09/04/2015,1  1  / 0  6  / 2  0  15,0  9  / 1  4  / 2  0  15,Boeing Company,Long Beach,2,Layoff Unknown at this time
09/10/2015,1  1  / 0  9  / 2  0  15,0  9  / 1  4  / 2  0  15,Seagate US LLC,Cupertino,62,Layoff Permanent
09/11/2015,0  9  / 1  4  / 2  0  15,0  9  / 1  4  / 2  0  15,"Cisco Systems, Inc.",San Jose,20,Layoff Permanent
09/11/2015,0  9  / 2  9  / 2  0  15,0  9  / 1  4  / 2  0  15,AT&T,San Ramon,219,Layoff Permanent
09/15/2015,0  7  / 2  0  / 2  0  15,0  9  / 1  6  / 2  0  15,"GREE International, Inc.",San Francisco,114,Layoff Unknown at this time
09/15/2015,1  1  / 1  4  / 2  0  15,0  9  / 1  6  / 2  0  15,Brake Parts Inc.,Chowchilla,107,Layoff Permanent
09/16/2015,0  9  / 1  7  / 2  0  15,0  9  / 1  6  / 2  0  15,"Halliburton Energy Services, Inc.",Bakersfield,52,Layoff Permanent
09/15/2015,0  9  / 3  0  / 2  0  15,0  9  / 1  7  / 2  0  15,CareFusion,San Diego,95,Layoff Permanent
09/17/2015,1  1  / 2  0  / 2  0  15,0  9  / 1  7  / 2  0  15,Qualcomm Incorporated,San Jose,60,Layoff Permanent
09/17/2015,1  1  / 2  0  / 2  0  15,0  9  / 1  7  / 2  0  15,Qualcomm Incorporated,Santa Clara,70,Layoff Permanent
09/14/2015,1  1  / 2  0  / 2  0  15,0  9  / 1  8  / 2  0  15,AbilityFirst,Woodland Hills,105,Closure Permanent
09/17/2015,1  1  / 2  0  / 2  0  15,0  9  / 1  8  / 2  0  15,Qualcomm Incorporated,San Diego,1314,Layoff Permanent
09/11/2015,1  1  / 1  3  / 2  0  15,0  9  / 2  1  / 2  0  15,Boeing Company,El Segundo,3,Layoff Temporary
09/16/2015,1  1  / 1  6  / 2  0  15,0  9  / 2  2  / 2  0  15,Intuit Inc.,Woodland Hills,12,Layoff Permanent
09/16/2015,1  1  / 2  0  / 2  0  15,0  9  / 2  2  / 2  0  15,Ralphs Grocery Company,Glendora,73,Layoff Permanent
09/17/2015,1  1  / 1  6  / 2  0  15,0  9  / 2  2  / 2  0  15,MCC BB Property LLC,Santa Barbara,23,Layoff Permanent
09/21/2015,1  1  / 2  2  / 2  0  15,0  9  / 2  2  / 2  0  15,TGI Friday's,Valencia,62,Closure Permanent
09/24/2015,0  1  / 0  6  / 2  0  16,0  9  / 2  4  / 2  0  15,Medtronic Distribution,Mira Loma,21,Layoff Permanent
09/24/2015,1  1  / 2  3  / 2  0  15,0  9  / 2  4  / 2  0  15,"Bridgepoint Education, Inc.",San Diego,19,Layoff Permanent
09/18/2015,1  1  / 2  0  / 2  0  15,0  9  / 2  8  / 2  0  15,Boeing Company,El Segundo,54,Layoff Permanent
09/18/2015,1  1  / 2  0  / 2  0  15,0  9  / 2  8  / 2  0  15,Boeing Company,Huntington Beach,23,Layoff Permanent
09/18/2015,1  1  / 2  0  / 2  0  15,0  9  / 2  8  / 2  0  15,Boeing Company,Long Beach,37,Layoff Permanent
09/21/2015,1  1  / 2  0  / 2  0  15,0  9  / 2  8  / 2  0  15,Safeway Inc.,Pleasanton,15,Layoff Unknown at this time
09/24/2015,1  1  / 2  7  / 2  0  15,0  9  / 2  8  / 2  0  15,"Brice Manufacturing Company, Inc.",Pacoima,9,Layoff Permanent
09/28/2015,1  1  / 2  7  / 2  0  15,0  9  / 2  8  / 2  0  15,"Safeway, Inc.",Pleasanton,4,Layoff Unknown at this time
09/24/2015,0  9  / 2  4  / 2  0  15,0  9  / 2  9  / 2  0  15,"Space Systems/Loral, LLC",Palo Alto,90,Layoff Permanent
09/25/2015,1  1  / 2  3  / 2  0  15,0  9  / 2  9  / 2  0  15,Flagship Food Group,Chatsworth,123,Closure Permanent
09/30/2015,0  5  / 0  1  / 2  0  16,0  9  / 3  0  / 2  0  15,Packaging Advantage Corporation DBA,Los Angeles,192,Closure Permanent
09/30/2015,1  1  / 3  0  / 2  0  15,0  9  / 3  0  / 2  0  15,"San Diego Sports, LLC",San Diego,123,Closure Permanent
09/30/2015,1  1  / 3  0  / 2  0  15,0  9  / 3  0  / 2  0  15,United Technologies Corporation,San Diego,7,Closure Permanent
09/28/2015,1  1  / 2  7  / 2  0  15,1  0  / 0  1  / 2  0  15,"MobiTV, Inc.",Emeryville,54,Layoff Permanent
09/30/2015,1  1  / 3  0  / 2  0  15,1  0  / 0  1  / 2  0  15,"SunEdison, Inc.",Belmont,51,Layoff Permanent
09/30/2015,1  1  / 3  0  / 2  0  16,1  0  / 0  1  / 2  0  15,"SunEdison, Inc.",San Francisco,11,Layoff Permanent
09/30/2015,1  2  / 0  4  / 2  0  15,1  0  / 0  1  / 2  0  15,Fireman's Fund Insurance Company,Novato,73,Layoff Permanent
09/24/2015,1  2  / 0  1  / 2  0  15,1  0  / 0  2  / 2  0  15,Menzies Aviation,Los Angeles,51,Layoff Permanent
10/01/2015,0  1  / 1  6  / 2  0  16,1  0  / 0  2  / 2  0  15,"Kohl's Department Stores, Inc.",Santa Clara,119,Closure Permanent
10/02/2015,1  0  / 0  2  / 2  0  15,1  0  / 0  2  / 2  0  15,"Aerotek, Inc.",Oxnard,58,Layoff Unknown at this time
09/29/2015,1  1  / 3  0  / 2  0  15,1  0  / 0  5  / 2  0  15,"Kythera Biopharmaceuticals, Inc.",Westlake Village,117,Layoff Permanent
10/02/2015,1  1  / 0  5  / 2  0  15,1  0  / 0  5  / 2  0  15,"GMRI, Inc.",Los Angeles,83,Closure Permanent
10/02/2015,1  2  / 0  4  / 2  0  15,1  0  / 0  5  / 2  0  15,Svenhard's Swedish Bakery,Oakland,162,Closure Permanent
10/05/2015,1  2  / 0  5  / 2  0  15,1  0  / 0  6  / 2  0  15,Marine Terminal Corporation,Los Angeles,136,Closure Permanent
10/05/2015,1  2  / 0  5  / 2  0  15,1  0  / 0  6  / 2  0  15,Marine Terminal Corporation,Oakland,39,Closure Permanent
10/06/2015,1  2  / 0  7  / 2  0  15,1  0  / 0  8  / 2  0  15,MullinTBG,El Segundo,50,Layoff Permanent
10/06/2015,1  2  / 0  7  / 2  0  15,1  0  / 0  8  / 2  0  15,MullinTBG,Irvine,3,Layoff Permanent
10/08/2015,0  9  / 2  5  / 2  0  15,1  0  / 0  8  / 2  0  15,"Onyx Pharmaceuticals, Inc",South San,377,Closure Permanent
10/06/2015,1  2  / 0  5  / 2  0  15,1  0  / 0  9  / 2  0  15,"Ports America Shared Services, Inc.",Oakland,4,Layoff Permanent
10/06/2015,1  2  / 0  5  / 2  0  15,1  0  / 0  9  / 2  0  15,"Ports America Shared Services, Inc.",Terminal Island,7,Layoff Permanent
10/07/2015,1  1  / 2  4  / 2  0  15,1  0  / 0  9  / 2  0  15,Triple B Corporation,Irwindale,124,Closure Permanent
10/06/2015,1  2  / 0  6  / 2  0  15,1  0  / 1  2  / 2  0  15,"Apro Distribution, LLC",Gardena,61,Layoff Permanent
10/07/2015,1  2  / 0  7  / 2  0  15,1  0  / 1  2  / 2  0  15,Southern California Edison Company,Irwindale,32,Layoff Permanent
10/08/2015,1  2  / 2  8  / 2  0  15,1  0  / 1  2  / 2  0  15,Barclays Capital Inc.,Los Angeles,15,Layoff Permanent
10/08/2015,1  2  / 2  8  / 2  0  15,1  0  / 1  2  / 2  0  15,Barclays Capital Inc.,San Francisco,20,Layoff Permanent
10/01/2015,1  2  / 0  7  / 2  0  15,1  0  / 1  3  / 2  0  15,General Dynamics Advanced Information,Thousand Oaks,55,Closure Permanent
10/13/2015,1  2  / 1  8  / 2  0  15,1  0  / 1  3  / 2  0  15,"WD Media, LLC",San Jose,2,Layoff Permanent
10/13/2015,1  2  / 1  8  / 2  0  15,1  0  / 1  3  / 2  0  15,"Western Digital, LLC",Fremont,109,Layoff Permanent
09/29/2015,1  0  / 1  4  / 2  0  15,1  0  / 1  4  / 2  0  15,"TTM Technologies, Inc.",Milpitas,175,Closure Unknown at this time
10/01/2015,1  2  / 0  1  / 2  0  15,1  0  / 1  4  / 2  0  15,Zenith Education Group,Santa Ana,48,Layoff Permanent
10/12/2015,1  2  / 1  1  / 2  0  15,1  0  / 1  4  / 2  0  15,"Rockwell Collins, Inc.",Poway,29,Layoff Permanent
10/12/2015,1  2  / 1  3  / 2  0  15,1  0  / 1  4  / 2  0  15,"Twitter, Inc.",San Francisco,240,Layoff Permanent
10/14/2015,1  2  / 1  9  / 2  0  15,1  0  / 1  4  / 2  0  15,GENCO,Eastvale,68,Layoff Permanent
10/01/2015,1  1  / 3  0  / 2  0  15,1  0  / 1  5  / 2  0  15,Boeing Company,Long Beach,1,Layoff Unknown at this time
10/09/2015,1  2  / 1  1  / 2  0  15,1  0  / 1  5  / 2  0  15,Boeing Company,El Segundo,109,Layoff Unknown at this time
10/09/2015,1  2  / 1  1  / 2  0  15,1  0  / 1  5  / 2  0  15,Boeing Company,Huntington Beach,76,Layoff Unknown at this time
10/09/2015,1  2  / 1  1  / 2  0  15,1  0  / 1  5  / 2  0  15,Boeing Company,Long Beach,36,Layoff Unknown at this time
10/15/2015,1  2  / 1  5  / 2  0  15,1  0  / 1  6  / 2  0  15,Danmer Custom Shutters,Van Nuys,70,Layoff Permanent
10/16/2015,1  2  / 1  5  / 2  0  15,1  0  / 1  6  / 2  0  15,"Marvell Semiconductor, Inc.",Aliso Viejo,9,Layoff Permanent
10/16/2015,1  2  / 1  5  / 2  0  15,1  0  / 1  6  / 2  0  15,"Marvell Semiconductor, Inc.",Santa Clara,12,Layoff Permanent
10/16/2015,1  2  / 1  8  / 2  0  15,1  0  / 1  6  / 2  0  15,"Bridgepoint Education, Inc.",San Diego,4,Layoff Permanent
10/15/2015,1  0  / 0  2  / 2  0  15,1  0  / 1  9  / 2  0  15,Hewlett-Packard Company,Palo Alto,65,Layoff Permanent
10/15/2015,1  2  / 2  2  / 2  0  15,1  0  / 1  9  / 2  0  15,"PCM, Inc.",Laguna Woods,968,Layoff Permanent
09/29/2015,1  2  / 3  1  / 2  0  15,1  0  / 2  0  / 2  0  15,"DD Traders, Inc.",San Francisco,18,Layoff Permanent
10/19/2015,1  2  / 2  0  / 2  0  15,1  0  / 2  0  / 2  0  15,Tra Vigne,Saint Helena,136,Closure Permanent
10/20/2015,0  1  / 0  1  / 2  0  16,1  0  / 2  1  / 2  0  15,City Winery Napa,Napa,37,Closure Permanent
10/20/2015,1  2  / 2  1  / 2  0  15,1  0  / 2  1  / 2  0  15,XOMA (US) LLC,Berkeley,13,Layoff Permanent
10/21/2015,1  2  / 2  0  / 2  0  15,1  0  / 2  1  / 2  0  15,Microsoft Corporation,San Diego,4,Closure Unknown at this time
10/15/2015,1  2  / 1  5  / 2  0  15,1  0  / 2  2  / 2  0  15,Hersha Hospitality Management LP,Los Angeles,71,Closure Temporary
10/20/2015,1  0  / 2  3  / 2  0  15,1  0  / 2  2  / 2  0  15,"Halliburton Energy Services, Inc.",Bakersfield,6,Layoff Permanent
10/21/2015,1  0  / 2  3  / 2  0  15,1  0  / 2  2  / 2  0  15,"Fresh & Easy, LLC",Riverside,806,Closure Permanent
10/21/2015,1  0  / 2  3  / 2  0  15,1  0  / 2  2  / 2  0  15,"Fresh & Easy, LLC",Torrance,106,Closure Permanent
10/21/2015,1  2  / 2  0  / 2  0  15,1  0  / 2  2  / 2  0  15,Wells Fargo,Santa Ana,65,Closure Unknown at this time
10/22/2015,1  2  / 2  1  / 2  0  15,1  0  / 2  2  / 2  0  15,"Bridgepoint Education, Inc.",San Diego,4,Layoff Permanent
10/23/2015,1  2  / 2  6  / 2  0  15,1  0  / 2  6  / 2  0  15,The Declan Suites,San Diego,35,Layoff Unknown at this time
10/21/2015,1  0  / 2  1  / 2  0  15,1  0  / 2  7  / 2  0  15,"Aqua Lung America, Inc.",Calexico,29,Closure Permanent
10/21/2015,1  2  / 2  2  / 2  0  15,1  0  / 2  7  / 2  0  15,Napa Valley Grille,Los Angeles,86,Closure Temporary
10/27/2015,1  2  / 2  8  / 2  0  15,1  0  / 2  7  / 2  0  15,ISOLA USA Corp.,Elk Grove,72,Closure Permanent
10/27/2015,1  2  / 3  1  / 2  0  15,1  0  / 2  7  / 2  0  15,"Arena Pharmaceuticals, Inc.",San Diego,79,Layoff Permanent
06/26/2015,0  9  / 1  2  / 2  0  15,1  0  / 2  8  / 2  0  15,Raley's,Sacramento,60,Closure Permanent
10/22/2015,1  0  / 2  2  / 2  0  15,1  0  / 2  8  / 2  0  15,"Haas Automation, Inc.",Oxnard,6,Layoff Permanent
10/22/2015,1  2  / 2  7  / 2  0  15,1  0  / 2  8  / 2  0  15,Raley's,Stockton,54,Closure Permanent
10/27/2015,0  1  / 0  4  / 2  0  16,1  0  / 2  8  / 2  0  15,CoreLogic,Redwood City,21,Closure Permanent
10/27/2015,1  2  / 2  8  / 2  0  15,1  0  / 2  8  / 2  0  15,"Brice Manufacturing Company, Inc.",Pacoima,33,Layoff Permanent
10/29/2015,0  3  / 3  1  / 2  0  16,1  0  / 2  9  / 2  0  15,Vishay Siliconix,Santa Clara,292,Layoff Permanent
10/23/2015,1  0  / 2  6  / 2  0  15,1  0  / 3  0  / 2  0  15,LG NanoH2O,El Segundo,83,Layoff Permanent
10/26/2015,1  0  / 2  0  / 2  0  15,1  0  / 3  0  / 2  0  15,BAE SYSTEMS,San Francisco,2,Layoff Unknown at this time
10/26/2015,1  0  / 2  0  / 2  0  15,1  0  / 3  0  / 2  0  15,BAE SYSTEMS,San Francisco,163,Layoff Temporary
10/29/2015,1  2  / 3  1  / 2  0  15,1  0  / 3  0  / 2  0  15,Boston Scientific Corporation,San Jose,75,Layoff Permanent
10/30/2015,1  2  / 3  1  / 2  0  15,1  0  / 3  0  / 2  0  15,"Safeway, Inc.",Pleasanton,23,Layoff Unknown at this time
10/30/2015,1  2  / 3  1  / 2  0  15,1  1  / 0  2  / 2  0  15,Verizon,Irvine,171,Layoff Permanent
11/01/2015,1  2  / 3  1  / 2  0  15,1  1  / 0  2  / 2  0  15,CEVA Logistics,Stockton,56,Layoff Permanent
11/02/2015,0  1  / 0  3  / 2  0  16,1  1  / 0  2  / 2  0  15,Greystone Manor,Los Angeles,61,Closure Temporary
10/30/2015,0  1  / 0  3  / 2  0  16,1  1  / 0  4  / 2  0  15,Grill Concepts,Studio City,49,Closure Temporary
10/30/2015,1  1  / 0  3  / 2  0  15,1  1  / 0  4  / 2  0  15,"Cisco Systems, Inc.",San Jose,126,Layoff Permanent
10/29/2015,0  1  / 0  3  / 2  0  16,1  1  / 0  5  / 2  0  15,"Scott's Restaurants, LLC",Costa Mesa,106,Closure Permanent
10/30/2015,0  1  / 0  1  / 2  0  16,1  1  / 0  5  / 2  0  15,Boeing Company,El Segundo,17,Layoff Unknown at this time
10/30/2015,0  1  / 0  1  / 2  0  16,1  1  / 0  5  / 2  0  15,Boeing Company,Huntington Beach,35,Layoff Unknown at this time
10/30/2015,0  1  / 0  1  / 2  0  16,1  1  / 0  5  / 2  0  15,Boeing Company,Long Beach,13,Layoff Unknown at this time
11/04/2015,0  1  / 0  7  / 2  0  16,1  1  / 0  5  / 2  0  15,"JC Entertainment Lighting Services, Inc.",Sun Valley,169,Layoff Permanent
11/06/2015,0  1  / 0  6  / 2  0  16,1  1  / 0  6  / 2  0  15,Microsemi,Garden Grove,57,Layoff Permanent
10/30/2015,1  2  / 3  1  / 2  0  15,1  1  / 0  9  / 2  0  15,Boeing Company,Long Beach,1,Layoff Unknown at this time
11/04/2015,1  1  / 2  4  / 2  0  15,1  1  / 0  9  / 2  0  15,Penske Logistics,South Gate,6,Closure Permanent
11/04/2015,1  1  / 2  4  / 2  0  15,1  1  / 0  9  / 2  0  15,Penske Logistics,South Gate,54,Layoff Permanent
11/05/2015,1  2  / 1  0  / 2  0  15,1  1  / 0  9  / 2  0  15,"Golden State Drilling, Inc.",Bakersfield,104,Layoff Permanent
11/07/2015,1  1  / 0  1  / 2  0  15,1  1  / 0  9  / 2  0  15,"GMRI, Inc. d/b/a Yard House",San Diego,110,Closure Permanent
11/09/2015,0  1  / 0  8  / 2  0  16,1  1  / 1  0  / 2  0  15,Hyundai Capital America,Irvine,41,Layoff Permanent
11/10/2015,0  1  / 1  1  / 2  0  16,1  1  / 1  2  / 2  0  15,SWAY Management LLC,Oakland,102,Layoff Permanent
11/12/2015,0  1  / 0  6  / 2  0  16,1  1  / 1  2  / 2  0  15,"Forever 21 Retail, Inc.",San Luis Obispo,72,Closure Permanent
11/09/2015,0  1  / 0  5  / 2  0  16,1  1  / 1  6  / 2  0  15,AT&T,Commerce,99,Layoff Permanent
11/11/2015,0  1  / 1  8  / 2  0  15,1  1  / 1  7  / 2  0  15,Exel Inc.,Ontario,92,Closure Permanent
11/16/2015,0  1  / 1  6  / 2  0  16,1  1  / 1  7  / 2  0  15,Macy's Century City Store,Los Angeles,117,Closure Permanent
11/18/2015,0  1  / 1  7  / 2  0  16,1  1  / 1  8  / 2  0  15,Wells Fargo,San Bernardino,122,Closure Unknown at this time
11/19/2015,0  9  / 3  0  / 2  0  16,1  1  / 1  9  / 2  0  15,Plexus Corp.,Fremont,204,Closure Permanent
11/13/2015,0  1  / 1  8  / 2  0  16,1  1  / 2  0  / 2  0  15,AT&T,Oakland,92,Layoff Permanent
11/12/2015,0  1  / 1  5  / 2  0  16,1  1  / 2  3  / 2  0  15,Kim Lighting,City of Industry,160,Closure Unknown at this time
11/18/2015,1  2  / 3  1  / 2  0  15,1  1  / 2  3  / 2  0  15,"Rdio, Inc.",San Francisco,123,Closure Permanent
11/20/2015,0  1  / 2  0  / 2  0  16,1  1  / 2  3  / 2  0  15,"Construction Specialty Service, Inc. dba",Bakersfield,61,Layoff Unknown at this time
11/20/2015,0  1  / 2  2  / 2  0  16,1  1  / 2  3  / 2  0  15,"Complete Genomics, Inc.",Mountain View,158,Layoff Unknown at this time
11/20/2015,0  1  / 2  2  / 2  0  16,1  1  / 2  3  / 2  0  15,"Complete Genomics, Inc.",San Francisco,6,Layoff Unknown at this time
11/20/2015,0  1  / 2  2  / 2  0  16,1  1  / 2  3  / 2  0  15,"Complete Genomics, Inc.",San Jose,15,Layoff Unknown at this time
11/23/2015,0  1  / 2  2  / 2  0  16,1  1  / 2  3  / 2  0  15,Safeway Inc.,Pleasanton,7,Layoff Unknown at this time
11/20/2015,0  1  / 2  2  / 2  0  16,1  1  / 2  5  / 2  0  15,Boeing Company,El Segundo,28,Layoff Unknown at this time
11/20/2015,0  1  / 2  2  / 2  0  16,1  1  / 2  5  / 2  0  15,Boeing Company,Huntington Beach,28,Layoff Unknown at this time
11/20/2015,0  1  / 2  2  / 2  0  16,1  1  / 2  5  / 2  0  15,Boeing Company,Long Beach,10,Layoff Unknown at this time
11/24/2015,0  1  / 3  1  / 2  0  16,1  1  / 3  0  / 2  0  15,Runaway Two Five Corporation,Los Angeles,73,Closure Temporary
11/30/2015,0  2  / 0  1  / 2  0  16,1  1  / 3  0  / 2  0  15,"Ceradyne, Inc.",Costa Mesa,65,Closure Permanent
11/30/2015,0  2  / 2  9  / 2  0  16,1  1  / 3  0  / 2  0  15,Bay Valley Foods,City of Industry,62,Closure Permanent
11/30/2015,0  2  / 2  9  / 2  0  16,1  1  / 3  0  / 2  0  15,YP Advertising & Publishing LLC,Pleasanton,68,Layoff Permanent
11/25/2015,1  2  / 0  7  / 2  0  15,1  2  / 0  1  / 2  0  15,"Brinderson, L.P.",Coalinga,84,Closure Permanent
11/25/2015,1  2  / 0  7  / 2  0  15,1  2  / 0  1  / 2  0  15,"Brinderson, L.P.",Lost Hills,56,Closure Permanent
11/25/2015,1  2  / 0  7  / 2  0  15,1  2  / 0  1  / 2  0  15,"Brinderson, L.P.",San Ardo,101,Closure Permanent
11/25/2015,1  2  / 0  7  / 2  0  15,1  2  / 0  1  / 2  0  15,"Brinderson, L.P.",Tupman,88,Closure Permanent
11/30/2015,1  2  / 0  4  / 2  0  15,1  2  / 0  2  / 2  0  15,Symantec Corporation,Mountain View,44,Layoff Permanent
12/02/2015,0  1  / 3  1  / 2  0  16,1  2  / 0  2  / 2  0  15,United Technologies Corporation,San Diego,31,Closure Permanent
12/02/2015,0  2  / 0  1  / 2  0  16,1  2  / 0  2  / 2  0  15,CommScope,San Jose,90,Closure Permanent
11/25/2015,0  1  / 2  4  / 2  0  16,1  2  / 0  4  / 2  0  15,"P.F. Chang's China Bistro, Inc.",Los Angeles,86,Closure Permanent
12/03/2015,0  2  / 0  5  / 2  0  16,1  2  / 0  4  / 2  0  15,"Schneider National Carriers, Inc.",Fontana,65,Closure Permanent
12/03/2015,0  2  / 0  5  / 2  0  16,1  2  / 0  4  / 2  0  15,"Schneider National Carriers, Inc.",South El Monte,10,Layoff Unknown at this time
12/04/2015,0  2  / 0  2  / 2  0  16,1  2  / 0  4  / 2  0  15,Volcano Corporation,Rancho Cordova,60,Layoff Permanent
11/30/2015,1  1  / 3  0  / 2  0  15,1  2  / 0  7  / 2  0  15,"Santa Fe Distributing, LLC",Elk Grove,21,Closure Permanent
11/30/2015,1  1  / 3  0  / 2  0  15,1  2  / 0  7  / 2  0  15,"Santa Fe Distributing, LLC",Hayward,21,Closure Permanent
11/30/2015,1  1  / 3  0  / 2  0  15,1  2  / 0  7  / 2  0  15,"Santa Fe Distributing, LLC",Walnut,21,Closure Permanent
12/01/2015,0  2  / 0  1  / 2  0  16,1  2  / 0  7  / 2  0  15,Cedars-Sinai Medical Center,Los Angeles,57,Layoff Permanent
12/02/2015,0  2  / 0  1  / 2  0  16,1  2  / 0  7  / 2  0  15,ITT Corporation,Perris,18,Closure Permanent
12/02/2015,0  2  / 0  2  / 2  0  16,1  2  / 0  7  / 2  0  15,"C&J Well Services, Inc.",Bakersfield,161,Layoff Permanent
12/03/2015,0  2  / 0  3  / 2  0  16,1  2  / 0  7  / 2  0  15,"KVS Transportation, Inc.",Bakersfield,111,Layoff Permanent
12/04/2015,0  2  / 0  5  / 2  0  16,1  2  / 0  7  / 2  0  15,"The Wet Seal, LLC",Foothill Ranch,20,Layoff Permanent
12/07/2015,0  2  / 0  8  / 2  0  16,1  2  / 0  7  / 2  0  15,"Marvell Semiconductor, Inc.",Santa Clara,13,Layoff Permanent
12/07/2015,0  2  / 1  3  / 2  0  16,1  2  / 0  7  / 2  0  15,Sony Mobile Communications (USA) Inc.,San Mateo,80,Layoff Permanent
12/04/2015,0  2  / 0  9  / 2  0  16,1  2  / 0  9  / 2  0  15,El Dorado Hotel and Kitchen,Sonoma,113,Closure Temporary
12/08/2015,0  2  / 0  8  / 2  0  16,1  2  / 0  9  / 2  0  15,"SunEdison, Inc.",Belmont,6,Layoff Permanent
12/08/2015,0  2  / 0  8  / 2  0  16,1  2  / 0  9  / 2  0  15,"SunEdison, Inc.",San Mateo,14,Layoff Permanent
11/12/2015,0  1  / 0  9  / 2  0  16,1  2  / 1  0  / 2  0  15,abercrombie kids,Milpitas,41,Closure Permanent
11/17/2015,0  1  / 1  8  / 2  0  16,1  2  / 1  0  / 2  0  15,"Citrix Systems, Inc.",Santa Clara,54,Layoff Permanent
12/07/2015,1  2  / 0  7  / 2  0  15,1  2  / 1  0  / 2  0  15,"Anemostat, Inc.",Carson,89,Layoff Permanent
12/10/2015,0  2  / 0  5  / 2  0  16,1  2  / 1  0  / 2  0  15,Alta Resources,Brea,121,Layoff Permanent
12/10/2015,0  2  / 0  8  / 2  0  16,1  2  / 1  0  / 2  0  15,"Bridgepoint Education, Inc.",San Diego,6,Layoff Permanent
12/11/2015,0  1  / 1  1  / 2  0  16,1  2  / 1  1  / 2  0  15,PPG Industries,Fresno,45,Closure Temporary
12/11/2015,0  4  / 0  1  / 2  0  16,1  2  / 1  1  / 2  0  15,"Suchman, LLC",Camarillo,16,Closure Permanent
12/11/2015,0  4  / 0  1  / 2  0  16,1  2  / 1  1  / 2  0  15,"Suchman, LLC",Folsom,20,Closure Permanent
12/11/2015,0  4  / 0  1  / 2  0  16,1  2  / 1  1  / 2  0  15,"Suchman, LLC",Fresno,22,Layoff Permanent
12/11/2015,0  4  / 0  1  / 2  0  16,1  2  / 1  1  / 2  0  15,"Suchman, LLC",Gilroy,25,Closure Permanent
12/11/2015,0  4  / 0  1  / 2  0  16,1  2  / 1  1  / 2  0  15,"Suchman, LLC",Milpitas,18,Closure Permanent
12/11/2015,0  4  / 0  1  / 2  0  16,1  2  / 1  1  / 2  0  15,"Suchman, LLC",Modesto,21,Closure Permanent
12/11/2015,0  4  / 0  1  / 2  0  16,1  2  / 1  1  / 2  0  15,"Suchman, LLC",Ontario,32,Closure Permanent
12/11/2015,0  4  / 0  1  / 2  0  16,1  2  / 1  1  / 2  0  15,"Suchman, LLC",Tulare,29,Closure Permanent
12/11/2015,0  4  / 0  1  / 2  0  16,1  2  / 1  1  / 2  0  15,"Suchman, LLC",Vacaville,21,Closure Permanent
12/03/2015,0  2  / 1  9  / 2  0  16,1  2  / 1  4  / 2  0  15,Morrison Healthcare,Chico,87,Closure Permanent
12/08/2015,0  2  / 0  6  / 2  0  16,1  2  / 1  4  / 2  0  15,"RSM Automotive, LLC, dba Santa",Rancho Santa,77,Layoff Permanent
12/10/2015,0  2  / 0  8  / 2  0  16,1  2  / 1  4  / 2  0  15,MCC BB Property,Santa Barbara,44,Layoff Permanent
12/14/2015,0  2  / 1  2  / 2  0  16,1  2  / 1  4  / 2  0  15,"Safeway, Inc.",Pleasanton,33,Layoff Unknown at this time
12/08/2015,1  2  / 1  5  / 2  0  15,1  2  / 1  5  / 2  0  15,"Halliburton Energy Services, Inc.",Bakersfield,16,Layoff Permanent
12/09/2015,0  2  / 1  2  / 2  0  16,1  2  / 1  5  / 2  0  15,"Hudsloan Enterprises, Inc.",Los Angeles,265,Closure Permanent
12/11/2015,0  2  / 1  0  / 2  0  16,1  2  / 1  6  / 2  0  15,"Oakley, Inc.",Foothill Ranch,76,Layoff Unknown at this time
12/15/2015,0  2  / 1  4  / 2  0  16,1  2  / 1  6  / 2  0  15,"Le Cordon Bleu North America, LLC",Pasadena,126,Closure Permanent
12/11/2015,0  2  / 1  5  / 2  0  16,1  2  / 1  7  / 2  0  15,Parker Hannifin Corporation,Fontana,69,Closure Unknown at this time
12/16/2015,1  2  / 1  4  / 2  0  15,1  2  / 1  8  / 2  0  15,BAE SYSTEMS,San Francisco,2,Layoff Temporary
12/16/2015,1  2  / 1  4  / 2  0  15,1  2  / 1  8  / 2  0  15,BAE SYSTEMS,San Francisco,61,Layoff Temporary
12/18/2015,0  2  / 2  5  / 2  0  16,1  2  / 1  8  / 2  0  15,"Gerawan Farming, Inc.",Kerman,2551,Closure Permanent
12/14/2015,0  2  / 1  2  / 2  0  16,1  2  / 2  2  / 2  0  15,"Safeway, Inc.",Pleasanton,33,Layoff Unknown at this time
12/17/2015,0  3  / 0  1  / 2  0  16,1  2  / 2  3  / 2  0  15,Hyatt Regency Century Plaza,Los Angeles,796,Closure Permanent
12/18/2015,0  2  / 1  9  / 2  0  16,1  2  / 2  3  / 2  0  15,Boeing Company,El Segundo,35,Layoff Unknown at this time
12/18/2015,0  2  / 1  9  / 2  0  16,1  2  / 2  3  / 2  0  15,Boeing Company,Huntington Beach,35,Layoff Unknown at this time
12/18/2015,0  2  / 1  9  / 2  0  16,1  2  / 2  3  / 2  0  15,Boeing Company,Long Beach,9,Layoff Unknown at this time
12/24/2015,0  2  / 2  9  / 2  0  16,1  2  / 2  4  / 2  0  15,TGI Friday's,Carlsbad,45,Closure Permanent
12/22/2015,0  2  / 2  1  / 2  0  16,1  2  / 2  8  / 2  0  15,Brake Parts Inc.,Chowchilla,43,Layoff Permanent
12/22/2015,0  2  / 2  2  / 2  0  16,1  2  / 2  8  / 2  0  15,AT&T,San Ramon,102,Layoff Permanent
12/22/2015,0  2  / 2  6  / 2  0  16,1  2  / 2  8  / 2  0  15,"Balda C. Brewer, Inc.",Irvine,193,Closure Permanent
12/22/2015,0  2  / 2  9  / 2  0  16,1  2  / 2  8  / 2  0  15,"DNC Parks & Resorts at Yosemite, Inc.",Yosemite National,1718,Closure Permanent
12/30/2015,0  2  / 2  9  / 2  0  16,1  2  / 3  0  / 2  0  15,"DuPont Displays, Inc.",Santa Barbara,41,Closure Permanent
12/30/2015,0  3  / 0  4  / 2  0  16,1  2  / 3  0  / 2  0  15,Parker Hannifin Corporation,Anaheim,197,Closure Unknown at this time
01/04/2016,0  1  / 1  2  / 2  0  16,0  1  / 0  4  / 2  0  16,Walnut Creek Pyramid Alehouse,Walnut Creek,49,Closure Unknown at this time
12/24/2015,0  1  / 0  4  / 2  0  16,0  1  / 0  5  / 2  0  16,"A-List, Inc. & H-List Inc. dba Kitson",Arcadia,18,Closure Permanent
12/24/2015,0  1  / 0  4  / 2  0  16,0  1  / 0  5  / 2  0  16,"A-List, Inc. & H-List Inc. dba Kitson",Camarillo,13,Closure Permanent
12/24/2015,0  1  / 0  4  / 2  0  16,0  1  / 0  5  / 2  0  16,"A-List, Inc. & H-List Inc. dba Kitson",Malibu,54,Closure Permanent
12/24/2015,0  1  / 0  4  / 2  0  16,0  1  / 0  5  / 2  0  16,"A-List, Inc. & H-List Inc. dba Kitson",Newport Beach,15,Closure Permanent
12/24/2015,0  1  / 0  4  / 2  0  16,0  1  / 0  5  / 2  0  16,"A-List, Inc. & H-List Inc. dba Kitson",San Diego,21,Closure Permanent
12/24/2015,0  1  / 0  4  / 2  0  16,0  1  / 0  5  / 2  0  16,"A-List, Inc. & H-List Inc. dba Kitson",Santa Barbara,9,Closure Permanent
12/24/2015,0  1  / 0  4  / 2  0  16,0  1  / 0  5  / 2  0  16,"A-List, Inc. & H-List Inc. dba Kitson",West Hollywood,58,Closure Permanent
01/04/2016,0  3  / 0  9  / 2  0  16,0  1  / 0  7  / 2  0  16,Adecco Group NA,Palo Alto,108,Closure Permanent
01/06/2016,0  3  / 1  4  / 2  0  16,0  1  / 0  7  / 2  0  16,Macy's Country Club Plaza Store,Sacramento,111,Closure Permanent
01/06/2016,0  3  / 1  4  / 2  0  16,0  1  / 0  7  / 2  0  16,Macy's Irvine Spectrum Store,Irvine,112,Closure Permanent
01/04/2016,0  3  / 0  5  / 2  0  16,0  1  / 1  1  / 2  0  16,Thomson Licensing LLC,Burbank,7,Closure Unknown at this time
01/05/2016,0  3  / 0  7  / 2  0  16,0  1  / 1  1  / 2  0  16,AT&T,San Ramon,2,Layoff Permanent
01/11/2016,0  3  / 1  1  / 2  0  16,0  1  / 1  2  / 2  0  16,Safeway Inc.,Pleasanton,7,Layoff Unknown at this time
01/12/2016,0  2  / 2  9  / 2  0  16,0  1  / 1  2  / 2  0  16,"Molina Hospital Management, Inc.",Long Beach,385,Layoff Permanent
01/08/2016,0  3  / 3  1  / 2  0  16,0  1  / 1  3  / 2  0  16,"Zodiac Pool Systems, Inc.",Vista,52,Closure Permanent
01/13/2016,0  1  / 1  5  / 2  0  16,0  1  / 1  3  / 2  0  16,"GoPro, Inc.",San Mateo,77,Layoff Permanent
01/14/2016,0  3  / 1  5  / 2  0  16,0  1  / 1  4  / 2  0  16,Qualcomm Incorporated,San Diego,32,Layoff Unknown at this time
01/14/2016,0  3  / 1  8  / 2  0  16,0  1  / 1  4  / 2  0  16,"ConAgra Foods, Inc.",Helm,102,Closure Permanent
12/31/2015,0  4  / 2  9  / 2  0  15,0  1  / 1  4  / 2  0  16,"El Dorado Berry Farms, LLC",Santa Maria,654,Layoff Permanent
12/31/2015,0  6  / 2  4  / 2  0  15,0  1  / 1  4  / 2  0  16,"Superior Farming, LLC",Santa Maria,225,Layoff Permanent
01/15/2016,0  3  / 0  1  / 2  0  16,0  1  / 1  5  / 2  0  16,"HD Supply Management, Inc.",San Diego,97,Layoff Permanent
01/15/2016,0  4  / 1  5  / 2  0  16,0  1  / 1  5  / 2  0  16,Walmart,Altadena,79,Closure Permanent
01/15/2016,0  4  / 1  5  / 2  0  16,0  1  / 1  5  / 2  0  16,Walmart,Bell Gardens,85,Closure Permanent
01/15/2016,0  4  / 1  5  / 2  0  16,0  1  / 1  5  / 2  0  16,Walmart,Hawaiian Gardens,77,Closure Permanent
01/15/2016,0  4  / 1  5  / 2  0  16,0  1  / 1  5  / 2  0  16,Walmart,Long Beach,295,Closure Permanent
01/15/2016,0  4  / 1  5  / 2  0  16,0  1  / 1  5  / 2  0  16,Walmart,Los Angeles,96,Closure Permanent
01/15/2016,0  4  / 1  5  / 2  0  16,0  1  / 1  5  / 2  0  16,Walmart,Los Angeles,324,Closure Permanent
01/15/2016,0  4  / 1  5  / 2  0  16,0  1  / 1  5  / 2  0  16,Walmart,Oakland,397,Closure Permanent
01/15/2016,0  4  / 1  5  / 2  0  16,0  1  / 1  5  / 2  0  16,Walmart,San Bernardino,89,Closure Permanent
01/15/2016,0  4  / 1  5  / 2  0  16,0  1  / 1  5  / 2  0  16,Walmart,San Jose,210,Closure Permanent
12/31/2015,0  7  / 1  0  / 2  0  15,0  1  / 1  5  / 2  0  16,"MAC Berry Farms, LLC",Camarillo,90,Layoff Permanent
01/12/2016,0  4  / 1  0  / 2  0  16,0  1  / 1  9  / 2  0  16,"Sears, Roebuck and Co.",San Mateo,110,Closure Permanent
01/13/2016,0  4  / 3  0  / 2  0  16,0  1  / 1  9  / 2  0  16,"Al Jazeera America, LLC",Culver City,19,Closure Permanent
01/13/2016,0  4  / 3  0  / 2  0  16,0  1  / 1  9  / 2  0  16,"Al Jazeera America, LLC",Los Angeles,6,Closure Permanent
01/13/2016,0  4  / 3  0  / 2  0  16,0  1  / 1  9  / 2  0  16,"Al Jazeera America, LLC",San Francisco,25,Closure Permanent
01/15/2016,0  3  / 1  5  / 2  0  16,0  1  / 1  9  / 2  0  16,"Brice Manufacturing Company, Inc.",Pacoima,1,Layoff Permanent
01/19/2016,0  3  / 2  1  / 2  0  16,0  1  / 1  9  / 2  0  16,Georgia-Pacific Corrugated LLC,Buena Park,148,Closure Permanent
01/06/2016,0  3  / 0  7  / 2  0  16,0  1  / 2  0  / 2  0  16,"Citrix Systems, Inc.",Santa Clara,65,Layoff Permanent
01/19/2016,0  3  / 1  9  / 2  0  16,0  1  / 2  0  / 2  0  16,Outer Harbor Terminal LLC,Oakland,59,Closure Permanent
01/19/2016,0  3  / 2  0  / 2  0  16,0  1  / 2  0  / 2  0  16,Destination Geary Street Management,San Francisco,58,Layoff Permanent
01/20/2016,0  3  / 2  0  / 2  0  16,0  1  / 2  0  / 2  0  16,Microsoft Corporation,San Diego,2,Closure Permanent
01/19/2016,0  1  / 2  0  / 2  0  16,0  1  / 2  1  / 2  0  16,"Cisco Systems, Inc.",San Jose,123,Layoff Permanent
01/18/2016,0  3  / 1  8  / 2  0  16,0  1  / 2  2  / 2  0  16,"Coastal Green Vegetable Company, LLC",Oxnard,88,Closure Permanent
01/19/2016,0  3  / 2  1  / 2  0  16,0  1  / 2  2  / 2  0  16,"Pathology, Inc.",Torrance,388,Layoff Permanent
01/20/2016,1  2  / 2  3  / 2  0  15,0  1  / 2  2  / 2  0  16,Highland Metals Inc. and EZFuture Inc.,San Jose,17,Closure Permanent
01/21/2016,0  1  / 2  1  / 2  0  16,0  1  / 2  2  / 2  0  16,"Centrally Grown, Inc.",Cambria,16,Closure Unknown at this time
01/19/2016,0  3  / 1  9  / 2  0  16,0  1  / 2  5  / 2  0  16,F&E Aircraft Maintenance DBA FEAM,Los Angeles,25,Layoff Permanent
01/20/2016,0  1  / 2  0  / 2  0  16,0  1  / 2  5  / 2  0  16,Sage North America,Irvine,67,Layoff Permanent
01/25/2016,0  3  / 2  5  / 2  0  16,0  1  / 2  5  / 2  0  16,Allianz Global Risks US Insurance,Petaluma,38,Layoff Permanent
01/25/2016,0  3  / 3  1  / 2  0  16,0  1  / 2  5  / 2  0  16,EXP Pharmaceutical Services Corp.,Fremont,111,Closure Permanent
01/12/2016,0  3  / 1  3  / 2  0  16,0  1  / 2  6  / 2  0  16,Kmart,Anaheim,107,Closure Permanent
01/12/2016,0  3  / 1  3  / 2  0  16,0  1  / 2  6  / 2  0  16,Kmart,Chula Vista,103,Closure Permanent
01/12/2016,0  4  / 0  3  / 2  0  16,0  1  / 2  6  / 2  0  16,Kmart,Citrus Heights,86,Closure Permanent
01/22/2016,0  3  / 2  5  / 2  0  16,0  1  / 2  6  / 2  0  16,Boeing Company,El Segundo,6,Layoff Unknown at this time
01/22/2016,0  3  / 2  5  / 2  0  16,0  1  / 2  6  / 2  0  16,Boeing Company,Huntington Beach,15,Layoff Unknown at this time
01/22/2016,0  3  / 2  5  / 2  0  16,0  1  / 2  6  / 2  0  16,Boeing Company,Long Beach,11,Layoff Unknown at this time
01/25/2016,0  3  / 2  5  / 2  0  16,0  1  / 2  6  / 2  0  16,Sierra Pacific Industries,Arcata,125,Closure Permanent
01/26/2016,0  1  / 2  6  / 2  0  16,0  1  / 2  6  / 2  0  16,Pearson Education,San Francisco,34,Layoff Unknown at this time
01/26/2016,0  3  / 2  8  / 2  0  16,0  1  / 2  6  / 2  0  16,Ditech Financial LLC.,Costa Mesa,87,Closure Permanent
01/26/2016,0  3  / 2  8  / 2  0  16,0  1  / 2  6  / 2  0  16,"SPX FLOW, Inc.",Modesto,8,Closure Permanent
01/26/2016,0  3  / 2  8  / 2  0  16,0  1  / 2  6  / 2  0  16,"VMware, Inc.",Palo Alto,170,Layoff Permanent
01/27/2016,0  3  / 2  9  / 2  0  16,0  1  / 2  7  / 2  0  16,VSE Corporation,Barstow,40,Layoff Permanent
01/27/2016,0  3  / 2  9  / 2  0  16,0  1  / 2  7  / 2  0  16,VSE Corporation,Jolon,70,Layoff Permanent
01/26/2016,0  3  / 2  8  / 2  0  16,0  1  / 2  8  / 2  0  16,Eaton's Cooper Lighting,Richmond,47,Closure Permanent
01/27/2016,0  3  / 2  9  / 2  0  16,0  1  / 2  8  / 2  0  16,VSE Corporation,Los Alamitos,1,Layoff Permanent
01/27/2016,0  3  / 2  9  / 2  0  16,0  1  / 2  8  / 2  0  16,VSE Corporation,Mountain View,2,Layoff Permanent
01/27/2016,0  3  / 2  9  / 2  0  16,0  1  / 2  8  / 2  0  16,VSE Corporation,Riverside,1,Layoff Permanent
01/27/2016,0  3  / 2  9  / 2  0  16,0  1  / 2  8  / 2  0  16,VSE Corporation,Van Nuys,1,Layoff Permanent
01/26/2016,0  4  / 0  1  / 2  0  16,0  1  / 2  9  / 2  0  16,"Rockwell Collins, Inc.",Poway,2,Layoff Unknown at this time
01/29/2016,0  3  / 2  9  / 2  0  16,0  1  / 2  9  / 2  0  16,"Hub City Terminals, Inc.",Brea,12,Closure Permanent
01/29/2016,0  3  / 3  1  / 2  0  16,0  1  / 2  9  / 2  0  16,"Hub Group Trucking, Inc.",Ontario,131,Closure Permanent
01/29/2016,0  3  / 3  1  / 2  0  16,0  1  / 2  9  / 2  0  16,"Toshiba America Electronic Components,",Livermore,50,Closure Permanent
01/29/2016,0  3  / 3  1  / 2  0  16,0  1  / 2  9  / 2  0  16,"Urban Fulfillment Services, LLC",Westlake Village,192,Closure Permanent
01/25/2016,0  3  / 3  1  / 2  0  16,0  2  / 0  1  / 2  0  16,Cardinal Health,Elk Grove,58,Layoff Permanent
01/25/2016,0  3  / 3  1  / 2  0  16,0  2  / 0  1  / 2  0  16,Cardinal Health,Valencia,15,Layoff Permanent
01/28/2016,0  4  / 0  1  / 2  0  16,0  2  / 0  1  / 2  0  16,Westin St. Francis,San Francisco,52,Closure Permanent
02/01/2016,0  4  / 0  4  / 2  0  16,0  2  / 0  1  / 2  0  16,"Practice Fusion, Inc.",San Francisco,74,Layoff Permanent
01/28/2016,0  3  / 2  8  / 2  0  16,0  2  / 0  2  / 2  0  16,Blue Shield of California,Costa Mesa,2,Layoff Permanent
01/28/2016,0  3  / 2  8  / 2  0  16,0  2  / 0  2  / 2  0  16,Blue Shield of California,El Dorado Hills,137,Layoff Permanent
01/28/2016,0  3  / 2  8  / 2  0  16,0  2  / 0  2  / 2  0  16,Blue Shield of California,El Segundo,9,Layoff Permanent
01/28/2016,0  3  / 2  8  / 2  0  16,0  2  / 0  2  / 2  0  16,Blue Shield of California,Lodi,99,Layoff Permanent
01/28/2016,0  3  / 2  8  / 2  0  16,0  2  / 0  2  / 2  0  16,Blue Shield of California,Ontario,2,Layoff Permanent
01/28/2016,0  3  / 2  8  / 2  0  16,0  2  / 0  2  / 2  0  16,Blue Shield of California,Rancho Cordova,55,Layoff Permanent
01/28/2016,0  3  / 2  8  / 2  0  16,0  2  / 0  2  / 2  0  16,Blue Shield of California,Redding,10,Layoff Permanent
01/28/2016,0  3  / 2  8  / 2  0  16,0  2  / 0  2  / 2  0  16,Blue Shield of California,Sacramento,3,Layoff Permanent
01/28/2016,0  3  / 2  8  / 2  0  16,0  2  / 0  2  / 2  0  16,Blue Shield of California,San Diego,3,Layoff Permanent
01/28/2016,0  3  / 2  8  / 2  0  16,0  2  / 0  2  / 2  0  16,Blue Shield of California,San Francisco,78,Layoff Permanent
01/28/2016,0  3  / 2  8  / 2  0  16,0  2  / 0  2  / 2  0  16,Blue Shield of California,San Jose,1,Layoff Permanent
01/28/2016,0  3  / 2  8  / 2  0  16,0  2  / 0  2  / 2  0  16,Blue Shield of California,Walnut Creek,1,Layoff Permanent
01/28/2016,0  3  / 2  8  / 2  0  16,0  2  / 0  2  / 2  0  16,Blue Shield of California,Woodland Hills,60,Layoff Permanent
01/29/2016,0  3  / 3  1  / 2  0  16,0  2  / 0  2  / 2  0  16,Broadcom and Avago,Irvine,689,Layoff Permanent
01/29/2016,0  3  / 3  1  / 2  0  16,0  2  / 0  2  / 2  0  16,Broadcom and Avago,San Jose,33,Layoff Permanent
01/29/2016,0  3  / 3  1  / 2  0  16,0  2  / 0  2  / 2  0  16,Broadcom and Avago,Santa Clara,147,Layoff Permanent
02/01/2016,0  4  / 0  1  / 2  0  16,0  2  / 0  2  / 2  0  16,Moog Inc.,Milpitas,22,Layoff Permanent
01/29/2016,0  4  / 0  1  / 2  0  16,0  2  / 0  3  / 2  0  16,Boeing Company,El Segundo,25,Layoff Unknown at this time
01/29/2016,0  4  / 0  1  / 2  0  16,0  2  / 0  3  / 2  0  16,Boeing Company,Huntington Beach,15,Layoff Unknown at this time
02/01/2016,0  3  / 3  1  / 2  0  16,0  2  / 0  3  / 2  0  16,United Technologies Corporation,San Diego,103,Closure Permanent
02/01/2016,0  4  / 0  3  / 2  0  16,0  2  / 0  3  / 2  0  16,Bon Appetit Management Company,San Francisco,79,Closure Permanent
02/02/2016,0  4  / 0  1  / 2  0  16,0  2  / 0  3  / 2  0  16,"Forever 21 Retail, Inc.",Hanford,51,Closure Permanent
02/02/2016,0  4  / 0  1  / 2  0  16,0  2  / 0  3  / 2  0  16,"Forever 21 Retail, Inc.",Yuba City,56,Closure Permanent
02/02/2016,0  4  / 0  5  / 2  0  16,0  2  / 0  3  / 2  0  16,Freeport-McMoRan Oil & Gas LLC,Orcutt,64,Layoff Permanent
02/04/2016,0  2  / 1  9  / 2  0  16,0  2  / 0  4  / 2  0  16,"VF Contemporary Brands, Inc.",Vernon,73,Closure Permanent
02/02/2016,0  4  / 1  0  / 2  0  16,0  2  / 0  5  / 2  0  16,"Autodesk, Inc.",San Francisco,71,Layoff Permanent
02/02/2016,0  4  / 1  0  / 2  0  16,0  2  / 0  5  / 2  0  16,"Autodesk, Inc.",San Rafael,48,Layoff Permanent
02/04/2016,0  4  / 0  4  / 2  0  16,0  2  / 0  8  / 2  0  16,Visiting Nurse Association of the Inland,Victorville,78,Closure Permanent
02/08/2016,0  4  / 0  8  / 2  0  16,0  2  / 0  8  / 2  0  16,Albertsons Companies,Pleasanton,24,Layoff Unknown at this time
01/28/2016,0  1  / 2  8  / 2  0  16,0  2  / 0  9  / 2  0  16,"Space Systems/Loral, LLC",Palo Alto,122,Layoff Permanent
02/03/2016,0  2  / 0  4  / 2  0  16,0  2  / 0  9  / 2  0  16,"B&H Education Holdings, LLC & B&H",Whittier,73,Closure Permanent
02/03/2016,0  4  / 0  9  / 2  0  16,0  2  / 0  9  / 2  0  16,JCPenney,Cupertino,147,Closure Permanent
02/08/2016,0  4  / 0  8  / 2  0  16,0  2  / 0  9  / 2  0  16,"Inland Early Steps Services, Inc.",Corona,79,Closure Permanent
02/05/2016,0  4  / 0  1  / 2  0  16,0  2  / 1  0  / 2  0  16,UTi,Long Beach,64,Closure Permanent
02/10/2016,0  4  / 1  1  / 2  0  16,0  2  / 1  0  / 2  0  16,Yahoo! Inc.,Sunnyvale,107,Layoff Permanent
02/08/2016,0  4  / 0  8  / 2  0  16,0  2  / 1  2  / 2  0  16,Southern California Edison Company,Rosemead,48,Layoff Permanent
02/12/2016,0  4  / 1  5  / 2  0  16,0  2  / 1  2  / 2  0  16,Kraft Heinz Foods Company,San Leandro,117,Closure Permanent
02/12/2016,0  6  / 1  5  / 2  0  16,0  2  / 1  2  / 2  0  16,Pinecrest Schools,Canyon Country,24,Closure Permanent
02/12/2016,0  6  / 1  5  / 2  0  16,0  2  / 1  2  / 2  0  16,Pinecrest Schools,Moorpark,118,Closure Permanent
02/12/2016,0  6  / 1  5  / 2  0  16,0  2  / 1  2  / 2  0  16,Pinecrest Schools,Woodland Hills,71,Closure Permanent
02/11/2016,0  1  / 2  2  / 2  0  16,0  2  / 1  6  / 2  0  16,HP Inc.,Palo Alto,74,Layoff Permanent
02/11/2016,0  2  / 1  0  / 2  0  16,0  2  / 1  6  / 2  0  16,Symantec Corporation,Mountain View,6,Layoff Permanent
02/11/2016,0  4  / 1  7  / 2  0  16,0  2  / 1  6  / 2  0  16,"The Ritz-Carlton, Lake Tahoe",Truckee,253,Closure Temporary
02/12/2016,0  2  / 1  8  / 2  0  16,0  2  / 1  6  / 2  0  16,"Toshiba America Information Systems,",Irvine,7,Layoff Permanent
02/15/2016,0  4  / 1  8  / 2  0  16,0  2  / 1  6  / 2  0  16,"SK Textile, Inc.",Vernon,51,Closure Permanent
02/16/2016,0  4  / 1  8  / 2  0  16,0  2  / 1  6  / 2  0  16,Odwalla Inc.,Dinuba,164,Closure Permanent
02/12/2016,0  4  / 1  2  / 2  0  16,0  2  / 1  7  / 2  0  16,"TangoMe, Inc.",Mountain View,53,Layoff Permanent
02/17/2016,0  4  / 1  8  / 2  0  16,0  2  / 1  7  / 2  0  16,Yahoo! Inc.,Burbank,90,Closure Permanent
02/17/2016,0  4  / 1  8  / 2  0  16,0  2  / 1  7  / 2  0  16,Yahoo! Inc.,Los Angeles,60,Layoff Permanent
02/17/2016,0  4  / 1  8  / 2  0  16,0  2  / 1  7  / 2  0  16,Yahoo! Inc.,San Francisco,45,Layoff Permanent
02/17/2016,0  4  / 1  8  / 2  0  16,0  2  / 1  7  / 2  0  16,Yahoo! Inc.,Sunnyvale,127,Layoff Permanent
02/15/2016,0  2  / 2  6  / 2  0  16,0  2  / 1  8  / 2  0  16,Valley Fine Foods,Benicia,94,Closure Permanent
02/16/2016,0  4  / 1  7  / 2  0  16,0  2  / 1  8  / 2  0  16,California Resources Corporation,Bakersfield,74,Layoff Permanent
02/17/2016,0  4  / 1  8  / 2  0  16,0  2  / 1  8  / 2  0  16,"Pacific Harvest, Inc.",Guadalupe,75,Layoff Permanent
02/12/2016,0  2  / 0  9  / 2  0  16,0  2  / 2  2  / 2  0  16,BAE SYSTEMS,San Francisco,2,Layoff Temporary
02/12/2016,0  2  / 0  9  / 2  0  16,0  2  / 2  2  / 2  0  16,BAE SYSTEMS,San Francisco,228,Layoff Temporary
02/19/2016,0  4  / 1  9  / 2  0  16,0  2  / 2  2  / 2  0  16,Brake Parts Inc.,Chowchilla,111,Layoff Permanent
02/19/2016,0  4  / 1  9  / 2  0  16,0  2  / 2  2  / 2  0  16,Vintage Estates,Yountville,326,Layoff Permanent
02/22/2016,0  4  / 2  7  / 2  0  16,0  2  / 2  2  / 2  0  16,"BCBG Max Azria Group, LLC",Vernon,71,Layoff Permanent
02/18/2016,0  7  / 3  1  / 2  0  16,0  2  / 2  3  / 2  0  16,Mallinckrodt Pharmaceuticals,Hayward,43,Closure Permanent
02/22/2016,0  3  / 3  1  / 2  0  16,0  2  / 2  3  / 2  0  16,Kabam LA,Los Angeles,1,Layoff Permanent
02/22/2016,0  3  / 3  1  / 2  0  16,0  2  / 2  3  / 2  0  16,"Kabam, Inc.",San Francisco,75,Layoff Permanent
02/23/2016,0  4  / 2  5  / 2  0  16,0  2  / 2  3  / 2  0  16,TGI Friday's,Laguna Niguel,51,Closure Permanent
02/18/2016,0  3  / 3  1  / 2  0  16,0  2  / 2  4  / 2  0  16,"Freedom Communications, Inc.",Santa Ana,969,Layoff Unknown at this time
02/18/2016,0  4  / 1  8  / 2  0  16,0  2  / 2  4  / 2  0  16,"Maslow Media Group, Inc.",Culver City,2,Layoff Permanent
02/18/2016,0  4  / 1  8  / 2  0  16,0  2  / 2  4  / 2  0  16,"Maslow Media Group, Inc.",Los Angeles,19,Layoff Permanent
02/18/2016,0  4  / 1  8  / 2  0  16,0  2  / 2  4  / 2  0  16,"Maslow Media Group, Inc.",San Francisco,17,Layoff Permanent
02/19/2016,0  4  / 2  2  / 2  0  16,0  2  / 2  4  / 2  0  16,Boeing Company,El Segundo,45,Layoff Unknown at this time
02/19/2016,0  4  / 2  2  / 2  0  16,0  2  / 2  4  / 2  0  16,Boeing Company,Huntington Beach,44,Layoff Unknown at this time
02/19/2016,0  4  / 2  2  / 2  0  16,0  2  / 2  4  / 2  0  16,Boeing Company,Long Beach,3,Layoff Unknown at this time
01/25/2016,0  4  / 0  1  / 2  0  16,0  2  / 2  5  / 2  0  16,Imagine Communications Corp.,Sunnyvale,50,Closure Permanent
02/23/2016,0  4  / 2  5  / 2  0  16,0  2  / 2  5  / 2  0  16,Sutter Central Valley Hospitals dba,Modesto,96,Layoff Unknown at this time
02/26/2016,0  4  / 2  5  / 2  0  16,0  2  / 2  6  / 2  0  16,"Xerox Business Services, LLC",Bakersfield,15,Layoff Permanent
02/24/2016,0  5  / 0  4  / 2  0  16,0  2  / 2  9  / 2  0  16,Pacific Bell Telephone Company,Tustin,121,Layoff Permanent
02/26/2016,0  2  / 2  9  / 2  0  16,0  2  / 2  9  / 2  0  16,"YourPeople, Inc. d/b/a Zenefits FTW",San Francisco,83,Layoff Permanent
02/26/2016,0  4  / 2  9  / 2  0  16,0  2  / 2  9  / 2  0  16,Direct Energy,Corona,47,Closure Unknown at this time
02/22/2016,0  4  / 2  9  / 2  0  16,0  3  / 0  1  / 2  0  16,"Investor's Business Daily, Inc.",Coto De Caza,1,Layoff Permanent
02/22/2016,0  4  / 2  9  / 2  0  16,0  3  / 0  1  / 2  0  16,"Investor's Business Daily, Inc.",Los Angeles,43,Layoff Permanent
02/22/2016,0  4  / 2  9  / 2  0  16,0  3  / 0  1  / 2  0  16,"Investor's Business Daily, Inc.",San Diego,1,Layoff Permanent
02/22/2016,0  4  / 2  9  / 2  0  16,0  3  / 0  1  / 2  0  16,"Investor's Business Daily, Inc.",Sunnyvale,3,Layoff Permanent
02/22/2016,0  4  / 2  9  / 2  0  16,0  3  / 0  1  / 2  0  16,"Investor's Business Daily, Inc.",Valencia,1,Layoff Permanent
02/29/2016,0  3  / 0  1  / 2  0  16,0  3  / 0  1  / 2  0  16,TiVo Inc.,San Jose,52,Layoff Permanent
03/01/2016,0  3  / 0  1  / 2  0  16,0  3  / 0  1  / 2  0  16,SurveyMonkey Inc.,Palo Alto,57,Layoff Permanent
03/01/2016,0  4  / 3  0  / 2  0  16,0  3  / 0  1  / 2  0  16,National Oilwell Varco,Orange,232,Layoff Permanent
03/01/2016,0  5  / 0  1  / 2  0  16,0  3  / 0  2  / 2  0  16,Baxalta U.S. Inc.,Los Angeles,139,Layoff Permanent
03/01/2016,0  5  / 0  1  / 2  0  16,0  3  / 0  2  / 2  0  16,Baxalta U.S. Inc.,Thousand Oaks,100,Layoff Permanent
03/01/2016,0  4  / 3  0  / 2  0  16,0  3  / 0  3  / 2  0  16,"NetApp, Inc.",Sunnyvale,376,Layoff Permanent
03/04/2016,0  5  / 0  3  / 2  0  16,0  3  / 0  4  / 2  0  16,"Southern Home Care Services, Inc.",San Leandro,123,Closure Permanent
03/07/2016,0  5  / 0  6  / 2  0  16,0  3  / 0  7  / 2  0  16,"Barnes & Noble College Booksellers, LLC",Mountain View,40,Closure Permanent
02/17/2016,0  4  / 1  5  / 2  0  16,0  3  / 0  8  / 2  0  16,Circor Inc.,Corona,64,Closure Permanent
02/26/2016,0  5  / 0  4  / 2  0  16,0  3  / 0  8  / 2  0  16,Envoy Air,Palm Springs,52,Closure Permanent
03/01/2016,0  5  / 1  3  / 2  0  16,0  3  / 0  8  / 2  0  16,City National Bank,Los Angeles,5,Closure Permanent
03/01/2016,0  5  / 3  1  / 2  0  16,0  3  / 0  8  / 2  0  16,Memorial Health Services,San Clemente,194,Closure Permanent
03/08/2016,0  3  / 1  1  / 2  0  16,0  3  / 0  9  / 2  0  16,Lyra Sound Inc.,Cypress,4,Closure Temporary
03/08/2016,1  1  / 1  1  / 2  0  16,0  3  / 1  0  / 2  0  16,Corning Incorporated,Union City,193,Closure Permanent
03/01/2016,0  5  / 0  6  / 2  0  16,0  3  / 1  1  / 2  0  16,Pacific Bell Telephone Company,Tustin,3,Layoff Permanent
03/10/2016,0  5  / 1  3  / 2  0  16,0  3  / 1  1  / 2  0  16,"Carbine, LLC",Aliso Viejo,18,Layoff Unknown at this time
03/10/2016,0  3  / 1  1  / 2  0  16,0  3  / 1  4  / 2  0  16,"NC Interactive, LLC",Aliso Viejo,11,Layoff Permanent
03/12/2016,0  4  / 1  0  / 2  0  16,0  3  / 1  4  / 2  0  16,"GMRI, Inc. dba Seasons 52",Santa Monica,70,Closure Permanent
03/15/2016,0  5  / 1  5  / 2  0  16,0  3  / 1  5  / 2  0  16,Georgia-Pacific Gypsum LLC,San Leandro,65,Closure Permanent
02/29/2016,0  1  / 0  1  / 2  0  16,0  3  / 1  8  / 2  0  16,"Alma Farms, LLC",Camarillo,73,Closure Permanent
03/14/2016,0  3  / 3  1  / 2  0  16,0  3  / 1  8  / 2  0  16,McKesson Corporation,San Francisco,158,Layoff Permanent
03/18/2016,0  5  / 1  7  / 2  0  16,0  3  / 2  1  / 2  0  16,"Williams-Sonoma, Inc.",Brisbane,3,Layoff Permanent
03/18/2016,0  5  / 1  7  / 2  0  16,0  3  / 2  1  / 2  0  16,"Williams-Sonoma, Inc.",Richmond,1,Layoff Permanent
03/18/2016,0  5  / 1  7  / 2  0  16,0  3  / 2  1  / 2  0  16,"Williams-Sonoma, Inc.",San Francisco,74,Layoff Permanent
03/18/2016,0  5  / 1  8  / 2  0  16,0  3  / 2  1  / 2  0  16,"Collection Technology, Inc.",Monterey Park,4,Closure Permanent
03/18/2016,0  5  / 1  8  / 2  0  16,0  3  / 2  1  / 2  0  16,"Collection Technology, Inc.",Rancho,51,Layoff Permanent
03/03/2016,0  6  / 3  0  / 2  0  16,0  3  / 2  2  / 2  0  16,"TransitAmerica Services, Inc.",Camp Pendleton,30,Layoff Permanent
03/21/2016,0  5  / 2  2  / 2  0  16,0  3  / 2  2  / 2  0  16,"Paris Precision, LLC",Paso Robles,130,Layoff Unknown at this time
03/22/2016,0  3  / 2  2  / 2  0  16,0  3  / 2  2  / 2  0  16,ZETA Communities,Mcclellan,122,Closure Permanent
03/15/2016,0  3  / 1  0  / 2  0  16,0  3  / 2  3  / 2  0  16,"Mycom North America, Inc.",Santa Fe Springs,4,Closure Permanent
03/18/2016,0  5  / 2  0  / 2  0  16,0  3  / 2  3  / 2  0  16,Boeing Company,El Segundo,26,Layoff Unknown at this time
03/18/2016,0  5  / 2  0  / 2  0  16,0  3  / 2  3  / 2  0  16,Boeing Company,Huntington Beach,23,Layoff Unknown at this time
03/21/2016,0  5  / 2  7  / 2  0  16,0  3  / 2  3  / 2  0  16,"Rockwell Collins, Inc.",Poway,2,Layoff Unknown at this time
03/22/2016,0  5  / 1  5  / 2  0  16,0  3  / 2  8  / 2  0  16,Osha Thai,San Francisco,62,Closure Temporary
03/23/2016,0  5  / 3  1  / 2  0  16,0  3  / 2  9  / 2  0  16,Standard Parking Corporation,Los Angeles,430,Closure Permanent
03/25/2016,0  5  / 3  1  / 2  0  16,0  3  / 2  9  / 2  0  16,"Live Nation Entertainment, Inc.",Anaheim,300,Closure Permanent
03/28/2016,0  5  / 3  1  / 2  0  16,0  3  / 2  9  / 2  0  16,"Northrop Grumman Technology Services,",Fort Irwin,483,Layoff Permanent
03/29/2016,0  5  / 3  0  / 2  0  16,0  3  / 3  0  / 2  0  16,"APN, LLC",Oakland,19,Layoff Permanent
03/29/2016,0  5  / 3  0  / 2  0  16,0  3  / 3  0  / 2  0  16,"IAC Search & Media, Inc.",Oakland,11,Layoff Permanent
03/29/2016,0  5  / 3  0  / 2  0  16,0  3  / 3  0  / 2  0  16,"IAC Search & Media, Inc.",Pasadena,4,Layoff Permanent
03/29/2016,0  5  / 3  0  / 2  0  16,0  3  / 3  0  / 2  0  16,"Mindspark Interactive Network, Inc.",Oakland,3,Layoff Permanent
03/28/2016,0  5  / 0  4  / 2  0  16,0  4  / 0  1  / 2  0  16,Triangle Brass Manufacturing Company,Los Angeles,55,Closure Permanent
03/31/2016,0  5  / 3  1  / 2  0  16,0  4  / 0  1  / 2  0  16,International Business Machines,San Jose,109,Layoff Permanent
04/01/2016,0  6  / 2  4  / 2  0  16,0  4  / 0  1  / 2  0  16,City National Bank,Los Angeles,7,Closure Permanent
03/30/2016,0  5  / 3  0  / 2  0  16,0  4  / 0  4  / 2  0  16,ICDC College,Huntington Park,244,Closure Permanent
03/30/2016,0  6  / 0  5  / 2  0  16,0  4  / 0  4  / 2  0  16,"Schenker, Inc",Ontario,52,Closure Unknown at this time
04/01/2016,0  6  / 1  0  / 2  0  16,0  4  / 0  4  / 2  0  16,Lockheed Martin Corporation,San Jose,59,Closure Permanent
03/23/2016,0  5  / 0  3  / 2  0  16,0  4  / 0  5  / 2  0  16,Sony Pictures Entertainment Inc.,Culver City,59,Layoff Permanent
04/04/2016,0  6  / 0  3  / 2  0  16,0  4  / 0  5  / 2  0  16,Safeway Inc. / Albertsons Companies,Pleasanton,3,Layoff Unknown at this time
03/29/2016,0  3  / 2  8  / 2  0  16,0  4  / 0  6  / 2  0  16,BAE SYSTEMS,San Francisco,1,Layoff Temporary
04/05/2016,0  6  / 0  5  / 2  0  16,0  4  / 0  6  / 2  0  16,"Unified Grocers, Inc.",Los Angeles,132,Closure Permanent
03/29/2016,0  3  / 2  8  / 2  0  16,0  4  / 0  7  / 2  0  16,BAE SYSTEMS,San Francisco,154,Layoff Temporary
04/05/2016,0  6  / 1  0  / 2  0  16,0  4  / 0  7  / 2  0  16,"Rockwell Collins, Inc.",Poway,1,Closure Permanent
04/06/2016,0  4  / 0  6  / 2  0  16,0  4  / 0  7  / 2  0  16,Abbott Vascular,Temecula,131,Layoff Permanent
04/06/2016,0  6  / 0  6  / 2  0  16,0  4  / 0  7  / 2  0  16,"BlackRock, Inc.",San Francisco,64,Layoff Permanent
04/07/2016,0  6  / 1  3  / 2  0  16,0  4  / 0  7  / 2  0  16,Chevron,Bakersfield,98,Layoff Permanent
04/07/2016,0  4  / 3  0  / 2  0  16,0  4  / 0  8  / 2  0  16,PULAU Corporation,Fort Irwin,91,Layoff Permanent
04/08/2016,0  6  / 1  9  / 2  0  16,0  4  / 1  1  / 2  0  16,"Kohl's Department Stores, Inc.",Cypress,89,Closure Permanent
04/08/2016,0  6  / 1  9  / 2  0  16,0  4  / 1  1  / 2  0  16,"Kohl's Department Stores, Inc.",Rancho Cordova,91,Closure Permanent
04/08/2016,0  6  / 1  9  / 2  0  16,0  4  / 1  1  / 2  0  16,"Kohl's Department Stores, Inc.",San Diego,81,Closure Permanent
04/08/2016,0  6  / 1  9  / 2  0  16,0  4  / 1  1  / 2  0  16,"Kohl's Department Stores, Inc.",San Jose,91,Closure Permanent
04/08/2016,0  6  / 1  9  / 2  0  16,0  4  / 1  1  / 2  0  16,"Kohl's Department Stores, Inc.",Santa Ana,92,Closure Permanent
04/08/2016,0  6  / 1  9  / 2  0  16,0  4  / 1  1  / 2  0  16,"Kohl's Department Stores, Inc.",Upland,79,Closure Permanent
04/08/2016,0  6  / 1  9  / 2  0  16,0  4  / 1  2  / 2  0  16,"Kohl's Department Stores, Inc.",Ladera Ranch,75,Closure Permanent
04/08/2016,0  6  / 1  9  / 2  0  16,0  4  / 1  2  / 2  0  16,"Kohl's Department Stores, Inc.",San Gabriel,83,Closure Permanent
04/08/2016,0  6  / 1  9  / 2  0  16,0  4  / 1  2  / 2  0  16,"Kohl's Department Stores, Inc.",West Hills,99,Closure Permanent
04/13/2016,0  6  / 1  3  / 2  0  16,0  4  / 1  3  / 2  0  16,Kubota Tractor Corporation,Torrance,72,Closure Permanent
04/13/2016,0  6  / 3  0  / 2  0  16,0  4  / 1  4  / 2  0  16,"Sage Software, Inc.",Irvine,26,Layoff Permanent
04/14/2016,0  6  / 1  6  / 2  0  16,0  4  / 1  4  / 2  0  16,Sonora Packing Company,Gonzales,176,Closure Permanent
03/31/2016,0  5  / 3  1  / 2  0  16,0  4  / 1  5  / 2  0  16,"Toshiba Logistics America, Inc.",Irvine,4,Layoff Permanent
04/14/2016,0  6  / 1  7  / 2  0  16,0  4  / 1  5  / 2  0  16,"Western Digital Technology, Inc.",San Jose,71,Layoff Permanent
04/15/2016,0  6  / 1  4  / 2  0  16,0  4  / 1  5  / 2  0  16,Sport Chalet LLC,La Canada,37,Closure Permanent
04/15/2016,0  6  / 1  4  / 2  0  16,0  4  / 1  5  / 2  0  16,Sport Chalet LLC,La Canada,66,Closure Permanent
04/15/2016,0  6  / 1  4  / 2  0  16,0  4  / 1  5  / 2  0  16,Sport Chalet LLC,Ontario,82,Closure Permanent
04/15/2016,0  6  / 1  4  / 2  0  16,0  4  / 1  5  / 2  0  16,Sport Chalet LLC,Palmdale,59,Closure Permanent
04/15/2016,0  6  / 1  4  / 2  0  16,0  4  / 1  5  / 2  0  16,Sport Chalet LLC,San Diego,67,Closure Permanent
04/15/2016,0  6  / 1  4  / 2  0  16,0  4  / 1  5  / 2  0  16,Sport Chalet LLC,West Hills,56,Closure Permanent
04/15/2016,0  6  / 1  5  / 2  0  16,0  4  / 1  5  / 2  0  16,"Terex USA, LLC",Stockton,51,Layoff Permanent
04/14/2016,0  6  / 3  0  / 2  0  16,0  4  / 1  8  / 2  0  16,First Student,Santa Rosa,131,Closure Permanent
04/14/2016,0  6  / 3  0  / 2  0  16,0  4  / 1  8  / 2  0  16,First Student,Yucca Valley,71,Closure Permanent
04/15/2016,0  6  / 1  9  / 2  0  16,0  4  / 1  8  / 2  0  16,Burke Williams Day Spa,Los Angeles,101,Closure Temporary
04/14/2016,0  6  / 3  0  / 2  0  16,0  4  / 1  9  / 2  0  16,First Student,Santa Rosa,5,Closure Permanent
04/14/2016,0  6  / 3  0  / 2  0  16,0  4  / 1  9  / 2  0  16,First Student,Yucca Valley,5,Closure Permanent
04/18/2016,0  6  / 1  5  / 2  0  16,0  4  / 2  1  / 2  0  16,Veritas Technologies LLC,Mountain View,6,Layoff Permanent
04/18/2016,0  6  / 2  0  / 2  0  16,0  4  / 2  2  / 2  0  16,Normandie Casino,Gardena,380,Closure Permanent
04/22/2016,0  6  / 2  1  / 2  0  16,0  4  / 2  2  / 2  0  16,MSE Technologies LLC,Van Nuys,205,Layoff Permanent
04/25/2016,0  5  / 3  1  / 2  0  16,0  4  / 2  5  / 2  0  16,Intel Corporation,Folsom,269,Layoff Permanent
04/25/2016,0  5  / 3  1  / 2  0  16,0  4  / 2  5  / 2  0  16,Intel Corporation,Santa Clara,296,Layoff Permanent
04/20/2016,0  6  / 2  2  / 2  0  16,0  4  / 2  6  / 2  0  16,World Service West,Los Angeles,137,Closure Permanent
04/25/2016,0  6  / 3  0  / 2  0  16,0  4  / 2  6  / 2  0  16,"Solera Holdings, Inc.",San Diego,83,Closure Permanent
04/22/2016,0  6  / 2  4  / 2  0  16,0  4  / 2  7  / 2  0  16,Boeing Company,El Segundo,36,Layoff Unknown at this time
04/22/2016,0  6  / 2  4  / 2  0  16,0  4  / 2  7  / 2  0  16,Boeing Company,Huntington Beach,36,Layoff Unknown at this time
04/27/2016,0  6  / 3  0  / 2  0  16,0  4  / 2  7  / 2  0  16,Diversified Transportation,South Lake Tahoe,65,Closure Permanent
04/27/2016,0  7  / 0  1  / 2  0  16,0  4  / 2  8  / 2  0  16,"Andromeda Entertainment Enterprises,",Los Angeles,96,Closure Permanent
04/28/2016,0  6  / 2  9  / 2  0  16,0  4  / 2  8  / 2  0  16,Quantum Fuel Systems Technologies,Lake Forest,110,Closure Permanent
04/28/2016,0  6  / 3  0  / 2  0  16,0  4  / 2  8  / 2  0  16,"Xerox Business Services, LLC",Riverside,55,Layoff Permanent
04/25/2016,0  6  / 1  9  / 2  0  16,0  4  / 2  9  / 2  0  16,Bank of America,Simi Valley,40,Layoff Permanent
04/25/2016,0  6  / 1  9  / 2  0  16,0  4  / 2  9  / 2  0  16,Bank of America,Simi Valley,50,Layoff Permanent
04/26/2016,0  4  / 2  7  / 2  0  16,0  4  / 2  9  / 2  0  16,"Cisco Systems, Inc.",San Jose,83,Layoff Permanent
04/27/2016,0  6  / 3  0  / 2  0  16,0  4  / 2  9  / 2  0  16,"Sempermed USA, Inc.",Ontario,2,Closure Permanent
04/28/2016,0  5  / 2  7  / 2  0  16,0  4  / 2  9  / 2  0  16,"ecoATM, Inc.",San Diego,107,Layoff Permanent
04/29/2016,0  7  / 0  1  / 2  0  16,0  4  / 2  9  / 2  0  16,Freeport-McMoRan Oil & Gas LLC,Orcutt,9,Layoff Permanent
04/29/2016,0  7  / 0  1  / 2  0  16,0  4  / 2  9  / 2  0  16,Nortek Security & Control LLC,Eastvale,25,Closure Permanent
04/25/2016,0  6  / 2  2  / 2  0  16,0  5  / 0  2  / 2  0  16,"Zodiac Seat Shells U.S., LLC",Santa Maria,168,Layoff Permanent
04/28/2016,0  7  / 0  1  / 2  0  16,0  5  / 0  2  / 2  0  16,Ralphs Grocery Company,Indian Wells,63,Closure Unknown at this time
04/29/2016,0  7  / 0  1  / 2  0  16,0  5  / 0  2  / 2  0  16,Boeing Company,El Segundo,2,Layoff Unknown at this time
05/01/2016,0  6  / 3  0  / 2  0  16,0  5  / 0  2  / 2  0  16,Aramark Sports and Entertainment,Palm Springs,68,Closure Permanent
05/02/2016,0  7  / 0  1  / 2  0  16,0  5  / 0  3  / 2  0  16,"Versi-Staff Solutions, Inc.",North Hollywood,150,Layoff Permanent
05/03/2016,0  7  / 0  5  / 2  0  16,0  5  / 0  4  / 2  0  16,Prosper Marketplace Inc.,San Francisco,65,Layoff Permanent
05/04/2016,0  7  / 0  8  / 2  0  16,0  5  / 0  4  / 2  0  16,"Actavis, Inc.",Corona,19,Layoff Permanent
02/25/2016,0  5  / 2  9  / 2  0  16,0  5  / 0  5  / 2  0  16,Kmart,Los Angeles,132,Closure Permanent
05/02/2016,0  7  / 0  1  / 2  0  16,0  5  / 0  5  / 2  0  16,Maggiano's Little Italy,Sacramento,103,Closure Permanent
05/02/2016,0  7  / 0  8  / 2  0  16,0  5  / 0  5  / 2  0  16,Ardea Biosciences,San Diego,141,Layoff Permanent
05/04/2016,0  6  / 1  7  / 2  0  16,0  5  / 0  5  / 2  0  16,"Western Digital Technology, Inc.",Irvine,81,Layoff Permanent
05/04/2016,0  6  / 1  7  / 2  0  16,0  5  / 0  5  / 2  0  16,"Western Digital Technology, Inc.",Santa Ana,18,Layoff Permanent
03/04/2016,0  5  / 0  1  / 2  0  16,0  5  / 0  6  / 2  0  16,Visiting Nurse Association of the Inland,Redlands,8,Layoff Permanent
03/04/2016,0  5  / 0  1  / 2  0  16,0  5  / 0  6  / 2  0  16,Visiting Nurse Association of the Inland,Riverside,8,Layoff Permanent
05/04/2016,0  7  / 0  3  / 2  0  16,0  5  / 0  6  / 2  0  16,"Western Digital Technology, Inc.",Fremont,105,Layoff Permanent
04/29/2016,0  6  / 1  0  / 2  0  16,0  5  / 0  9  / 2  0  16,Symantec Corporation,Mountain View,15,Layoff Permanent
04/29/2016,0  6  / 3  0  / 2  0  16,0  5  / 0  9  / 2  0  16,First Student,Yucca Valley,5,Closure Permanent
04/29/2016,0  6  / 3  0  / 2  0  16,0  5  / 0  9  / 2  0  16,The Declan Suites San Diego,San Diego,65,Layoff Permanent
05/05/2016,0  5  / 0  2  / 2  0  16,0  5  / 0  9  / 2  0  16,Homemade Real Foods,Vernon,316,Layoff Permanent
05/05/2016,0  7  / 0  7  / 2  0  16,0  5  / 0  9  / 2  0  16,"Roof Diagnostics Solar and Electric, LLC",San Francisco,48,Layoff Permanent
05/06/2016,0  7  / 0  6  / 2  0  16,0  5  / 0  9  / 2  0  16,Brake Parts Inc.,Chowchilla,1,Layoff Permanent
05/09/2016,0  7  / 1  0  / 2  0  16,0  5  / 0  9  / 2  0  16,Los Angeles Guild LLC,Hawthorne,57,Layoff Permanent
05/04/2016,0  6  / 3  0  / 2  0  16,0  5  / 1  0  / 2  0  16,"Kabler Construction Services, Inc.",Oceanside,67,Layoff Permanent
05/04/2016,0  7  / 0  5  / 2  0  16,0  5  / 1  0  / 2  0  16,"CST California Stations, Inc.",Clovis,73,Closure Permanent
05/04/2016,0  7  / 0  5  / 2  0  16,0  5  / 1  0  / 2  0  16,"CST California Stations, Inc.",Martinez,34,Closure Permanent
05/10/2016,0  5  / 1  0  / 2  0  16,0  5  / 1  0  / 2  0  16,"Disney Interactive Studios, Inc.",Glendale,55,Layoff Unknown at this time
05/04/2016,0  7  / 0  3  / 2  0  16,0  5  / 1  1  / 2  0  16,"Western Digital Technology, Inc.",San Jose,232,Layoff Permanent
05/04/2016,0  7  / 0  5  / 2  0  16,0  5  / 1  1  / 2  0  16,"CST California Stations, Inc.",Atwater,48,Closure Permanent
05/04/2016,0  7  / 0  5  / 2  0  16,0  5  / 1  1  / 2  0  16,"CST California Stations, Inc.",Bakersfield,19,Closure Permanent
05/04/2016,0  7  / 0  5  / 2  0  16,0  5  / 1  1  / 2  0  16,"CST California Stations, Inc.",Barstow,22,Closure Permanent
05/04/2016,0  7  / 0  5  / 2  0  16,0  5  / 1  1  / 2  0  16,"CST California Stations, Inc.",Benicia,25,Closure Permanent
05/04/2016,0  7  / 0  5  / 2  0  16,0  5  / 1  1  / 2  0  16,"CST California Stations, Inc.",Castroville,52,Closure Permanent
05/04/2016,0  7  / 0  5  / 2  0  16,0  5  / 1  1  / 2  0  16,"CST California Stations, Inc.",Cathedral City,15,Closure Permanent
05/04/2016,0  7  / 0  5  / 2  0  16,0  5  / 1  1  / 2  0  16,"CST California Stations, Inc.",Chowchilla,25,Closure Permanent
05/04/2016,0  7  / 0  5  / 2  0  16,0  5  / 1  1  / 2  0  16,"CST California Stations, Inc.",El Cajon,44,Closure Permanent
05/04/2016,0  7  / 0  5  / 2  0  16,0  5  / 1  1  / 2  0  16,"CST California Stations, Inc.",Fair Oaks,6,Closure Permanent
05/04/2016,0  7  / 0  5  / 2  0  16,0  5  / 1  1  / 2  0  16,"CST California Stations, Inc.",Fillmore,13,Closure Permanent
05/04/2016,0  7  / 0  5  / 2  0  16,0  5  / 1  1  / 2  0  16,"CST California Stations, Inc.",Goleta,15,Closure Permanent
05/04/2016,0  7  / 0  5  / 2  0  16,0  5  / 1  1  / 2  0  16,"CST California Stations, Inc.",Hanford,41,Closure Permanent
05/04/2016,0  7  / 0  5  / 2  0  16,0  5  / 1  1  / 2  0  16,"CST California Stations, Inc.",Morgan Hill,18,Closure Permanent
05/04/2016,0  7  / 0  5  / 2  0  16,0  5  / 1  1  / 2  0  16,"CST California Stations, Inc.",Morro Bay,12,Closure Permanent
05/04/2016,0  7  / 0  5  / 2  0  16,0  5  / 1  1  / 2  0  16,"CST California Stations, Inc.",Oakdale,7,Closure Permanent
05/04/2016,0  7  / 0  5  / 2  0  16,0  5  / 1  1  / 2  0  16,"CST California Stations, Inc.",Orange,12,Closure Permanent
05/04/2016,0  7  / 0  5  / 2  0  16,0  5  / 1  1  / 2  0  16,"CST California Stations, Inc.",Palo Alto,7,Closure Permanent
05/04/2016,0  7  / 0  5  / 2  0  16,0  5  / 1  1  / 2  0  16,"CST California Stations, Inc.",Santa Cruz,48,Closure Permanent
05/04/2016,0  7  / 0  5  / 2  0  16,0  5  / 1  1  / 2  0  16,"CST California Stations, Inc.",Sonora,6,Closure Permanent
05/04/2016,0  7  / 0  5  / 2  0  16,0  5  / 1  1  / 2  0  16,"CST California Stations, Inc.",Visalia,14,Closure Permanent
05/02/2016,0  6  / 3  0  / 2  0  16,0  5  / 1  3  / 2  0  16,"Jacobs Technology, Inc.",Moffett Field,55,Layoff Permanent
05/05/2016,1  2  / 3  1  / 2  0  16,0  5  / 1  3  / 2  0  16,Jamba Juice,Emeryville,103,Closure Permanent
05/10/2016,0  7  / 1  5  / 2  0  16,0  5  / 1  6  / 2  0  16,"Thrive Market, Inc.",Commerce,98,Closure Permanent
05/17/2016,0  7  / 2  9  / 2  0  16,0  5  / 1  8  / 2  0  16,Brake Parts Inc.,Chowchilla,3,Layoff Permanent
05/18/2016,0  7  / 2  2  / 2  0  16,0  5  / 1  8  / 2  0  16,Ryder,Fontana,11,Layoff Permanent
03/04/2016,0  4  / 0  4  / 2  0  16,0  5  / 1  9  / 2  0  16,Visiting Nurse Association of the Inland,Victorville,55,Closure Unknown at this time
03/04/2016,0  5  / 0  1  / 2  0  16,0  5  / 1  9  / 2  0  16,Visiting Nurse Association of the Inland,Redlands,3,Layoff Permanent
03/04/2016,0  5  / 0  1  / 2  0  16,0  5  / 1  9  / 2  0  16,Visiting Nurse Association of the Inland,Riverside,10,Layoff Permanent
04/15/2016,0  6  / 1  8  / 2  0  16,0  5  / 2  0  / 2  0  16,Southern California Edison Company,Rosemead,73,Layoff Permanent
05/17/2016,0  7  / 1  8  / 2  0  16,0  5  / 2  0  / 2  0  16,"Sage Software, Inc.",Irvine,2,Layoff Permanent
05/19/2016,0  6  / 1  0  / 2  0  16,0  5  / 2  0  / 2  0  16,"Sports Authority, Inc.",Fontana,122,Closure Permanent
05/19/2016,0  7  / 2  0  / 2  0  16,0  5  / 2  0  / 2  0  16,Levy Restaurants,Ontario,167,Closure Permanent
05/09/2016,0  6  / 3  0  / 2  0  16,0  5  / 2  3  / 2  0  16,"Bienvenidos Children Center, Inc.",Los Angeles,4,Layoff Permanent
05/09/2016,0  6  / 3  0  / 2  0  16,0  5  / 2  3  / 2  0  16,"Bienvenidos Children Center, Inc.",Palmdale,3,Layoff Permanent
05/19/2016,0  7  / 1  9  / 2  0  16,0  5  / 2  3  / 2  0  16,"Solar Link International, Inc.",Ontario,169,Layoff Permanent
05/20/2016,0  7  / 2  2  / 2  0  16,0  5  / 2  3  / 2  0  16,Boeing Company,El Segundo,45,Layoff Unknown at this time
05/20/2016,0  7  / 2  2  / 2  0  16,0  5  / 2  3  / 2  0  16,Boeing Company,Huntington Beach,73,Layoff Unknown at this time
05/23/2016,0  7  / 2  3  / 2  0  16,0  5  / 2  3  / 2  0  16,"Mi Pueblo, LLC",Newark,76,Closure Permanent
05/19/2016,0  6  / 3  0  / 2  0  16,0  5  / 2  4  / 2  0  16,"AEG Management Ontario, LLC",Ontario,280,Layoff Permanent
05/20/2016,0  4  / 0  5  / 2  0  17,0  5  / 2  4  / 2  0  16,"L-3 Communications Divisions, Electron",San Carlos,69,Closure Permanent
05/20/2016,0  8  / 0  1  / 2  0  16,0  5  / 2  5  / 2  0  16,"Benz Sanitation Inc,Benz Propane Co.",Tehachapi,132,Layoff Permanent
05/23/2016,0  7  / 2  5  / 2  0  16,0  5  / 2  6  / 2  0  16,"Nestle USA, Inc.",Modesto,72,Layoff Temporary
05/25/2016,0  5  / 2  6  / 2  0  16,0  5  / 2  6  / 2  0  16,"SunEdison, Inc.",Belmont,85,Layoff Permanent
05/25/2016,0  5  / 2  6  / 2  0  16,0  5  / 2  6  / 2  0  16,"SunEdison, Inc.",Petaluma,17,Layoff Permanent
05/25/2016,0  5  / 2  6  / 2  0  16,0  5  / 2  6  / 2  0  16,"SunEdison, Inc.",San Francisco,9,Layoff Permanent
05/25/2016,0  7  / 3  1  / 2  0  16,0  5  / 2  6  / 2  0  16,The Fresno Bee,Fresno,85,Layoff Permanent
03/14/2016,0  6  / 1  2  / 2  0  16,0  5  / 2  7  / 2  0  16,"Yamashiro, Inc.",Los Angeles,82,Closure Permanent
05/25/2016,0  7  / 3  1  / 2  0  16,0  5  / 2  7  / 2  0  16,"National Retail Transportation, Inc.",Fontana,125,Closure Permanent
05/26/2016,0  5  / 2  4  / 2  0  16,0  5  / 2  7  / 2  0  16,BAE SYSTEMS,San Francisco,1,Layoff Temporary
05/26/2016,0  5  / 2  4  / 2  0  16,0  5  / 2  7  / 2  0  16,BAE SYSTEMS,San Francisco,53,Layoff Temporary
05/26/2016,0  8  / 0  1  / 2  0  16,0  5  / 2  7  / 2  0  16,"Playtika Santa Monica, LLC",Santa Monica,111,Layoff Permanent
05/27/2016,0  7  / 3  1  / 2  0  16,0  5  / 2  7  / 2  0  16,Bloomingdale's 59th & Lex Cafe,Los Angeles,17,Closure Temporary
05/27/2016,0  8  / 0  1  / 2  0  16,0  5  / 2  7  / 2  0  16,"Buca Restaurants 2, Inc.",Santa Monica,39,Closure Permanent
05/06/2016,0  7  / 0  8  / 2  0  16,0  5  / 3  1  / 2  0  16,Pactiv LLC,Vernon,106,Closure Permanent
05/26/2016,0  7  / 2  6  / 2  0  16,0  5  / 3  1  / 2  0  16,"Simply Hired, Inc.",Sunnyvale,94,Closure Permanent
05/27/2016,0  7  / 2  9  / 2  0  16,0  5  / 3  1  / 2  0  16,Brake Parts Inc.,Chowchilla,65,Closure Permanent
05/28/2016,0  7  / 2  9  / 2  0  16,0  5  / 3  1  / 2  0  16,Safeway Inc. / Albertsons Companies,Pleasanton,5,Layoff Unknown at this time
05/25/2016,0  6  / 3  0  / 2  0  16,0  6  / 0  1  / 2  0  16,Corizon Health,Dublin,130,Layoff Permanent
05/25/2016,0  6  / 3  0  / 2  0  16,0  6  / 0  1  / 2  0  16,Corizon Health,Oakland,26,Layoff Permanent
06/01/2016,0  7  / 3  1  / 2  0  16,0  6  / 0  1  / 2  0  16,United Technologies Corporation,San Diego,6,Closure Permanent
06/01/2016,0  9  / 3  0  / 2  0  16,0  6  / 0  1  / 2  0  16,"CVS Pharmacy, Inc.",Rancho Cordova,152,Layoff Permanent
05/12/2016,0  5  / 1  8  / 2  0  16,0  6  / 0  2  / 2  0  16,"Veritas Technologies, LLC",Mountain View,128,Layoff Permanent
06/01/2016,0  8  / 0  5  / 2  0  16,0  6  / 0  2  / 2  0  16,"Actavis, Inc.",Corona,31,Layoff Permanent
06/02/2016,0  8  / 0  2  / 2  0  16,0  6  / 0  2  / 2  0  16,"Steiner eOptics, Inc.",Monterey,69,Closure Permanent
06/03/2016,0  8  / 0  5  / 2  0  16,0  6  / 0  3  / 2  0  16,Ryder,Fontana,47,Layoff Permanent
06/01/2016,1  2  / 3  1  / 2  0  16,0  6  / 0  6  / 2  0  16,American Medical Response / Centrex,Modesto,8,Layoff Permanent
06/02/2016,0  8  / 0  1  / 2  0  16,0  6  / 0  6  / 2  0  16,Prometheus Laboratories Inc.,San Diego,55,Layoff Permanent
06/06/2016,0  8  / 0  4  / 2  0  16,0  6  / 0  6  / 2  0  16,Xerox Corporation,Cerritos,39,Closure Permanent
06/01/2016,0  7  / 3  1  / 2  0  16,0  6  / 0  7  / 2  0  16,"Mandalay Berry Farms, Inc.",Oxnard,565,Closure Permanent
06/06/2016,0  8  / 1  3  / 2  0  16,0  6  / 0  7  / 2  0  16,Save Mart Supermarkets,Vacaville,325,Closure Permanent
06/07/2016,0  8  / 0  9  / 2  0  16,0  6  / 0  8  / 2  0  16,Alcoa Fastening Systems & Rings,Fontana,189,Layoff Permanent
12/07/2015,1  2  / 0  7  / 2  0  15,0  6  / 0  8  / 2  0  16,Abbott Vascular,Redwood City,160,Closure Permanent
05/31/2016,0  8  / 0  1  / 2  0  16,0  6  / 0  9  / 2  0  16,"StemCells, Inc.",Newark,26,Closure Permanent
05/31/2016,0  8  / 0  1  / 2  0  16,0  6  / 0  9  / 2  0  16,"StemCells, Inc.",Sunnyvale,27,Closure Permanent
06/10/2016,0  8  / 0  6  / 2  0  16,0  6  / 1  3  / 2  0  16,Southern California Edison Company,Rosemead,37,Layoff Permanent
06/13/2016,0  8  / 1  2  / 2  0  16,0  6  / 1  3  / 2  0  16,Safeway Inc.,Pleasanton,3,Layoff Unknown at this time
06/13/2016,0  8  / 1  6  / 2  0  16,0  6  / 1  4  / 2  0  16,"Caddock Electronics, Inc.",Riverside,60,Closure Permanent
06/14/2016,0  8  / 1  5  / 2  0  16,0  6  / 1  5  / 2  0  16,Carpenter Co.,Lathrop,198,Closure Permanent
06/06/2016,0  2  / 2  0  / 2  0  15,0  6  / 1  6  / 2  0  16,"eBay, Inc.",San Jose,538,Layoff Permanent
06/09/2016,0  6  / 0  9  / 2  0  16,0  6  / 1  6  / 2  0  16,Restoration Hardware,Corte Madera,53,Layoff Permanent
06/09/2016,1  0  / 0  1  / 2  0  16,0  6  / 1  6  / 2  0  16,Thermo Fisher,Carlsbad,33,Layoff Permanent
06/15/2016,0  8  / 1  7  / 2  0  16,0  6  / 1  6  / 2  0  16,"Adecco USA, Inc.",Ontario,730,Layoff Permanent
06/13/2016,0  9  / 3  0  / 2  0  16,0  6  / 1  7  / 2  0  16,SKF USA Inc.,San Diego,55,Layoff Permanent
06/14/2016,0  8  / 1  4  / 2  0  16,0  6  / 1  7  / 2  0  16,Gap Inc.,San Francisco,200,Layoff Permanent
06/17/2016,0  8  / 1  9  / 2  0  16,0  6  / 1  7  / 2  0  16,Ryder,Fontana,9,Layoff Permanent
05/26/2016,0  7  / 0  1  / 2  0  16,0  6  / 2  0  / 2  0  16,"Experience Works, Inc.",Napa,6,Closure Permanent
06/15/2016,0  9  / 1  5  / 2  0  16,0  6  / 2  0  / 2  0  16,"Taylor Farms Pacific, Inc.",Tracy,192,Layoff Permanent
06/16/2016,0  8  / 3  1  / 2  0  16,0  6  / 2  0  / 2  0  16,"Xtreme Solutions, Inc.",Ontario,80,Layoff Permanent
06/17/2016,0  8  / 1  9  / 2  0  16,0  6  / 2  1  / 2  0  16,Boeing Company,El Segundo,41,Layoff Unknown at this time
06/17/2016,0  8  / 1  9  / 2  0  16,0  6  / 2  1  / 2  0  16,Boeing Company,Huntington Beach,42,Layoff Unknown at this time
06/21/2016,0  8  / 2  1  / 2  0  16,0  6  / 2  1  / 2  0  16,Jacobs Technology Inc.,Camarillo,1,Layoff Permanent
06/21/2016,0  8  / 2  1  / 2  0  16,0  6  / 2  1  / 2  0  16,Jacobs Technology Inc.,Edwards,59,Layoff Permanent
06/21/2016,0  8  / 2  1  / 2  0  16,0  6  / 2  1  / 2  0  16,Jacobs Technology Inc.,Palmdale,5,Layoff Permanent
06/23/2016,0  7  / 2  2  / 2  0  16,0  6  / 2  3  / 2  0  16,VSE Corporation,Barstow,9,Closure Unknown at this time
06/24/2016,1  2  / 3  1  / 2  0  16,0  6  / 2  4  / 2  0  16,Lightspeed Systems,Bakersfield,80,Layoff Permanent
06/27/2016,0  8  / 2  6  / 2  0  16,0  6  / 2  7  / 2  0  16,LendingClub Corporation,San Francisco,159,Layoff Permanent
06/15/2016,0  8  / 0  1  / 2  0  16,0  6  / 2  8  / 2  0  16,Thomas & Betts,San Jose,44,Closure Permanent
06/24/2016,0  8  / 2  6  / 2  0  16,0  6  / 3  0  / 2  0  16,Nordstrom Horton Plaza Store,San Diego,169,Closure Permanent
06/30/2016,0  8  / 3  1  / 2  0  16,0  6  / 3  0  / 2  0  16,"Arena Pharmaceuticals, Inc.",San Diego,100,Layoff Permanent
