notice_date,effective_date,received_date,company,city,employees,layoff_closure
06/29/2018,08/28/2018,07/02/2018,"Dream Center Education Holdings, LLC",Alameda,Alameda County,78,Closure Permanent
06/29/2018,08/28/2018,07/02/2018,"Dream Center Education Holdings, LLC",Ontario,San Bernardino,88,Closure Permanent
06/29/2018,08/28/2018,07/02/2018,"Dream Center Education Holdings, LLC",Sacramento,Sacramento,124,Closure Permanent
06/29/2018,08/28/2018,07/02/2018,"Dream Center Education Holdings, LLC",San Bernardino,San Bernardino,110,Closure Permanent
06/29/2018,08/28/2018,07/02/2018,"Dream Center Education Holdings, LLC",San Francisco,San Francisco,138,Closure Permanent
06/29/2018,08/28/2018,07/02/2018,"Dream Center Education Holdings, LLC",Santa Ana,Orange County,161,Closure Permanent
06/29/2018,08/31/2018,07/03/2018,Alaska USA Federal Credit Union,Apple Valley,San Bernardino,135,Closure Permanent
07/03/2018,08/31/2018,07/05/2018,"Bethesda Lutheran Communities, Inc.",Redding,Shasta County,34,Closure Permanent
06/28/2018,09/30/2018,07/06/2018,"Sears, Roebuck and Co.",Newark,Alameda County,8,Closure Permanent
06/28/2018,09/30/2018,07/06/2018,"Sears, Roebuck and Co.",Newark,Alameda County,46,Closure Permanent
06/29/2018,08/31/2018,07/06/2018,"Eagle Intermodal Services, Inc.",San Bernardino,San Bernardino,262,Closure Permanent
06/28/2018,06/28/2018,07/09/2018,"Space Systems/Loral, LLC",Palo Alto,Santa Clara,109,Layoff Permanent
07/05/2018,09/03/2018,07/09/2018,Minson Corporation,Montebello,Los Angeles,113,Closure Permanent
07/05/2018,09/10/2018,07/10/2018,"Apple Gilroy, Inc.",Milpitas,Santa Clara,51,Closure Permanent
07/06/2018,09/07/2018,07/10/2018,"FHI, LLC",Riverside,Riverside County,115,Closure Permanent
07/09/2018,09/10/2018,07/10/2018,"Aqua Metals, Inc.",Alameda,Alameda County,12,Closure Permanent
07/09/2018,09/10/2018,07/11/2018,"Cavium, Inc.",Irvine,Orange County,35,Layoff Permanent
07/09/2018,09/10/2018,07/11/2018,"Cavium, Inc.",Roseville,Placer County,3,Layoff Permanent
04/11/2018,06/11/2018,07/12/2018,"Theranos, Inc.",Newark,Alameda County,125,Layoff Permanent
07/09/2018,09/10/2018,07/12/2018,"Marvell Semiconductor, Inc.",Aliso Viejo,Orange County,1,Layoff Permanent
07/09/2018,09/10/2018,07/12/2018,"Marvell Semiconductor, Inc.",Santa Clara,Santa Clara,44,Layoff Permanent
06/26/2018,06/26/2018,07/16/2018,"Banc of California, N.A.",Santa Ana,Orange County,45,Layoff Permanent
07/11/2018,09/12/2018,07/16/2018,"Novartis Institutes for BioMedical Research, Inc.",Emeryville,Alameda County,149,Closure Permanent
04/30/2018,06/29/2018,07/18/2018,"Taylor Communications, Inc.",Livermore,Alameda County,37,Closure Permanent
06/12/2018,09/17/2018,07/18/2018,"Golden State Overnight Delivery Service, Inc.",Gardena,Los Angeles,72,Layoff Permanent
07/13/2018,09/11/2018,07/18/2018,Hub Group,Perris,Riverside County,6,Layoff Unknown at this time
07/13/2018,10/31/2018,07/18/2018,The J.M. Smucker Company,San Francisco,San Francisco,100,Closure Permanent
06/12/2018,09/17/2018,07/19/2018,"Golden State Overnight Delivery Service, Inc.",Santa Ana,Orange County,66,Layoff Permanent
07/12/2018,10/01/2018,07/19/2018,Ingredion Incorporated,Stockton,San Joaquin,65,Layoff Permanent
07/12/2018,10/14/2018,07/19/2018,Kmart Corporation,Goleta,Santa Barbara,146,Closure Permanent
07/17/2018,09/15/2018,07/20/2018,"Wind River Systems, Inc.",Alameda,Alameda County,64,Layoff Permanent
07/18/2018,09/17/2018,07/20/2018,"iPayment, Inc.",Westlake Village,Ventura County,30,Layoff Permanent
07/17/2018,09/21/2018,07/23/2018,"Swissport SA, LLC",Los Angeles,Los Angeles,829,Layoff Permanent
07/17/2018,10/01/2018,07/23/2018,ITW Bay Area Label,San Jose,Santa Clara,54,Closure Permanent
07/19/2018,09/15/2018,07/23/2018,Fresno Economic Opportunities Commission,Fresno,Fresno County,47,Layoff Unknown at this time
07/17/2018,07/17/2018,07/24/2018,"Performance Chevrolet, Inc.",Sacramento,Sacramento,1,Layoff Unknown at this time
07/24/2018,09/30/2018,07/24/2018,"Hakkasan Holdings, LLC, d/b/a Hakkasan Group",West Hollywood,Los Angeles,99,Closure Permanent
07/24/2018,09/23/2018,07/25/2018,"P.F. Changs China Bistro, lnc.",El Segundo,Los Angeles,94,Closure Permanent
07/25/2018,09/23/2018,07/25/2018,"Stearns Lending, LLC",Santa Ana,Orange County,136,Closure Permanent
07/25/2018,09/23/2018,07/26/2018,"DaVita Rx, LLC d/b/a DaVita Rx",San Bruno,San Mateo County,32,Closure Permanent
07/25/2018,09/24/2018,07/26/2018,"Cavium, Inc.",San Jose,Santa Clara,7,Layoff Permanent
07/27/2018,09/30/2018,07/27/2018,"MV Transportation, Inc.",Visalia,Tulare County,135,Layoff Permanent
07/27/2018,10/06/2018,07/27/2018,Best Buy,Long Beach,Los Angeles,68,Closure Permanent
07/27/2018,08/31/2018,07/30/2018,Bay Club Howard Hughes,Los Angeles,Los Angeles,100,Closure Permanent
07/27/2018,09/25/2018,07/30/2018,"6417 Selma Hotel, LLC",Los Angeles,Los Angeles,81,Layoff Permanent
07/23/2018,07/02/2018,07/31/2018,"DW Berry Farms, LLC",Oxnard,Ventura County,380,Layoff Permanent
07/25/2018,08/03/2018,07/31/2018,"Mattel, Inc.",El Segundo,Los Angeles,140,Layoff Permanent
07/26/2018,09/24/2018,07/31/2018,Ant Farm,Los Angeles,Los Angeles,80,Closure Permanent
08/01/2018,09/30/2018,08/01/2018,"BMA Car Wash, Inc.",Canoga Park,Los Angeles,47,Closure Permanent
07/25/2018,09/27/2018,08/02/2018,Pyramid Petaluma Management L.P.,Petaluma,Sonoma County,89,Layoff Permanent
08/01/2018,09/30/2018,08/02/2018,"Trinity Christian Center of Santa Ana, Inc.",Tustin,Orange County,166,Layoff Permanent
07/30/2018,09/26/2018,08/03/2018,National Steel and Shipbuilding Company,San Diego,San Diego County,1493,Layoff Unknown at this time
08/01/2018,10/01/2018,08/03/2018,DJO Global,Vista,San Diego County,187,Layoff Permanent
07/31/2018,10/31/2018,08/07/2018,Oxnard Lemon Company,Oxnard,Ventura County,155,Layoff Permanent
07/26/2018,08/31/2018,08/09/2018,"Genentech, Inc. and Genentech USA, Inc.",South San,San Mateo County,223,Layoff Permanent
08/08/2018,10/07/2018,08/09/2018,"Everyone Counts, Inc.",La Jolla,San Diego County,18,Layoff Permanent
08/09/2018,11/09/2018,08/09/2018,"Warner Media, LLC",Burbank,Los Angeles,2,Layoff Permanent
07/31/2018,07/31/2018,08/10/2018,"ISI Detention Contracting Group, Inc. dba Argyle",Orange,Orange County,27,Closure Permanent
08/03/2018,10/03/2018,08/10/2018,Apttus,San Mateo,San Mateo County,65,Layoff Permanent
08/18/2018,10/07/2018,08/13/2018,Kings Fish House Carlsbad,Carlsbad,San Diego County,86,Closure Temporary
08/10/2018,10/12/2018,08/15/2018,CODAN US Corporation,Santa Ana,Orange County,98,Layoff Permanent
08/09/2018,09/03/2018,08/16/2018,"MIDA Industries, Inc.",Fremont,Alameda County,55,Layoff Unknown at this time
08/16/2018,10/15/2018,08/16/2018,"AwesomenessTV Holdings, LLC",Santa Monica,Los Angeles,98,Layoff Permanent
08/16/2018,10/15/2018,08/17/2018,Archer Norris,Los Angeles,Los Angeles,18,Closure Permanent
08/16/2018,10/15/2018,08/17/2018,Archer Norris,Newport Beach,Orange County,2,Closure Permanent
08/16/2018,10/15/2018,08/17/2018,Archer Norris,San Francisco,San Francisco,7,Closure Permanent
08/16/2018,10/15/2018,08/17/2018,Archer Norris,Walnut Creek,Contra Costa,97,Closure Permanent
08/16/2018,10/16/2018,08/17/2018,Deluxe Entertainment Services Group Inc.,Burbank,Los Angeles,22,Layoff Permanent
08/16/2018,10/16/2018,08/17/2018,Deluxe Entertainment Services Group Inc.,Burbank,Los Angeles,24,Layoff Permanent
08/20/2018,10/19/2018,08/20/2018,AT&T,San Ramon,Contra Costa,59,Layoff Permanent
08/20/2018,10/19/2018,08/20/2018,"Global Cash Card, Inc.",Irvine,Orange County,228,Layoff Permanent
08/10/2018,10/15/2018,08/21/2018,Target,San Bernardino,San Bernardino,108,Closure Permanent
08/14/2018,03/31/2019,08/21/2018,"Peter Brasseler Holdings, LLC",Ventura,Ventura County,56,Closure Permanent
08/16/2018,10/20/2018,08/21/2018,"Jacobson Warehouse Company, Inc. dba XPO",Tracy,San Joaquin,74,Closure Permanent
08/20/2018,10/19/2018,08/21/2018,Mayfield Robotics,Redwood City,San Mateo County,63,Closure Permanent
08/14/2018,11/16/2018,08/22/2018,"Banc of California, N.A.",Santa Ana,Orange County,4,Closure Permanent
08/14/2018,11/16/2018,08/22/2018,"Banc of California, N.A.",Whittier,Los Angeles,5,Closure Permanent
08/21/2018,10/20/2018,08/22/2018,"Orchard Supply Company, LLC",Tracy,San Joaquin,249,Closure Permanent
08/21/2018,10/20/2018,08/23/2018,"Orchard Supply Company, LLC",Capitola,Santa Cruz,52,Closure Permanent
08/21/2018,10/20/2018,08/23/2018,"Orchard Supply Company, LLC",Chico,Butte County,54,Closure Permanent
08/21/2018,10/20/2018,08/23/2018,"Orchard Supply Company, LLC",Concord,Contra Costa,50,Closure Permanent
08/21/2018,10/20/2018,08/23/2018,"Orchard Supply Company, LLC",Goleta,Santa Barbara,56,Closure Permanent
08/21/2018,10/20/2018,08/23/2018,"Orchard Supply Company, LLC",La Crescenta,Los Angeles,54,Closure Permanent
08/21/2018,10/20/2018,08/23/2018,"Orchard Supply Company, LLC",Los Angeles,Los Angeles,137,Closure Permanent
08/21/2018,10/20/2018,08/23/2018,"Orchard Supply Company, LLC",Modesto,Stanislaus County,59,Closure Permanent
08/21/2018,10/20/2018,08/23/2018,"Orchard Supply Company, LLC",Mountain View,Santa Clara,57,Closure Permanent
08/21/2018,10/20/2018,08/23/2018,"Orchard Supply Company, LLC",Pasadena,Los Angeles,125,Closure Permanent
08/21/2018,10/20/2018,08/23/2018,"Orchard Supply Company, LLC",San Jose,Santa Clara,406,Closure Permanent
08/21/2018,10/20/2018,08/23/2018,"Orchard Supply Company, LLC",San Leandro,Alameda County,57,Closure Permanent
08/21/2018,10/20/2018,08/23/2018,"Orchard Supply Company, LLC",San Rafael,Marin County,50,Closure Permanent
08/21/2018,10/20/2018,08/23/2018,"Orchard Supply Company, LLC",Thousand Oaks,Ventura County,57,Closure Permanent
08/21/2018,10/20/2018,08/23/2018,"Orchard Supply Company, LLC",Torrance,Los Angeles,52,Closure Permanent
07/16/2018,08/22/2018,08/24/2018,Symantec Corporation,Mountain View,Santa Clara,20,Layoff Permanent
07/09/2018,09/10/2018,08/27/2018,"Cavium, Inc.",San Jose,Santa Clara,41,Layoff Permanent
08/20/2018,10/21/2018,08/28/2018,Silgan Containers,Modesto,Stanislaus County,86,Layoff Temporary
08/20/2018,10/21/2018,08/28/2018,Silgan Containers,Modesto,Stanislaus County,95,Layoff Temporary
08/21/2018,10/22/2018,08/28/2018,Silgan Containers,Riverbank,Stanislaus County,157,Layoff Temporary
08/27/2018,10/19/2018,08/28/2018,Menzies Aviation,San Francisco,San Francisco,172,Layoff Permanent
08/28/2018,12/01/2018,08/28/2018,Novanta,San Jose,Santa Clara,42,Layoff Permanent
08/21/2018,11/25/2018,08/29/2018,Kmart Corporation,Clovis,Fresno County,64,Closure Permanent
08/21/2018,11/25/2018,08/29/2018,Kmart Corporation,Los Angeles,Los Angeles,120,Closure Permanent
08/22/2018,11/25/2018,08/29/2018,Kmart Corporation,Antioch,Contra Costa,68,Closure Permanent
06/27/2018,08/31/2018,08/31/2018,California Medical Business Services,Arcadia,Los Angeles,59,Closure Permanent
07/18/2018,09/21/2018,08/31/2018,"Golden State Overnight Delivery Service, Inc.",Santa Fe,Los Angeles,74,Layoff Permanent
07/27/2018,09/28/2018,08/31/2018,"Golden State Overnight Delivery Service, Inc.",Ontario,San Bernardino,84,Layoff Permanent
08/20/2018,10/22/2018,08/31/2018,Silgan Containers,Modesto,Stanislaus County,62,Layoff Temporary
08/28/2018,10/30/2018,08/31/2018,Allstate Insurance Company,San Diego,San Diego County,58,Closure Permanent
08/31/2018,10/30/2018,08/31/2018,"Rainbow Disposal Co., Inc.",Huntington,Orange County,71,Layoff Permanent
08/31/2018,10/31/2018,08/31/2018,"InterContinental Hotels Group Resources, Inc.",San Francisco,San Francisco,186,Layoff Permanent
08/02/2018,10/03/2018,09/04/2018,"Golden State Overnight Delivery Service, Inc.",San Diego,San Diego County,52,Layoff Permanent
08/29/2018,12/15/2018,09/04/2018,ThredUp Inc.,San Leandro,Alameda County,118,Closure Permanent
09/04/2008,09/04/2018,09/06/2018,Adventist Health St. Helena,Saint Helena,Napa County,5,Layoff Permanent
09/04/2018,10/30/2018,09/06/2018,"Renovate America, Inc.",San Diego,San Diego County,83,Layoff Permanent
09/04/2018,12/31/2018,09/06/2018,Extreme Logistics Solutions Inc.,Victorville,San Bernardino,56,Closure Permanent
09/06/2018,09/13/2018,09/06/2018,"Carbine, LLC",Aliso Viejo,Orange County,47,Layoff Unknown at this time
09/06/2018,11/05/2018,09/06/2018,Peninsula Packaging,Hollister,San Benito County,156,Closure Permanent
09/04/2018,09/04/2018,09/07/2018,Meta Company,San Mateo,San Mateo County,88,Layoff Temporary
09/06/2018,11/08/2018,09/07/2018,Brinderson,Martinez,Contra Costa,98,Layoff Permanent
09/07/2018,11/12/2018,09/07/2018,Silgan Containers,Sacramento,Sacramento,49,Layoff Temporary
09/07/2018,11/09/2018,09/11/2018,"Super Rx, Inc.",Encinitas,San Diego County,11,Closure Permanent
09/07/2018,11/09/2018,09/11/2018,"Super Rx, Inc.",Fullerton,Orange County,12,Closure Permanent
09/07/2018,11/09/2018,09/11/2018,"Super Rx, Inc.",Palm Springs,Riverside County,40,Closure Permanent
09/07/2018,11/09/2018,09/11/2018,"Super Rx, Inc.",San Bernardino,San Bernardino,35,Closure Permanent
05/01/2018,07/02/2018,09/13/2018,Credit.org/Springboard Solutions,Riverside,Riverside County,214,Closure Permanent
09/06/2018,12/09/2018,09/13/2018,Kmart Corporation,Pinole,Contra Costa,67,Closure Permanent
09/13/2018,11/04/2018,09/13/2018,Savers,Milpitas,Santa Clara,54,Closure Permanent
09/13/2018,11/16/2018,09/13/2018,CoreLogic,Los Angeles,Los Angeles,60,Closure Permanent
09/14/2018,12/14/2018,09/17/2018,"Conduent Education Services, LLC",Long Beach,Los Angeles,20,Layoff Permanent
09/18/2018,03/15/2019,09/18/2018,CentralSquare Technologies,San Diego,San Diego County,144,Closure Permanent
08/03/2018,10/03/2018,09/19/2018,"Golden State Overnight Delivery Service, Inc.",Santa Clarita,Los Angeles,67,Layoff Permanent
09/12/2018,11/13/2018,09/19/2018,"Addepar, Inc.",Mountain View,Santa Clara,20,Layoff Permanent
09/18/2018,03/19/2019,09/19/2018,Masonite Corporation,Stockton,San Joaquin,131,Closure Permanent
09/19/2018,09/30/2018,09/19/2018,"VeriFone, Inc.",San Jose,Santa Clara,69,Layoff Permanent
09/19/2018,11/20/2018,09/19/2018,Qualcomm Incorporated,San Diego,San Diego County,94,Layoff Unknown at this time
09/19/2018,12/31/2018,09/19/2018,"Entegris, Inc.",San Diego,San Diego County,16,Closure Permanent
09/19/2018,12/31/2018,09/19/2018,"Hollar, Inc.",Commerce,Los Angeles,23,Layoff Permanent
09/19/2018,09/14/2018,09/20/2018,"Vital Therapies, Inc.",San Diego,San Diego County,83,Layoff Permanent
09/19/2018,11/20/2018,09/20/2018,Color Spot Nurseries,Carson,Los Angeles,52,Closure Permanent
02/05/2018,04/01/2018,09/21/2018,Adventist Health Bakersfield,Bakersfield,Kern County,174,Layoff Permanent
09/21/2018,11/19/2018,09/24/2018,Jabil Inc.,Fremont,Alameda County,343,Closure Temporary
09/21/2018,11/19/2018,09/24/2018,Jabil Inc.,Livermore,Alameda County,92,Closure Temporary
09/17/2018,01/15/2019,09/26/2018,"Jackpot Harvesting Company, Inc.",Gonzales,Monterey County,256,Closure Permanent
04/25/2018,06/22/2018,10/01/2018,Wells Fargo,Rancho,San Bernardino,86,Closure Unknown at this time
09/28/2018,11/29/2018,10/01/2018,Aerojet Rocketdyne,Rancho Cordova,Sacramento,120,Layoff Permanent
09/28/2018,11/30/2018,10/01/2018,"American Career College, Inc. - Lynwood",Lynwood,Los Angeles,11,Closure Permanent
09/28/2018,11/30/2018,10/01/2018,"IAP Worldwide Services, Inc.",Mcclellan,Sacramento,8,Layoff Permanent
09/28/2018,12/28/2018,10/01/2018,"Conduent Education Services, LLC",Long Beach,Los Angeles,18,Layoff Permanent
10/01/2018,11/26/2018,10/01/2018,"Century Blinds, Inc.",Corona,Riverside County,59,Closure Permanent
09/27/2018,11/30/2018,10/02/2018,Twin Arbors Athletic Club,Lodi,San Joaquin,143,Closure Permanent
09/28/2018,12/02/2018,10/02/2018,Healthy Living Network,Newark,Alameda County,128,Closure Permanent
10/01/2018,03/29/2019,10/02/2018,"Alpine Electronics of America, Inc.",Torrance,Los Angeles,72,Layoff Unknown at this time
10/01/2018,03/29/2019,10/02/2018,"Alpine Electronics Research of America, Inc.",Torrance,Los Angeles,56,Layoff Unknown at this time
07/13/2018,10/05/2018,10/03/2018,New Avon LLC,Pasadena,Los Angeles,77,Closure Permanent
09/07/2018,11/06/2018,10/03/2018,Pyramid Building Maintenance Company DBA,Santa Clara,Santa Clara,11,Closure Permanent
09/27/2018,11/30/2018,10/03/2018,State Farm Mutual Automobile Insurance,Roseville,Placer County,78,Closure Permanent
09/27/2018,11/30/2018,10/03/2018,State Farm Mutual Automobile Insurance,Vallejo,Solano County,77,Closure Permanent
09/27/2018,11/30/2018,10/03/2018,State Farm Mutual Automobile Insurance,Westlake Village,Ventura County,69,Closure Permanent
10/01/2018,12/06/2018,10/03/2018,Brinderson,Carson,Los Angeles,110,Layoff Permanent
10/01/2018,12/06/2018,10/03/2018,Brinderson,Wilmington,Los Angeles,115,Layoff Permanent
10/02/2018,10/30/2018,10/03/2018,Adventist Health Bakersfield,Bakersfield,Kern County,20,Layoff Permanent
10/02/2018,12/03/2018,10/04/2018,Bayer US LLC,Berkeley,Alameda County,227,Layoff Permanent
09/13/2018,09/13/2018,10/11/2018,"NC Interactive, LLC",Aliso Viejo,Orange County,52,Layoff Unknown at this time
02/06/2018,04/07/2018,10/15/2018,Concentra Inc.,Valencia,Los Angeles,182,Layoff Permanent
10/01/2018,11/30/2018,10/15/2018,"Nestle USA, Inc.",Bakersfield,Kern County,769,Closure Temporary
10/01/2018,11/30/2018,10/15/2018,"Nestle USA, Inc.",Tulare,Tulare County,273,Closure Temporary
10/01/2018,12/03/2018,10/15/2018,Urban Fulfillment Services,Westlake Village,Ventura County,85,Closure Permanent
10/04/2018,12/09/2018,10/15/2018,"Total Airport Services, LLC",El Segundo,Los Angeles,111,Closure Permanent
10/04/2018,12/31/2018,10/15/2018,Crispin Porter Bogusky LLC,Santa Monica,Los Angeles,13,Closure Permanent
10/02/2018,12/03/2018,10/16/2018,Kaiser Foundation Hospitals/Health Plan,Downey,Los Angeles,69,Closure Permanent
10/05/2018,10/12/2018,10/16/2018,"CareFusion Resources, LLC",San Diego,San Diego County,102,Layoff Permanent
10/10/2018,12/10/2018,10/16/2018,Kaiser Foundation Hospitals,Corona,Riverside County,14,Layoff Permanent
10/10/2018,12/10/2018,10/16/2018,Kaiser Foundation Hospitals,Oakland,Alameda County,10,Layoff Permanent
10/10/2018,12/10/2018,10/16/2018,Kaiser Foundation Hospitals,Pasadena,Los Angeles,15,Layoff Permanent
10/10/2018,12/10/2018,10/16/2018,Kaiser Foundation Hospitals,Pleasanton,Alameda County,49,Layoff Permanent
10/10/2018,12/10/2018,10/16/2018,Kaiser Foundation Hospitals,Walnut Creek,Contra Costa,5,Layoff Permanent
10/10/2018,12/10/2018,10/16/2018,"TDG Operations, LLC",Los Angeles,Los Angeles,60,Closure Permanent
10/10/2018,12/13/2018,10/16/2018,Brinderson,Rodeo,Contra Costa,99,Layoff Permanent
10/10/2018,12/26/2018,10/16/2018,"Providence Industries, LLC",Long Beach,Los Angeles,96,Closure Temporary
10/03/2018,12/04/2018,10/17/2018,Boardriders,Mira Loma,Riverside County,270,Layoff Temporary
10/09/2018,12/31/2018,10/17/2018,"Warner Media, LLC",Burbank,Los Angeles,1,Layoff Unknown at this time
10/11/2018,12/24/2018,10/17/2018,"MD2 Industries, LLC",Long Beach,Los Angeles,158,Closure Temporary
10/11/2018,12/26/2018,10/18/2018,"West Coast Warehouse, Inc.",Fontana,San Bernardino,18,Closure Permanent
10/10/2018,04/01/2019,10/19/2018,Los Amigos Harvesting,Watsonville,Santa Cruz,175,Closure Permanent
10/15/2018,12/31/2018,10/19/2018,Kmart Corporation,Delano,Kern County,68,Closure Permanent
10/15/2018,12/31/2018,10/19/2018,Kmart Corporation,Lemoore,Kings County,83,Closure Permanent
10/15/2018,12/31/2018,10/19/2018,Kmart Corporation,Modesto,Stanislaus County,62,Closure Permanent
10/15/2018,12/31/2018,10/19/2018,Kmart Corporation,Ontario,San Bernardino,59,Closure Permanent
10/15/2018,12/31/2018,10/19/2018,Kmart Corporation,Placerville,El Dorado County,55,Closure Permanent
10/15/2018,12/31/2018,10/19/2018,Kmart Corporation,Riverside,Riverside County,93,Closure Permanent
10/15/2018,12/31/2018,10/19/2018,Kmart Corporation,Visalia,Tulare County,64,Closure Permanent
10/16/2018,12/16/2018,10/19/2018,Metal Partners International,Bakersfield,Kern County,9,Closure Permanent
10/16/2018,12/31/2018,10/19/2018,CTC myCFO,Palo Alto,Santa Clara,51,Layoff Permanent
10/18/2018,12/18/2018,10/19/2018,Adventist Health Tehachapi Valley,Tehachapi,Kern County,1,Layoff Permanent
10/18/2018,12/20/2018,10/19/2018,Jabil Inc.,San Jose,Santa Clara,220,Closure Temporary
10/18/2018,12/21/2018,10/19/2018,Jabil Inc.,Chula Vista,San Diego County,99,Closure Temporary
10/19/2018,12/31/2018,10/19/2018,Raytheon Company,Fort Irwin,San Bernardino,57,Closure Permanent
10/15/2018,12/31/2018,10/22/2018,"Sears, Roebuck and Co.",Bakersfield,Kern County,106,Closure Permanent
10/15/2018,12/31/2018,10/22/2018,"Sears, Roebuck and Co.",CERRITOS,Los Angeles,101,Closure Permanent
10/15/2018,12/31/2018,10/22/2018,"Sears, Roebuck and Co.",Costa Mesa,Orange County,19,Closure Permanent
10/15/2018,12/31/2018,10/22/2018,"Sears, Roebuck and Co.",Costa Mesa,Orange County,106,Closure Permanent
10/15/2018,12/31/2018,10/22/2018,"Sears, Roebuck and Co.",Montebello,Los Angeles,79,Closure Permanent
10/15/2018,12/31/2018,10/22/2018,"Sears, Roebuck and Co.",Sacramento,Sacramento,5,Closure Permanent
10/15/2018,12/31/2018,10/22/2018,"Sears, Roebuck and Co.",Sacramento,Sacramento,80,Closure Permanent
10/15/2018,12/31/2018,10/23/2018,"Sears, Roebuck and Co.",CERRITOS,Los Angeles,19,Closure Permanent
10/15/2018,12/31/2018,10/23/2018,"Sears, Roebuck and Co.",El Centro,Imperial County,10,Closure Permanent
10/15/2018,12/31/2018,10/23/2018,"Sears, Roebuck and Co.",El Centro,Imperial County,57,Closure Permanent
10/15/2018,12/31/2018,10/23/2018,"Sears, Roebuck and Co.",Merced,Merced County,11,Closure Permanent
10/15/2018,12/31/2018,10/23/2018,"Sears, Roebuck and Co.",Merced,Merced County,48,Closure Permanent
10/15/2018,12/31/2018,10/23/2018,"Sears, Roebuck and Co.",Modesto,Stanislaus County,18,Closure Permanent
10/15/2018,12/31/2018,10/23/2018,"Sears, Roebuck and Co.",Modesto,Stanislaus County,68,Closure Permanent
05/29/2018,08/02/2018,10/24/2018,JCPenney,Buena Park,Orange County,278,Closure Permanent
10/18/2018,12/21/2018,10/24/2018,Bon Appetit,San Francisco,San Francisco,91,Closure Permanent
10/18/2018,12/21/2018,10/24/2018,Jabil Inc.,San Jose,Santa Clara,562,Closure Temporary
10/18/2018,12/26/2018,10/24/2018,Jabil Inc.,San Jose,Santa Clara,289,Closure Temporary
10/19/2018,12/19/2018,10/24/2018,"Super Deluxe, LLC",Los Angeles,Los Angeles,103,Closure Permanent
10/22/2018,10/26/2018,10/24/2018,"DigiCert, Inc.",Mountain View,Santa Clara,73,Layoff Permanent
10/22/2018,01/04/2019,10/24/2018,Jack in the Box Inc.,San Diego,San Diego County,66,Layoff Permanent
10/21/2018,11/06/2018,10/25/2018,"Graystone Public Affairs, LLC",Corona,Riverside County,55,Closure Permanent
10/21/2018,11/06/2018,10/25/2018,"Graystone Public Affairs, LLC",Torrance,Los Angeles,80,Closure Permanent
10/23/2018,10/23/2018,10/25/2018,ARM Inc.,San Jose,Santa Clara,70,Layoff Unknown at this time
10/23/2018,12/31/2018,10/25/2018,National General Management Corp.,Van Nuys,Los Angeles,54,Closure Permanent
11/28/2016,01/31/2017,10/26/2018,Novartis Pharmaceuticals Corporation,San Carlos,San Mateo County,75,Layoff Permanent
10/18/2018,12/17/2018,10/26/2018,La Jolla Pharmaceutical Company,San Diego,San Diego County,166,Layoff Permanent
10/23/2018,12/28/2018,10/26/2018,"Bottling Group, LLC",Buena Park,Orange County,95,Closure Permanent
10/24/2018,12/31/2018,10/26/2018,PVH Neckwear Inc.,Los Angeles,Los Angeles,94,Closure Permanent
04/27/2018,04/30/2018,10/29/2018,"Veritas Technologies, LLC",Mountain View,Santa Clara,121,Layoff Permanent
10/18/2018,11/06/2018,10/29/2018,"Western Digital Technology, Inc.",Irvine,Orange County,51,Layoff Permanent
10/18/2018,11/06/2018,10/29/2018,"Western Digital Technology, Inc.",San Jose,Santa Clara,66,Closure Permanent
10/25/2018,12/30/2018,10/29/2018,"Stockton Spaghetti Restaurant, Inc. dba The Old",Stockton,San Joaquin,51,Closure Permanent
10/25/2018,12/31/2018,10/29/2018,"Mexicali, Inc.",Bakersfield,Kern County,55,Closure Permanent
10/25/2018,01/25/2019,10/29/2018,"Conduent Education Services, LLC",Long Beach,Los Angeles,9,Layoff Permanent
10/22/2018,01/02/2019,10/30/2018,Phils BBQ,San Diego,San Diego County,118,Closure Temporary
10/23/2018,01/04/2019,10/30/2018,Levys,Inglewood,Los Angeles,272,Closure Permanent
10/25/2018,12/26/2018,10/30/2018,Davis Wire Corporation,Irwindale,Los Angeles,109,Closure Temporary
10/25/2018,12/31/2018,10/30/2018,"Burke Industries (Delaware), Inc.",San Jose,Santa Clara,61,Layoff Permanent
10/18/2018,12/26/2018,10/31/2018,"Thermal Structures, Inc.",Corona,Riverside County,1,Closure Temporary
10/26/2018,10/26/2018,10/31/2018,"Zacky & Sons Poultry, LLC",Fresno,Fresno County,323,Closure Unknown at this time
10/26/2018,10/26/2018,10/31/2018,"Zacky & Sons Poultry, LLC",Stockton,San Joaquin,142,Closure Unknown at this time
10/29/2018,12/12/2018,10/31/2018,Symantec Corporation,Mountain View,Santa Clara,19,Layoff Permanent
10/29/2018,12/31/2018,10/31/2018,Keter Environmental Services,Encino,Los Angeles,4,Closure Permanent
10/29/2018,12/31/2018,10/31/2018,Symbotic LLC,Oceanside,San Diego County,48,Closure Permanent
10/29/2018,01/02/2019,10/31/2018,Cavium LLC,Irvine,Orange County,36,Layoff Permanent
10/29/2018,01/02/2019,10/31/2018,Cavium LLC,Roseville,Placer County,13,Layoff Permanent
10/29/2018,01/02/2019,10/31/2018,Cavium LLC,San Jose,Santa Clara,17,Layoff Permanent
10/29/2018,01/02/2019,10/31/2018,Cavium LLC,Santa Clara,Santa Clara,7,Layoff Permanent
10/29/2018,01/02/2019,10/31/2018,Marvell Semiconductor Inc.,Santa Clara,Santa Clara,11,Layoff Permanent
10/31/2018,12/31/2018,10/31/2018,"Ahtna Support & Training Services, LLC",Fort Irwin,San Bernardino,53,Layoff Permanent
10/31/2018,01/02/2019,10/31/2018,Raytheon,Los Angeles,Los Angeles,21,Closure Permanent
10/31/2018,12/31/2018,11/01/2018,SMK-LINK Electronics Corporation,Camarillo,Ventura County,17,Closure Permanent
11/01/2018,12/31/2018,11/01/2018,Merkle Group Inc.,Burbank,Los Angeles,82,Layoff Permanent
11/01/2018,12/31/2018,11/01/2018,"Safariland, LLC",Ontario,San Bernardino,158,Layoff Permanent
10/31/2018,09/24/2018,11/02/2018,"Achaogen, Inc.",South San,San Mateo County,83,Layoff Permanent
11/01/2018,11/01/2018,11/02/2018,"Polycom, Inc.",Tracy,San Joaquin,20,Closure Permanent
11/01/2018,12/31/2018,11/02/2018,"Driessen Aircraft Interiors Systems USA, Inc.",Huntington,Orange County,60,Closure Permanent
11/02/2018,12/31/2018,11/02/2018,"E2 Consulting Engineers, Inc.",Emeryville,Alameda County,162,Layoff Permanent
11/05/2018,01/03/2019,11/05/2018,"Lowes Companies, Inc.",Irvine,Orange County,248,Closure Permanent
11/05/2018,01/03/2019,11/05/2018,"Lowes Companies, Inc.",San Jose,Santa Clara,139,Closure Permanent
11/05/2018,01/03/2019,11/05/2018,"Lowes Companies, Inc.",South San,San Mateo County,119,Closure Permanent
10/29/2018,12/31/2018,11/06/2018,"DGA, Inc. dba Pro-Form Laboratories",Benicia,Solano County,188,Layoff Permanent
11/01/2018,01/15/2019,11/06/2018,"West Coast Berry Farms, LLC",Salinas,Monterey County,465,Layoff Permanent
11/02/2018,11/05/2018,11/06/2018,"Cisco Systems, Inc.",Milpitas,Santa Clara,57,Layoff Permanent
11/02/2018,11/05/2018,11/06/2018,"Cisco Systems, Inc.",San Jose,Santa Clara,405,Layoff Permanent
11/05/2018,12/14/2018,11/06/2018,International Paper Company,San Leandro,Alameda County,36,Closure Permanent
11/02/2018,12/31/2018,11/07/2018,"RH US, LLC",Corte Madera,Marin County,81,Layoff Unknown at this time
11/02/2018,01/04/2019,11/08/2018,"APL Logistics Limited, Inc.",Fontana,San Bernardino,96,Closure Permanent
11/05/2018,01/02/2019,11/08/2018,"Defy Media, LLC",Beverly Hills,Los Angeles,90,Closure Permanent
11/07/2018,01/08/2019,11/08/2018,Broadcom Inc.,Santa Clara,Santa Clara,119,Layoff Permanent
10/22/2018,01/11/2019,11/09/2018,Adventist Health Feather River,Paradise,Butte County,11,Layoff Permanent
11/09/2018,02/15/2019,11/09/2018,"Universal Electronics, Inc.",Santa Ana,Orange County,38,Layoff Permanent
11/09/2018,02/18/2019,11/09/2018,Pfizer Inc.,South San,San Mateo County,100,Closure Unknown at this time
11/01/2018,01/07/2019,11/13/2018,North American Services Inc. dba Command,Simi Valley,Ventura County,26,Closure Permanent
11/09/2018,12/31/2018,11/13/2018,Bank of the West,San Ramon,Contra Costa,50,Layoff Permanent
11/12/2018,01/04/2019,11/13/2018,"Achaogen, Inc.",South San,San Mateo County,85,Layoff Permanent
11/12/2018,01/05/2019,11/13/2018,Associa-Professional Community Management of,Banning,Riverside County,99,Layoff Permanent
11/07/2018,03/08/2019,11/14/2018,"DI Overnite, LLC",Cerritos,Los Angeles,77,Layoff Permanent
11/07/2018,03/08/2019,11/14/2018,"DI Overnite, LLC",Culver City,Los Angeles,19,Layoff Permanent
11/07/2018,03/08/2019,11/14/2018,"DI Overnite, LLC",Fresno,Fresno County,11,Layoff Permanent
11/07/2018,03/08/2019,11/14/2018,"DI Overnite, LLC",Los Angeles,Los Angeles,58,Layoff Permanent
11/07/2018,03/08/2019,11/14/2018,"DI Overnite, LLC",San Diego,San Diego County,65,Layoff Permanent
11/07/2018,03/08/2019,11/14/2018,"DI Overnite, LLC",San Jose,Santa Clara,34,Layoff Permanent
11/07/2018,03/08/2019,11/14/2018,"DI Overnite, LLC",San Leandro,Alameda County,48,Layoff Permanent
11/07/2018,03/08/2019,11/14/2018,"DI Overnite, LLC",San Luis Obispo,San Luis Obispo,18,Layoff Permanent
11/07/2018,03/08/2019,11/14/2018,"DI Overnite, LLC",Tustin,Orange County,23,Layoff Permanent
11/07/2018,03/08/2019,11/14/2018,"DI Overnite, LLC",West,Yolo County,31,Layoff Permanent
11/14/2018,01/13/2019,11/14/2018,"Production Resource Group, LLC and Full",Glendale,Los Angeles,339,Layoff Permanent
11/14/2018,01/14/2019,11/14/2018,"Randstad Inhouse Services, LLC",San Jose,Santa Clara,170,Layoff Permanent
10/29/2018,12/28/2018,11/15/2018,"Source Broadband Services, LLC",Chino,San Bernardino,31,Layoff Permanent
10/29/2018,12/28/2018,11/15/2018,"Source Broadband Services, LLC",Lakeside,San Diego County,13,Layoff Permanent
11/08/2018,01/31/2019,11/15/2018,"Sears, Roebuck and Co.",Santa Barbara,Santa Barbara,6,Closure Permanent
11/08/2018,01/31/2019,11/15/2018,"Sears, Roebuck and Co.",Santa Barbara,Santa Barbara,66,Closure Permanent
11/14/2018,01/14/2018,11/15/2018,CEVA Logistics,San Jose,Santa Clara,197,Closure Permanent
11/15/2018,01/14/2019,11/16/2018,Retech Systems LLC,Ukiah,Mendocino County,30,Layoff Permanent
05/23/2017,07/28/2017,11/19/2018,Warner Music Inc.,Burbank,Los Angeles,58,Layoff Permanent
11/15/2018,12/28/2018,11/19/2018,"Madhouse Entertainment, LLC",Los Angeles,Los Angeles,8,Closure Permanent
11/15/2018,11/16/2018,11/20/2018,Kraft Heinz Foods Company,Fullerton,Orange County,248,Closure Permanent
11/20/2018,01/20/2019,11/20/2018,"Ovations Fanfare, L.P. dba Spectra Food",Oakland,Alameda County,763,Closure Permanent
11/20/2018,01/31/2019,11/21/2018,"Yosemite Meat Company, Inc.",Modesto,Stanislaus County,188,Closure Permanent
11/26/2018,12/31/2018,11/29/2018,"Transdev Services, Inc.",Palo Alto,Santa Clara,85,Layoff Unknown at this time
11/26/2018,02/01/2019,11/29/2018,"Rockwell Collins, Inc.",Irvine,Orange County,19,Closure Permanent
11/28/2018,11/28/2018,11/29/2018,"American Addiction Centers, Inc.",Santa Monica,Los Angeles,4,Closure Permanent
11/28/2018,01/27/2019,11/29/2018,"Nationstar Mortgage, LLC dba Mr. Cooper",Santa Ana,Orange County,109,Layoff Permanent
11/30/2018,01/31/2019,11/29/2018,Tobi.com LLC,South San,San Mateo County,62,Closure Permanent
11/14/2018,01/14/2019,11/30/2018,"Pacific Southwest Containers, LLC",Chatsworth,Los Angeles,12,Closure Permanent
11/21/2018,01/23/2019,11/30/2018,Boeing Company,Huntington,Orange County,10,Layoff Unknown at this time
11/21/2018,07/01/2019,11/30/2018,"Kinder Morgan, Inc.",Orange,Orange County,76,Closure Permanent
11/28/2018,01/31/2019,11/30/2018,Murrieta YMCA,Murrieta,Riverside County,49,Closure Permanent
11/21/2018,01/26/2019,12/04/2018,Baked in the Sun,Vista,San Diego County,211,Closure Permanent
11/28/2018,01/29/2019,12/04/2018,Deluxe Entertainment Services Group Inc.,Burbank,Los Angeles,58,Layoff Permanent
12/29/2018,02/01/2019,12/04/2018,"Lippert Components, Inc.",Los Angeles,Los Angeles,56,Closure Permanent
11/29/2018,12/19/2018,12/05/2018,"Genentech, Inc.",South San,San Mateo County,83,Layoff Permanent
11/29/2018,01/29/2019,12/05/2018,Deluxe Entertainment Services Group Inc.,Burbank,Los Angeles,10,Layoff Permanent
11/30/2018,01/31/2019,12/05/2018,WWL Vehicle Services Americas,Wilmington,Los Angeles,136,Layoff Permanent
12/03/2018,08/31/2019,12/06/2018,"Cohu, Inc. and Everett Charles Technologies,",Fontana,San Bernardino,80,Closure Permanent
12/04/2018,12/04/2018,12/06/2018,"Fullscreen, Inc.",Los Angeles,Los Angeles,91,Layoff Permanent
12/04/2018,12/04/2018,12/06/2018,TSI Semiconductors America,Roseville,Placer County,241,Layoff Permanent
12/04/2018,02/04/2019,12/06/2018,First American Title Insurance Company,Santa Ana,Orange County,116,Layoff Permanent
11/02/2018,01/04/2019,12/07/2018,Ace Beverage LLC,Los Angeles,Los Angeles,80,Layoff Permanent
11/02/2018,01/04/2019,12/07/2018,Mission Beverage Co.,Los Angeles,Los Angeles,200,Layoff Permanent
11/30/2018,01/31/2019,12/07/2018,HMSHost,Oakland,Alameda County,204,Layoff Permanent
12/06/2018,11/26/2018,12/07/2018,Best Food Produce Inc.,San Francisco,San Francisco,4,Closure Permanent
12/06/2018,11/26/2018,12/07/2018,Kum Luen Corp,San Francisco,San Francisco,4,Closure Permanent
12/06/2018,02/06/2019,12/07/2018,Qualcomm Incorporated,San Diego,San Diego County,125,Layoff Unknown at this time
12/06/2018,03/08/2019,12/07/2018,"Halcore Group, Inc. dba Leader Emergency",South El Monte,Los Angeles,95,Closure Unknown at this time
12/07/2018,02/08/2019,12/07/2018,"Interviewing Service of America, LLC",Lancaster,Los Angeles,58,Closure Permanent
12/07/2018,02/06/2019,12/10/2018,"BARD Associates, LLC",Torrance,Los Angeles,76,Layoff Permanent
12/07/2018,02/08/2019,12/10/2018,The Sacramento Bee,Sacramento,Sacramento,30,Layoff Permanent
12/10/2018,02/04/2019,12/10/2018,"Renovate America, Inc.",San Diego,San Diego County,71,Layoff Permanent
12/06/2018,02/08/2019,12/11/2018,Solaris Paper,Santa Fe,Los Angeles,32,Closure Permanent
11/28/2018,01/28/2019,12/12/2018,Honeywell Aerospace,Garden Grove,Orange County,70,Closure Permanent
12/10/2018,12/10/2018,12/12/2018,Infinera Corporation,Sunnyvale,Santa Clara,53,Layoff Permanent
12/10/2018,02/08/2019,12/12/2018,Tahoe Club Employee Company,Truckee,Nevada County,277,Closure Permanent
12/04/2018,11/11/2018,12/13/2018,Bridgeview Bank Mortgage Company,Irvine,Orange County,24,Layoff Permanent
12/04/2018,11/11/2018,12/13/2018,Bridgeview Bank Mortgage Company,San Diego,San Diego County,19,Layoff Permanent
12/11/2018,12/21/2018,12/13/2018,Atria Paradise,Paradise,Butte County,67,Closure Permanent
12/14/2018,02/17/2019,12/14/2018,TGI Fridays,City of Industry,Los Angeles,46,Closure Permanent
12/04/2018,02/02/2019,12/17/2018,Aisle 1,Galt,Sacramento,28,Layoff Unknown at this time
12/04/2018,02/02/2019,12/17/2018,Aisle 1,South Lake,El Dorado County,19,Layoff Unknown at this time
12/07/2018,01/20/2019,12/17/2018,Abercrombie & Fitch,Rolling Hills,Los Angeles,17,Closure Permanent
12/13/2018,02/10/2019,12/17/2018,Instacart,Cupertino,Santa Clara,8,Closure Permanent
12/13/2018,02/10/2019,12/17/2018,Instacart,Los Angeles,Los Angeles,56,Closure Permanent
12/04/2018,02/02/2019,12/18/2018,Aisle 1,Alameda,Alameda County,7,Layoff Unknown at this time
12/04/2018,02/02/2019,12/18/2018,Aisle 1,Modesto,Stanislaus County,7,Layoff Unknown at this time
12/04/2018,02/02/2019,12/18/2018,Aisle 1,Stockton,San Joaquin,8,Layoff Unknown at this time
12/04/2018,02/02/2019,12/18/2018,Aisle 1,Woodland,Yolo County,5,Layoff Unknown at this time
12/17/2018,02/15/2019,12/18/2018,"TreeHouse Private Brands, Inc.",Visalia,Tulare County,243,Closure Permanent
12/07/2018,12/07/2018,12/19/2018,Daybreak Game Company,San Diego,San Diego County,25,Layoff Permanent
12/14/2018,02/12/2019,12/20/2018,Silver Lake Medical Center,Los Angeles,Los Angeles,573,Layoff Permanent
12/14/2018,02/12/2019,12/20/2018,Silver Lake Medical Center,Rosemead,Los Angeles,254,Layoff Permanent
12/17/2018,02/18/2019,12/20/2018,"OpenX Technologies, Inc.",Pasadena,Los Angeles,124,Layoff Permanent
12/14/2018,02/28/2019,12/21/2018,Spectra Laboratories,Milpitas,Santa Clara,46,Layoff Permanent
12/19/2018,12/28/2018,12/21/2018,Legendary Baking of California LLC,Santa Ana,Orange County,75,Layoff Permanent
12/19/2018,02/20/2019,12/21/2018,"CardioDx, Inc.",Redwood City,San Mateo County,110,Layoff Permanent
12/17/2018,02/15/2019,12/26/2018,Ace Beverage LLC,Los Angeles,Los Angeles,50,Layoff Permanent
12/26/2018,02/28/2019,12/27/2018,Alamillo Rebar Inc.,Benicia,Solano County,74,Closure Permanent
12/27/2018,02/28/2019,12/27/2018,"Account Control Technology, Inc.",Bakersfield,Kern County,88,Layoff Permanent
12/28/2018,02/15/2019,12/28/2018,Golden Shore Medical Group,Long Beach,Los Angeles,52,Closure Permanent
12/28/2018,02/15/2019,12/28/2018,Golden Shore Medical Group,Moreno Valley,Riverside County,41,Closure Permanent
12/28/2018,02/15/2019,12/28/2018,Golden Shore Medical Group,Ontario,San Bernardino,75,Closure Permanent
12/28/2018,02/15/2019,12/28/2018,Golden Shore Medical Group,Pomona,Los Angeles,13,Closure Permanent
12/28/2018,02/15/2019,12/28/2018,Golden Shore Medical Group,Sacramento,Sacramento,77,Closure Permanent
12/28/2018,02/15/2019,12/28/2018,Golden Shore Medical Group,Wilmington,Los Angeles,8,Closure Permanent
12/28/2018,02/28/2019,12/31/2018,"Verity Health System of California, Inc.",Gilroy,Santa Clara,493,Layoff Permanent
12/28/2018,02/28/2019,12/31/2018,"Verity Health System of California, Inc.",San Jose,Santa Clara,1326,Layoff Permanent
01/03/2019,01/03/2019,01/03/2019,Finance of America Holdings LLC,Roseville,Placer County,33,Closure Permanent
01/07/2019,03/08/2019,01/08/2019,"Theravance Biopharma US, Inc.",Los Angeles,Los Angeles,1,Layoff Permanent
01/07/2019,03/08/2019,01/08/2019,"Theravance Biopharma US, Inc.",South San,San Mateo County,49,Layoff Permanent
03/20/2018,05/25/2018,01/09/2019,"Johanson Dielectrics, Inc.",Sylmar,Los Angeles,153,Layoff Permanent
01/09/2019,03/11/2019,01/10/2019,United Parcel Service General Services Co.,Visalia,Tulare County,63,Closure Permanent
01/01/2019,03/14/2019,01/11/2019,"McCain Foods, Inc.",Colton,San Bernardino,100,Closure Permanent
01/10/2019,03/10/2019,01/11/2019,First American Title Insurance Company,Santa Ana,Orange County,2,Layoff Permanent
01/10/2019,03/11/2019,01/11/2019,"BlackRock, Inc.",San Francisco,San Francisco,79,Layoff Permanent
01/11/2019,03/12/2019,01/14/2019,"Space Exploration Technologies, Corp.",Hawthorne,Los Angeles,577,Layoff Permanent
01/11/2019,03/13/2019,01/14/2019,Best Buy,La Mesa,San Diego County,74,Closure Permanent
12/27/2018,03/24/2019,01/15/2019,Kmart Corporation,Burbank,Los Angeles,89,Closure Permanent
12/27/2018,03/24/2019,01/15/2019,Kmart Corporation,Stockton,San Joaquin,77,Closure Permanent
01/16/2019,03/17/2019,01/16/2019,"Owens Corning Insulating Systems, LLC",Santa Clara,Santa Clara,60,Layoff Permanent
06/21/2018,08/19/2018,01/17/2019,Wells Fargo,Irvine,Orange County,198,Closure Unknown at this time
01/14/2019,03/15/2019,01/17/2019,"Seeo, Inc.",Hayward,Alameda County,45,Closure Permanent
01/14/2019,03/30/2019,01/17/2019,"TIDI Products, LLC",Arcadia,Los Angeles,55,Closure Permanent
01/10/2019,03/15/2019,01/22/2019,Chariot Transit Inc.,San Francisco,San Francisco,383,Closure Permanent
01/15/2019,03/16/2019,01/22/2019,"Machinima, Inc.",Burbank,Los Angeles,52,Layoff Permanent
01/16/2019,03/30/2019,01/22/2019,Weatherby Inc. Legal Office,Redding,Shasta County,1,Closure Permanent
01/18/2019,03/19/2019,01/22/2019,Merck Sharp & Dohme Corp.,Palo Alto,Santa Clara,20,Closure Permanent
01/18/2019,03/31/2019,01/22/2019,Sodexo,Los Angeles,Los Angeles,59,Closure Permanent
01/08/2019,03/09/2019,01/23/2019,"Wag Labs, Inc.",Los Angeles,Los Angeles,38,Closure Permanent
01/11/2019,03/12/2019,01/23/2019,"Tokyo Table Holdings, LLC",Alhambra,Los Angeles,33,Closure Permanent
01/15/2019,03/16/2019,01/23/2019,"Machinima NU, LLC",Burbank,Los Angeles,29,Closure Permanent
01/18/2019,03/17/2019,01/23/2019,Cerner Corporation,Paradise,Butte County,42,Layoff Permanent
01/21/2019,03/31/2019,01/23/2019,Schneider Logistics Transloading And,Fontana,San Bernardino,51,Layoff Permanent
01/21/2019,03/31/2019,01/23/2019,Schneider Logistics Transloading And,Mira Loma,Riverside County,461,Layoff Permanent
01/15/2019,10/15/2019,01/24/2019,Carlisle Interconnect Technologies,El Segundo,Los Angeles,255,Closure Permanent
01/15/2019,10/15/2019,01/24/2019,Carlisle Interconnect Technologies,Riverside,Riverside County,83,Closure Permanent
01/18/2019,03/22/2019,01/24/2019,"TrueCar, Inc.",San Francisco,San Francisco,1,Layoff Permanent
01/18/2019,03/22/2019,01/24/2019,"TrueCar, Inc.",Santa Monica,Los Angeles,34,Layoff Permanent
01/08/2019,02/05/2019,01/25/2019,Adventist Health Feather River,Paradise,Butte County,1331,Closure Temporary
01/17/2019,01/18/2019,01/25/2019,"Gymboree Group, Inc.",San Francisco,San Francisco,355,Layoff Permanent
01/23/2019,03/29/2019,01/25/2019,"Cengage Learning, Inc.",San Francisco,San Francisco,182,Closure Permanent
01/17/2019,03/18/2019,01/28/2019,Sears Holdings Management Corporation,San Francisco,San Francisco,44,Layoff Permanent
01/18/2019,03/19/2019,01/28/2019,"Verity Health System of California, Inc.",San Jose,Santa Clara,20,Layoff Permanent
01/18/2019,03/20/2019,01/28/2019,Macy's,Sunnyvale,Santa Clara,86,Closure Permanent
01/24/2019,03/25/2019,01/28/2019,Oath Inc.,San Francisco,San Francisco,36,Layoff Permanent
01/24/2019,03/25/2019,01/28/2019,Oath Inc.,San Francisco,San Francisco,4,Layoff Permanent
01/24/2019,03/25/2019,01/28/2019,Oath Inc.,Sunnyvale,Santa Clara,67,Layoff Permanent
01/24/2019,08/31/2019,01/28/2019,Corelle Brands LLC,Mira Loma,Riverside County,204,Closure Permanent
11/01/2018,10/24/2018,01/29/2019,"Invuity, Inc.",San Francisco,San Francisco,81,Layoff Permanent
01/24/2019,02/06/2019,01/29/2019,Symantec Corporation,Mountain View,Santa Clara,13,Layoff Permanent
01/24/2019,02/15/2019,01/29/2019,Symantec Corporation,San Francisco,San Francisco,1,Layoff Permanent
01/24/2019,03/22/2019,01/29/2019,Wells Fargo,San Francisco,San Francisco,56,Layoff Unknown at this time
01/24/2019,03/26/2019,01/29/2019,AT&T,El Segundo,Los Angeles,5,Layoff Permanent
01/24/2019,03/26/2019,01/29/2019,AT&T,San Ramon,Contra Costa,3,Layoff Permanent
01/24/2019,03/29/2019,01/29/2019,"Genentech, Inc. and Genentech USA, Inc.",South San,San Mateo County,67,Layoff Permanent
01/25/2019,03/29/2019,01/29/2019,AT&T,El Segundo,Los Angeles,70,Layoff Permanent
01/24/2019,03/18/2019,01/30/2019,"XPO Logistics Worldwide, Inc.",Rialto,San Bernardino,126,Closure Permanent
01/25/2019,03/25/2019,01/30/2019,Jacobs Technology Inc.,Edwards,Kern County,134,Layoff Permanent
01/25/2019,03/31/2019,01/30/2019,Verity Medical Foundation,San Jose,Santa Clara,200,Closure Permanent
01/28/2019,03/29/2019,01/30/2019,Collins Aerospace,Chula Vista,San Diego County,66,Layoff Unknown at this time
01/28/2019,04/01/2019,01/30/2019,Smartrise Engineering,Sacramento,Sacramento,31,Closure Permanent
01/29/2019,03/28/2019,01/30/2019,GAT Airline Ground Support Inc.,San Francisco,San Francisco,15,Layoff Permanent
01/29/2019,03/31/2019,01/30/2019,"Buzzfeed, Inc.",Los Angeles,Los Angeles,76,Layoff Permanent
01/29/2019,03/31/2019,01/30/2019,"Buzzfeed, Inc.",San Francisco,San Francisco,3,Layoff Permanent
01/29/2019,04/05/2019,01/30/2019,"VMware, Inc.",Palo Alto,Santa Clara,126,Layoff Permanent
01/18/2019,03/19/2019,02/01/2019,Verity Medical Foundation,Murrieta,Riverside County,4,Layoff Permanent
01/18/2019,03/19/2019,02/01/2019,Verity Medical Foundation,Orange,Orange County,51,Layoff Permanent
01/25/2019,03/31/2019,02/01/2019,Verity Medical Foundation,Redwood City,San Mateo County,36,Layoff Permanent
01/25/2019,03/31/2019,02/01/2019,Verity Medical Foundation,San Francisco,San Francisco,6,Layoff Permanent
01/25/2019,03/31/2019,02/01/2019,Verity Medical Foundation,San Jose,Santa Clara,4,Layoff Permanent
01/30/2019,03/31/2019,02/01/2019,"Cardinal Aluminum Company, dba Designer",Gardena,Los Angeles,4,Closure Permanent
01/30/2019,03/31/2019,02/01/2019,Wesco Aircraft Hardware Corp.,Valencia,Los Angeles,217,Closure Unknown at this time
01/31/2019,04/01/2019,02/01/2019,"Kern Radiology Imaging Systems, Inc.",Bakersfield,Kern County,173,Layoff Unknown at this time
09/14/2018,11/16/2018,02/04/2019,"United Language Group, Inc.",Burbank,Los Angeles,98,Closure Permanent
01/18/2019,03/19/2019,02/04/2019,"Verity Health System of California, Inc.",San Jose,Santa Clara,32,Layoff Permanent
01/29/2019,03/23/2019,02/04/2019,Adventist Health Simi Valley,Simi Valley,Ventura County,23,Layoff Permanent
01/30/2019,04/02/2019,02/04/2019,"RBIII Associates, Inc. dba Teamwork Athletic",San Marcos,San Diego County,90,Layoff Permanent
01/31/2019,04/07/2019,02/04/2019,TGI Friday's,San Diego,San Diego County,36,Closure Permanent
01/25/2019,03/26/2019,02/05/2019,"Gymboree Group, Inc.",San Francisco,San Francisco,69,Layoff Permanent
01/29/2019,05/13/2019,02/05/2019,Bank of America,Simi Valley,Ventura County,124,Layoff Permanent
02/04/2019,04/05/2019,02/05/2019,"Charlotte Russe, Inc.",Ontario,San Bernardino,87,Closure Permanent
02/04/2019,04/05/2019,02/05/2019,"Charlotte Russe, Inc.",San Diego,San Diego County,85,Closure Permanent
01/30/2019,03/31/2019,02/06/2019,Eagle Business Performance Services,Bellflower,Los Angeles,211,Layoff Permanent
01/30/2019,03/31/2019,02/06/2019,Eagle Business Performance Services,Long Beach,Los Angeles,38,Layoff Permanent
01/30/2019,03/31/2019,02/06/2019,Eagle Business Performance Services,Los Alamitos,Orange County,6,Layoff Permanent
01/30/2019,03/31/2019,02/06/2019,Eagle Business Performance Services,South Gate,Los Angeles,31,Layoff Permanent
02/04/2019,04/05/2019,02/06/2019,"Charlotte Russe, Inc.",San Francisco,San Francisco,161,Closure Permanent
02/05/2019,04/05/2019,02/06/2019,"M&C Hotel Interest, Inc.",Los Angeles,Los Angeles,30,Layoff Permanent
02/05/2019,06/28/2019,02/06/2019,California Regional Logistic Center,Temecula,Riverside County,24,Closure Permanent
02/05/2019,08/31/2019,02/06/2019,Deckers Outdoor Corporation,Camarillo,Ventura County,99,Closure Permanent
02/01/2019,04/08/2019,02/07/2019,Provident Bank Mortgage,Atascadero,San Luis Obispo,10,Closure Permanent
02/01/2019,04/08/2019,02/07/2019,Provident Bank Mortgage,Brea,Orange County,7,Closure Permanent
02/01/2019,04/08/2019,02/07/2019,Provident Bank Mortgage,Carlsbad,San Diego County,9,Closure Permanent
02/01/2019,04/08/2019,02/07/2019,Provident Bank Mortgage,Glendora,Los Angeles,5,Closure Permanent
02/01/2019,04/08/2019,02/07/2019,Provident Bank Mortgage,Riverside,Riverside County,83,Closure Permanent
02/06/2019,03/18/2019,02/07/2019,"Newport Diversified, Inc.",Santa Fe,Los Angeles,69,Layoff Temporary
02/06/2019,04/07/2019,02/07/2019,"Molina Healthcare, Inc.",Long Beach,Los Angeles,169,Layoff Permanent
02/01/2019,04/08/2019,02/08/2019,Provident Bank Mortgage,Pleasanton,Alameda County,12,Closure Permanent
02/01/2019,04/08/2019,02/08/2019,Provident Bank Mortgage,Rancho,San Bernardino,4,Closure Permanent
02/01/2019,04/08/2019,02/08/2019,Provident Bank Mortgage,Roseville,Placer County,3,Closure Permanent
02/07/2019,04/08/2019,02/08/2019,"Verengo, Inc.",Cerritos,Los Angeles,47,Closure Permanent
01/24/2019,03/25/2019,02/11/2019,"Gymboree Group, Inc.",Dixon,Solano County,356,Layoff Permanent
02/06/2019,04/09/2019,02/11/2019,Fidelity National Home Warranty Company,Santa Rosa,Sonoma County,20,Layoff Permanent
02/07/2019,04/15/2019,02/12/2019,"The Ritz-Carlton, Lake Tahoe",Truckee,Nevada County,244,Closure Temporary
02/12/2019,04/15/2019,02/12/2019,Janssen,Vacaville,Solano County,49,Closure Permanent
02/06/2019,04/30/2019,02/13/2019,"Schenker, Inc.",Moreno Valley,Riverside County,510,Closure Unknown at this time
02/12/2019,04/08/2019,02/13/2019,Adventist Health Tehachapi Valley,Tehachapi,Kern County,1,Layoff Permanent
02/12/2019,04/13/2019,02/13/2019,Bericap LLC,Ontario,San Bernardino,30,Closure Permanent
02/13/2019,02/13/2019,02/13/2019,eBay Inc.,Rancho Cordova,Sacramento,1,Layoff Permanent
02/13/2019,02/13/2019,02/13/2019,eBay Inc.,San Francisco,San Francisco,15,Layoff Permanent
02/13/2019,02/13/2019,02/13/2019,eBay Inc.,San Jose,Santa Clara,118,Layoff Permanent
02/06/2019,04/08/2019,02/14/2019,PrimeLink Solutions LLC,Burlingame,San Mateo County,6,Closure Permanent
02/12/2019,04/13/2019,02/15/2019,"Blizzard Entertainment, Inc.",Irvine,Orange County,209,Layoff Permanent
02/14/2019,04/14/2019,02/15/2019,TGI Friday's,El Cajon,San Diego County,48,Closure Permanent
01/18/2019,03/19/2019,02/19/2019,"Verity Health System of California, Inc.",Daly City,San Mateo County,19,Layoff Permanent
02/15/2019,04/16/2019,02/19/2019,Apple Inc.,Santa Clara,Santa Clara,190,Layoff Permanent
02/12/2019,04/16/2019,02/20/2019,Bunn-O-Matic Corporation,Cerritos,Los Angeles,20,Closure Permanent
02/13/2019,04/12/2019,02/20/2019,Spectrum Pharmaceuticals,Irvine,Orange County,40,Layoff Permanent
02/14/2019,04/14/2019,02/20/2019,CEVA Logistics,Hayward,Alameda County,269,Closure Permanent
02/14/2019,04/14/2019,02/20/2019,CEVA Logistics,Newark,Alameda County,116,Closure Permanent
02/15/2019,04/16/2019,02/20/2019,"Verity Health System of California, Inc.",Daly City,San Mateo County,1,Layoff Permanent
02/15/2019,04/16/2019,02/20/2019,"Verity Health System of California, Inc.",El Segundo,Los Angeles,5,Layoff Permanent
02/15/2019,04/16/2019,02/20/2019,"Verity Health System of California, Inc.",Los Angeles,Los Angeles,6,Layoff Permanent
02/15/2019,04/16/2019,02/20/2019,"Verity Health System of California, Inc.",Lynwood,Los Angeles,2,Layoff Permanent
02/15/2019,04/16/2019,02/20/2019,"Verity Health System of California, Inc.",San Jose,Santa Clara,2,Layoff Permanent
02/19/2019,04/20/2019,02/20/2019,Adventist Health Tehachapi Valley,Tehachapi,Kern County,1,Layoff Permanent
02/20/2019,04/22/2019,02/20/2019,"Under Armour, Inc.",Rialto,San Bernardino,111,Layoff Permanent
02/15/2019,04/22/2019,02/21/2019,"The Robert Allen Duralee Group, Inc.",San Francisco,San Francisco,4,Closure Permanent
02/15/2019,04/22/2019,02/21/2019,"The Robert Allen Duralee Group, Inc.",West Hollywood,Los Angeles,7,Closure Permanent
02/20/2019,04/20/2019,02/21/2019,"Gymboree Group, Inc.",San Francisco,San Francisco,38,Layoff Permanent
02/15/2019,04/19/2019,02/22/2019,Boeing Company,Huntington,Orange County,17,Layoff Unknown at this time
02/22/2019,02/22/2019,02/22/2019,"Riverbed Technology, Inc.",San Francisco,San Francisco,31,Layoff Permanent
02/22/2019,02/22/2019,02/22/2019,"Riverbed Technology, Inc.",Sunnyvale,Santa Clara,31,Layoff Permanent
02/15/2019,04/16/2019,02/25/2019,"Verity Health System of California, Inc.",Daly City,San Mateo County,3,Layoff Permanent
02/15/2019,04/16/2019,02/25/2019,"Verity Health System of California, Inc.",El Segundo,Los Angeles,2,Layoff Permanent
02/15/2019,04/16/2019,02/25/2019,"Verity Health System of California, Inc.",Los Angeles,Los Angeles,2,Layoff Permanent
02/15/2019,04/16/2019,02/25/2019,"Verity Health System of California, Inc.",San Jose,Santa Clara,16,Layoff Permanent
02/15/2019,04/16/2019,02/25/2019,"Verity Health System of California, Inc.",San Jose,Santa Clara,1,Layoff Permanent
02/21/2019,05/15/2019,02/25/2019,"Genpact Mortgage Services, Inc.",Irvine,Orange County,20,Closure Permanent
02/22/2019,04/23/2019,02/25/2019,LendingHome Corporation,San Francisco,San Francisco,66,Layoff Permanent
02/26/2019,04/30/2019,02/27/2019,"MUFG Union Bank, N.A.",Monterey Park,Los Angeles,61,Layoff Unknown at this time
02/27/2019,03/27/2019,02/27/2019,Symantec Corporation,Mountain View,Santa Clara,11,Layoff Permanent
02/27/2019,04/28/2019,02/27/2019,Johns Manville's Insulation Systems,Willows,Glenn County,85,Layoff Temporary
02/27/2019,03/18/2019,02/28/2019,"Bold Guarding, Inc.",San Francisco,San Francisco,151,Closure Permanent
02/28/2019,05/03/2019,02/28/2019,"Location Services, LLC",Folsom,Sacramento,33,Closure Permanent
02/28/2019,05/03/2019,02/28/2019,"Location Services, LLC",Pasadena,Los Angeles,29,Closure Permanent
02/28/2019,07/01/2019,02/28/2019,Crocs,Ontario,San Bernardino,183,Closure Permanent
01/29/2019,03/20/2019,03/01/2019,"Tesla, Inc.",Lathrop,San Joaquin,141,Layoff Permanent
02/15/2019,04/26/2019,03/01/2019,"Gogo, Inc.",Irvine,Orange County,3,Closure Permanent
02/28/2019,04/29/2019,03/01/2019,CalAmp,Oxnard,Ventura County,109,Closure Permanent
02/28/2019,04/30/2019,03/01/2019,"Verity Health System of California, Inc.",San Jose,Santa Clara,20,Layoff Permanent
02/28/2019,04/30/2019,03/01/2019,"Verity Health System of California, Inc.",San Jose,Santa Clara,2,Layoff Permanent
02/25/2019,02/25/2019,03/04/2019,"NorCal Nursery, LLC",Anderson,Shasta County,8,Layoff Permanent
02/27/2019,04/30/2019,03/04/2019,Ampirical Services Inc.,San Ramon,Contra Costa,2,Closure Permanent
03/01/2019,04/30/2019,03/04/2019,Crest Chevrolet,San Bernardino,San Bernardino,94,Layoff Permanent
03/01/2019,05/03/2019,03/04/2019,"JCPenney Corporation, Inc.",Newark,Alameda County,60,Closure Permanent
02/26/2019,05/03/2019,03/05/2019,"Dexcom, Inc.",San Diego,San Diego County,228,Layoff Permanent
03/05/2019,05/03/2019,03/05/2019,CoreLogic,Rancho Cordova,Sacramento,70,Closure Permanent
03/06/2019,05/31/2019,03/05/2019,"S&S Activewear, LLC",Santa Fe,Los Angeles,136,Closure Permanent
03/06/2019,05/05/2019,03/06/2019,Innovative Hearth Products LLC,Santa Ana,Orange County,108,Closure Permanent
03/06/2019,05/15/2019,03/06/2019,"Land O'Lakes, Inc.",Tulare,Tulare County,79,Layoff Unknown at this time
03/06/2019,05/06/2019,03/07/2019,"Marvell Semiconductor, Inc.",Santa Clara,Santa Clara,6,Layoff Permanent
03/06/2019,05/07/2019,03/07/2019,"Western Digital Technology, Inc.",Irvine,Orange County,102,Layoff Permanent
03/06/2019,05/07/2019,03/07/2019,"Western Digital Technology, Inc.",Milpitas,Santa Clara,114,Layoff Permanent
03/05/2019,04/29/2019,03/08/2019,"Vincent B. Zaninovich & Sons, Inc.",Delano,Kern County,511,Layoff Unknown at this time
03/05/2019,05/04/2019,03/08/2019,"VBZ Payroll Service, Inc.",Delano,Kern County,31,Layoff Unknown at this time
03/06/2019,05/07/2019,03/08/2019,"Western Digital Technology, Inc.",San Jose,Santa Clara,97,Layoff Permanent
03/07/2019,05/06/2019,03/08/2019,"Marvell Semiconductor, Inc.",Irvine,Orange County,2,Layoff Permanent
03/07/2019,05/06/2019,03/08/2019,"Molina Healthcare, Inc.",Long Beach,Los Angeles,86,Layoff Permanent
02/15/2019,02/20/2019,03/11/2019,"Schaefer Ambulance Service, Inc.",Thermal,Riverside County,78,Closure Permanent
02/15/2019,04/16/2019,03/11/2019,"Schaefer Ambulance Service, Inc.",Chino,San Bernardino,10,Closure Permanent
02/15/2019,04/16/2019,03/11/2019,"Schaefer Ambulance Service, Inc.",Glendale,Los Angeles,8,Closure Permanent
02/15/2019,04/16/2019,03/11/2019,"Schaefer Ambulance Service, Inc.",La Mesa,San Diego County,12,Closure Permanent
02/15/2019,04/16/2019,03/11/2019,"Schaefer Ambulance Service, Inc.",Los Angeles,Los Angeles,58,Closure Permanent
02/15/2019,04/16/2019,03/11/2019,"Schaefer Ambulance Service, Inc.",Monrovia,Los Angeles,18,Closure Permanent
02/15/2019,04/16/2019,03/11/2019,"Schaefer Ambulance Service, Inc.",Pomona,Los Angeles,30,Closure Permanent
03/04/2019,03/08/2019,03/12/2019,"Veritas Technologies, LLC",Santa Clara,Santa Clara,45,Layoff Permanent
03/08/2019,03/08/2019,03/12/2019,Erwin Hymer Group USA LP,Ontario,San Bernardino,23,Closure Permanent
03/08/2019,03/08/2019,03/12/2019,Erwin Hymer Group USA LP,Riverside,Riverside County,23,Closure Permanent
03/12/2019,05/15/2019,03/13/2019,SAP,Palo Alto,Santa Clara,179,Layoff Permanent
03/12/2019,05/15/2019,03/13/2019,SAP,San Ramon,Contra Costa,173,Layoff Permanent
03/12/2019,05/15/2019,03/13/2019,SAP,South San,San Mateo County,94,Layoff Permanent
03/13/2019,05/01/2019,03/13/2019,"Unity Care Group, Inc.",San Jose,Santa Clara,91,Layoff Permanent
03/13/2019,05/11/2019,03/14/2019,Instacart,Berkeley,Alameda County,13,Closure Permanent
03/13/2019,05/11/2019,03/14/2019,Instacart,Campbell,Santa Clara,7,Closure Permanent
03/13/2019,05/11/2019,03/14/2019,Instacart,Glendale,Los Angeles,12,Closure Permanent
03/13/2019,05/11/2019,03/14/2019,Instacart,Oakland,Alameda County,15,Closure Permanent
03/13/2019,05/11/2019,03/14/2019,Instacart,San Francisco,San Francisco,86,Closure Permanent
03/13/2019,05/11/2019,03/14/2019,Instacart,San Mateo,San Mateo County,41,Closure Permanent
03/13/2019,05/11/2019,03/15/2019,Instacart,Los Angeles,Los Angeles,49,Closure Permanent
03/13/2019,05/11/2019,03/15/2019,Instacart,Santa Monica,Los Angeles,34,Closure Permanent
03/15/2019,05/15/2019,03/15/2019,"Thin Film Electronics, Inc.",San Jose,Santa Clara,52,Layoff Permanent
03/15/2019,05/17/2019,03/15/2019,St. Joseph Hospital,Orange,Orange County,87,Layoff Permanent
03/12/2019,05/14/2019,03/18/2019,Crown World,Culver City,Los Angeles,8,Closure Permanent
03/13/2019,03/31/2019,03/18/2019,PayPal,San Jose,Santa Clara,10,Layoff Permanent
03/15/2019,03/20/2019,03/18/2019,Vintage Grocers,Westlake Village,Ventura County,65,Closure Permanent
03/13/2019,04/05/2019,03/20/2019,AbbVie Stemcentrx,South San,San Mateo County,178,Layoff Permanent
03/19/2019,05/20/2019,03/20/2019,"Charles River Laboratories, Inc.",San Diego,San Diego County,24,Closure Permanent
03/20/2019,05/17/2019,03/21/2019,"XPO Logistics Supply Chain, Inc.",Tracy,San Joaquin,162,Closure Permanent
03/20/2019,05/21/2019,03/21/2019,"N2 Imaging Systems, LLC",Irvine,Orange County,61,Layoff Permanent
03/05/2019,04/02/2019,03/22/2019,PayPal,San Francisco,San Francisco,23,Layoff Permanent
03/05/2019,04/02/2019,03/22/2019,PayPal,San Jose,Santa Clara,150,Layoff Permanent
03/21/2019,05/21/2019,03/22/2019,"Oracle America, Inc.",Redwood City,San Mateo County,255,Layoff Permanent
03/21/2019,05/21/2019,03/22/2019,"Oracle America, Inc.",Santa Clara,Santa Clara,97,Layoff Permanent
03/22/2019,05/24/2019,03/22/2019,Lifetouch National School Studios Inc.,Chico,Butte County,25,Closure Permanent
03/22/2019,05/24/2019,03/22/2019,Stanley Security,Santa Ana,Orange County,50,Closure Permanent
11/16/2018,01/16/2019,03/25/2019,"Newport Diversified, Inc.",Santa Fe,Los Angeles,72,Layoff Temporary
03/25/2019,05/24/2019,03/25/2019,Vons Companies Inc.,Barstow,San Bernardino,65,Closure Permanent
03/26/2019,05/31/2019,03/26/2019,Morrison Healthcare,Fresno,Fresno County,232,Closure Permanent
03/26/2019,05/31/2019,03/26/2019,"Unified Grocers, Inc.",Commerce,Los Angeles,67,Layoff Permanent
03/27/2019,05/31/2019,03/27/2019,"RSCR California, Inc.",Garden Grove,Orange County,102,Closure Permanent
03/27/2019,05/28/2019,03/28/2019,"Body Beautiful Car Wash, lnc.",San Diego,San Diego County,47,Layoff Unknown at this time
03/27/2019,05/28/2019,03/28/2019,"Clover Health Labs, LLC",San Francisco,San Francisco,49,Layoff Permanent
03/27/2019,05/31/2019,03/28/2019,"Voxpro Group, LLC",Folsom,Sacramento,193,Layoff Permanent
03/28/2019,05/28/2019,03/28/2019,Collins Aerospace,Chula Vista,San Diego County,72,Layoff Permanent
03/28/2019,05/31/2019,03/28/2019,Intel Corporation,Folsom,Sacramento,65,Layoff Permanent
03/28/2019,05/31/2019,03/28/2019,Intel Corporation,Santa Clara,Santa Clara,108,Layoff Permanent
11/01/2018,01/31/2019,03/29/2019,"Pioneer Hi-Bred International, Inc.",Hayward,Alameda County,103,Closure Permanent
03/27/2019,03/27/2019,03/29/2019,"Banc of California, N.A.",Pasadena,Los Angeles,2,Layoff Permanent
03/27/2019,03/27/2019,03/29/2019,"Banc of California, N.A.",Santa Ana,Orange County,28,Layoff Permanent
03/28/2019,05/16/2019,03/29/2019,"Genentech, Inc. and Genentech USA, Inc.",South San,San Mateo County,54,Layoff Permanent
03/28/2019,05/31/2019,03/29/2019,"Alpine Electronics of America, Inc.",Torrance,Los Angeles,4,Layoff Permanent
03/29/2019,07/01/2019,03/29/2019,"California Cartage Management Services, LLC",Wilmington,Los Angeles,16,Closure Permanent
03/29/2019,07/01/2019,03/29/2019,"California Cartage Transportation, LLC",Wilmington,Los Angeles,23,Closure Permanent
03/26/2019,03/26/2019,04/02/2019,"Kingsburg Apple Packers, Inc.",Kingsburg,Fresno County,72,Closure Permanent
03/26/2019,06/03/2019,04/02/2019,"TEG Staffing, Inc. dba Eastridge Workforce",San Diego,San Diego County,62,Layoff Permanent
03/29/2019,05/28/2019,04/02/2019,"Cal Cartage Warehousing & Transloading, LLC",Compton,Los Angeles,14,Closure Unknown at this time
03/29/2019,05/31/2019,04/02/2019,Core-Mark,South San,San Mateo County,18,Closure Permanent
03/29/2019,06/01/2019,04/02/2019,PAE,Laguna Niguel,Orange County,472,Closure Permanent
03/29/2019,06/01/2019,04/02/2019,Saybrook University,Oakland,Alameda County,1,Closure Permanent
03/29/2019,06/14/2019,04/02/2019,"California Transload Services, LLC",Wilmington,Los Angeles,229,Closure Permanent
03/20/2019,05/24/2019,04/03/2019,Walmart,San Jose,Santa Clara,83,Closure Permanent
04/03/2019,06/03/2019,04/03/2019,Savers,San Jose,Santa Clara,60,Closure Permanent
01/29/2018,04/01/2018,04/04/2019,Adventist Health White Memorial,Los Angeles,Los Angeles,175,Layoff Permanent
04/04/2019,06/04/2019,04/04/2019,Jabil Inc.,San Jose,Santa Clara,150,Closure Permanent
04/04/2019,06/14/2019,04/04/2019,Symantec Corporation,Mountain View,Santa Clara,34,Layoff Permanent
03/29/2019,05/29/2019,04/05/2019,Verity Medical Foundation,Daly City,San Mateo County,5,Layoff Permanent
03/29/2019,05/29/2019,04/05/2019,Verity Medical Foundation,San Jose,Santa Clara,5,Layoff Permanent
04/04/2019,06/07/2019,04/05/2019,MedImpact Healthcare Systems,San Diego,San Diego County,28,Layoff Permanent
04/05/2019,06/07/2019,04/05/2019,"Vanderbeek Motors, Inc.",Roseville,Placer County,38,Closure Permanent
04/04/2019,06/03/2019,04/08/2019,"Wag Labs, Inc.",West Hollywood,Los Angeles,54,Layoff Permanent
04/05/2019,06/07/2019,04/09/2019,"Marvell Semiconductor, Inc.",Santa Clara,Santa Clara,6,Layoff Permanent
04/05/2019,08/01/2019,04/09/2019,"Marvell Semiconductor, Inc.",Irvine,Orange County,1,Layoff Permanent
04/08/2019,06/07/2019,04/09/2019,Lumileds,San Jose,Santa Clara,42,Layoff Permanent
04/09/2019,06/10/2019,04/09/2019,"Molina Healthcare, Inc.",Long Beach,Los Angeles,75,Layoff Permanent
04/09/2019,06/14/2019,04/09/2019,Honeywell,Santa Ana,Orange County,48,Closure Permanent
04/09/2019,06/08/2019,04/10/2019,"NIO USA, Inc.",San Francisco,San Francisco,20,Closure Permanent
04/09/2019,06/08/2019,04/10/2019,"NIO USA, Inc.",San Jose,Santa Clara,50,Layoff Permanent
04/09/2019,06/09/2019,04/10/2019,General Electric Company,San Ramon,Contra Costa,172,Layoff Permanent
04/10/2019,06/10/2019,04/10/2019,SeaCa Packaging,Fowler,Fresno County,53,Closure Permanent
11/16/2018,01/16/2019,04/11/2019,"Woodward, Inc.",Duarte,Los Angeles,209,Closure Permanent
04/11/2019,06/11/2019,04/11/2019,"Revolution Foods, Inc.",Norwalk,Los Angeles,219,Layoff Temporary
04/08/2019,06/14/2019,04/12/2019,Conair Corporation,El Segundo,Los Angeles,57,Closure Permanent
04/08/2019,06/14/2019,04/12/2019,Conair Corporation,South Gate,Los Angeles,31,Closure Permanent
04/08/2019,06/15/2019,04/12/2019,"Kirkside Facilities Operations, LLC",Granada Hills,Los Angeles,82,Layoff Permanent
04/08/2019,06/15/2019,04/12/2019,"Kirkside Facilities Operations, LLC",Ontario,San Bernardino,15,Layoff Permanent
04/12/2019,06/12/2019,04/12/2019,"Spawn Mate, Inc. dba Mushroom Farms",Watsonville,Santa Cruz,82,Closure Permanent
04/08/2019,06/15/2019,04/15/2019,"AG Facilities Operations, LLC",La Mesa,San Diego County,38,Layoff Permanent
04/08/2019,06/15/2019,04/15/2019,"AG Facilities Operations, LLC",Monrovia,Los Angeles,53,Layoff Permanent
04/08/2019,06/15/2019,04/15/2019,"AG Facilities Operations, LLC",Murrieta,Riverside County,91,Layoff Permanent
04/08/2019,06/15/2019,04/15/2019,"AG Facilities Operations, LLC",Redlands,San Bernardino,14,Layoff Permanent
04/08/2019,06/15/2019,04/15/2019,"AG Facilities Operations, LLC",Seal Beach,Orange County,76,Layoff Permanent
04/08/2019,06/15/2019,04/15/2019,"AG Facilities Operations, LLC",West Covina,Los Angeles,55,Layoff Permanent
10/11/2018,12/12/2018,04/16/2019,Beckman Coulter,Brea,Orange County,70,Closure Permanent
04/12/2019,04/30/2019,04/16/2019,"The Patina Group Newco, LLC",Los Angeles,Los Angeles,32,Closure Permanent
04/09/2019,06/08/2019,04/17/2019,"Gymboree Group, Inc.",San Francisco,San Francisco,34,Layoff Permanent
04/15/2019,06/11/2019,04/17/2019,Crane Corporation,Signal Hill,Los Angeles,53,Closure Permanent
04/15/2019,06/15/2019,04/17/2019,"Purple Communications, Inc.",Corona,Riverside County,63,Closure Permanent
04/16/2019,06/17/2019,04/17/2019,PAREXEL International,San Diego,San Diego County,3,Closure Permanent
04/17/2019,06/21/2019,04/17/2019,"Home Brew Mart, Inc",San Diego,San Diego County,33,Layoff Permanent
04/17/2019,06/21/2019,04/17/2019,"Home Brew Mart, Inc",Temecula,Riverside County,27,Closure Permanent
04/17/2019,07/05/2019,04/17/2019,"JCPenny Corporation, Inc.",Daly City,San Mateo County,73,Closure Permanent
04/17/2019,07/05/2019,04/17/2019,"JCPenny Corporation, Inc.",Yucca Valley,San Bernardino,26,Closure Permanent
04/11/2019,04/19/2019,04/18/2019,"EZ Mailing Services, Inc.",Vernon,Los Angeles,105,Closure Permanent
04/11/2019,04/19/2019,04/18/2019,"United Business Freight Forwarders, LLC",Vernon,Los Angeles,254,Closure Permanent
04/15/2019,06/30/2019,04/18/2019,Paramedics Plus,Livermore,Alameda County,487,Closure Permanent
04/16/2019,06/16/2019,04/18/2019,Revolution Foods,San Lorenzo,Alameda County,191,Layoff Temporary
04/17/2019,12/31/2019,04/18/2019,"Silverhat Bar, Inc.",San Francisco,San Francisco,77,Closure Permanent
04/17/2019,12/31/2019,04/18/2019,"Steve Silver Productions, Inc.",San Francisco,San Francisco,7,Closure Permanent
04/18/2019,06/21/2019,04/18/2019,"Westin Sheraton Vacation Services, Inc. and",Palm Desert,Riverside County,62,Layoff Permanent
04/17/2019,06/20/2019,04/19/2019,Aerojet Rocketdyne,Rancho Cordova,Sacramento,180,Layoff Permanent
04/10/2019,06/10/2019,04/22/2019,"I.S.A. Contracting, Inc.",Fresno,Fresno County,19,Layoff Unknown at this time
04/22/2019,06/23/2019,04/22/2019,"Applexico, Inc. dba Applebee's Grill & Bar",Calexico,Imperial County,44,Closure Permanent
04/16/2019,06/30/2019,04/23/2019,First Student,Baldwin Park,Los Angeles,125,Closure Permanent
04/19/2019,06/27/2019,04/23/2019,"Anka Behavioral Health, Incorporated",Arroyo Grande,San Luis Obispo,37,Layoff Permanent
04/19/2019,06/27/2019,04/23/2019,"Anka Behavioral Health, Incorporated",Burbank,Los Angeles,74,Layoff Permanent
04/19/2019,06/27/2019,04/23/2019,"Anka Behavioral Health, Incorporated",Morgan Hill,Santa Clara,50,Layoff Permanent
04/19/2019,06/27/2019,04/23/2019,"Anka Behavioral Health, Incorporated",Orangevale,Sacramento,29,Layoff Permanent
04/19/2019,06/27/2019,04/23/2019,"Anka Behavioral Health, Incorporated",Pleasant Hill,Contra Costa,19,Layoff Permanent
04/19/2019,06/27/2019,04/23/2019,"Anka Behavioral Health, Incorporated",Pomona,Los Angeles,114,Layoff Permanent
04/19/2019,06/27/2019,04/23/2019,"Anka Behavioral Health, Incorporated",Redding,Shasta County,27,Layoff Permanent
04/19/2019,06/27/2019,04/23/2019,"Anka Behavioral Health, Incorporated",Stockton,San Joaquin,26,Layoff Permanent
04/19/2019,06/27/2019,04/23/2019,"Anka Behavioral Health, Incorporated",Vacaville,Solano County,28,Layoff Permanent
04/22/2019,06/22/2019,04/23/2019,Harbor Freight Tools,Camarillo,Ventura County,51,Closure Permanent
04/22/2019,06/24/2019,04/23/2019,"CMV Pacific, LLC dba Westroot Tavern",San Diego,San Diego County,57,Closure Permanent
04/16/2019,06/30/2019,04/24/2019,First Student,San Bernardino,San Bernardino,76,Closure Permanent
04/17/2019,07/19/2019,04/24/2019,D&W Fine Pack,San Bernardino,San Bernardino,94,Closure Permanent
04/18/2019,07/12/2019,04/24/2019,Zentis North America,Gardena,Los Angeles,80,Closure Permanent
04/19/2019,06/27/2019,04/24/2019,"Anka Behavioral Health, Incorporated",Dublin,Alameda County,36,Layoff Permanent
04/23/2019,06/22/2019,04/24/2019,"Staples the Office Superstore, LLC",Pleasanton,Alameda County,12,Closure Permanent
04/24/2019,06/30/2019,04/24/2019,"MV Transportation, Inc.",Elk Grove,Sacramento,108,Layoff Permanent
04/03/2019,06/30/2019,04/25/2019,Bay Club Cupertino,Cupertino,Santa Clara,191,Closure Unknown at this time
04/23/2019,06/22/2019,04/25/2019,Adventist Health Sonora,Sonora,Tuolumne County,1,Layoff Permanent
04/24/2019,07/01/2019,04/25/2019,"Pinnacle Travel Services, LLC.",El Segundo,Los Angeles,110,Closure Permanent
04/22/2019,06/21/2019,04/26/2019,Fresno Community Hospital and Medical Center,Fresno,Fresno County,10,Layoff Permanent
04/22/2019,06/30/2019,04/26/2019,First Transit,Concord,Contra Costa,115,Closure Permanent
04/25/2019,06/25/2019,04/26/2019,"Medtronic, Inc.",Santa Rosa,Sonoma County,55,Layoff Unknown at this time
04/25/2019,06/30/2019,04/26/2019,TRISTAR Insurance Group,Santa Ana,Orange County,137,Layoff Permanent
04/26/2019,06/30/2019,04/26/2019,Covia Communities,Los Gatos,Santa Clara,66,Closure Permanent
04/22/2019,06/24/2019,04/29/2019,"PetSmart, Inc.",Los Angeles,Los Angeles,50,Closure Permanent
04/25/2019,06/25/2019,04/29/2019,"Shades Unlimited, Inc. DBA Redi Shade, Inc.",Cotati,Sonoma County,52,Closure Permanent
04/29/2019,06/28/2019,04/29/2019,Smithfield Packaged Meats Corp.,San Leandro,Alameda County,81,Closure Permanent
04/29/2019,07/01/2019,04/29/2019,Kimberly-Clark Corporation,Fullerton,Orange County,30,Closure Permanent
04/29/2019,07/01/2019,04/29/2019,Lolli & Pops Distribution Center,Concord,Contra Costa,1,Closure Permanent
04/19/2019,06/20/2019,04/30/2019,"Tomato Growers, Inc.",Crows Landing,Stanislaus County,270,Closure Permanent
04/25/2019,06/07/2019,04/30/2019,Ferro Corporation,Vista,San Diego County,37,Closure Permanent
04/30/2019,05/30/2019,04/30/2019,Training and Research Foundation,Los Angeles,Los Angeles,224,Layoff Permanent
04/30/2019,06/30/2019,05/01/2019,Verity Medical Foundation,Daly City,San Mateo County,9,Layoff Permanent
04/30/2019,06/30/2019,05/01/2019,Verity Medical Foundation,El Segundo,Los Angeles,1,Layoff Permanent
04/30/2019,06/30/2019,05/01/2019,Verity Medical Foundation,Los Angeles,Los Angeles,5,Layoff Permanent
04/30/2019,06/30/2019,05/01/2019,Verity Medical Foundation,San Jose,Santa Clara,11,Layoff Permanent
04/30/2019,07/01/2019,05/01/2019,"California Sentry Service, Inc",Wilmington,Los Angeles,17,Closure Permanent
05/01/2019,07/01/2019,05/01/2019,"Semco Instruments, Inc.",Valencia,Los Angeles,50,Layoff Permanent
05/01/2019,07/01/2019,05/01/2019,"Sinclair Printing, CJK Group, Inc.",Palmdale,Los Angeles,112,Closure Permanent
04/26/2019,06/30/2019,05/02/2019,"Spencer N. Enterprises, Inc.",City of Industry,Los Angeles,20,Closure Permanent
04/24/2019,06/30/2019,05/03/2019,"Rank + Rally, LLC",Oakland,Alameda County,110,Closure Permanent
04/24/2019,06/30/2019,05/03/2019,"Rank + Rally, LLC",San Francisco,San Francisco,12,Closure Permanent
04/24/2019,06/30/2019,05/03/2019,"Rank + Rally, LLC",Santa Clara,Santa Clara,12,Closure Permanent
04/24/2019,06/30/2019,05/03/2019,"Rank + Rally, LLC",Walnut Creek,Contra Costa,11,Closure Permanent
04/26/2019,09/30/2019,05/03/2019,"Boardriders, Inc.",Irvine,Orange County,40,Closure Permanent
04/29/2019,06/30/2019,05/03/2019,"OFL-C, LLC",San Juan,Orange County,12,Closure Permanent
05/01/2019,05/01/2019,05/03/2019,"Anki, Inc.",San Francisco,San Francisco,170,Closure Permanent
05/01/2019,07/01/2019,05/03/2019,Blue Shield of California,Lodi,San Joaquin,51,Layoff Permanent
05/01/2019,07/05/2019,05/03/2019,"Rockwell Collins, Inc.",Irvine,Orange County,100,Closure Permanent
03/21/2019,06/30/2019,05/06/2019,Ryder,Moreno Valley,Riverside County,142,Closure Permanent
04/29/2019,06/30/2019,05/06/2019,Clariant Plastics & Coatings USA. LLC,Chino,San Bernardino,8,Closure Permanent
04/29/2019,06/30/2019,05/06/2019,Prep for Success Inc.,Pasadena,Los Angeles,55,Layoff Permanent
05/02/2019,07/05/2019,05/06/2019,Alticor Inc.,Buena Park,Orange County,34,Layoff Permanent
05/03/2019,05/03/2019,05/06/2019,"Live Well Financial, Inc.",San Diego,San Diego County,59,Closure Permanent
05/06/2019,06/28/2019,05/06/2019,Symantec Corporation,Mountain View,Santa Clara,19,Layoff Permanent
05/06/2019,06/28/2019,05/06/2019,Symantec Corporation,San Francisco,San Francisco,8,Layoff Permanent
04/26/2019,06/30/2019,05/08/2019,"Education Management Systems, Inc.",Pasadena,Los Angeles,29,Closure Permanent
04/29/2019,06/30/2019,05/08/2019,"OFL-WSH, LLC.",Canyon Country,Los Angeles,70,Closure Permanent
04/29/2019,06/30/2019,05/08/2019,"OFL-WSH, LLC.",Ridgecrest,Kern County,14,Closure Permanent
05/06/2019,07/06/2019,05/08/2019,"Sun World International, LLC",Bakersfield,Kern County,96,Layoff Permanent
05/06/2019,07/06/2019,05/08/2019,"Sun World International, LLC",Coachella,Riverside County,11,Layoff Permanent
05/06/2019,07/06/2019,05/08/2019,"Sun World International, LLC",Porterville,Tulare County,26,Layoff Permanent
03/29/2019,06/30/2019,05/09/2019,"Education Management Systems III, Inc.",Irwindale,Los Angeles,45,Closure Permanent
03/29/2019,06/30/2019,05/09/2019,"Education Management Systems III, Inc.",Pasadena,Los Angeles,22,Closure Permanent
04/26/2019,06/30/2019,05/09/2019,"Pathways Management Group, Inc.",Ontario,San Bernardino,43,Closure Permanent
04/26/2019,06/30/2019,05/09/2019,"Pathways Management Group, Inc.",Pasadena,Los Angeles,42,Closure Permanent
04/29/2019,06/30/2019,05/09/2019,"OFL-BP, LLC.",Arleta,Los Angeles,44,Closure Permanent
04/29/2019,06/30/2019,05/09/2019,"OFL-BP, LLC.",Bellflower,Los Angeles,22,Closure Permanent
04/29/2019,06/30/2019,05/09/2019,"OFL-BP, LLC.",Encino,Los Angeles,88,Closure Permanent
04/29/2019,06/30/2019,05/09/2019,"OFL-BP, LLC.",Hawthorne,Los Angeles,22,Closure Permanent
04/29/2019,06/30/2019,05/09/2019,"OFL-BP, LLC.",Long Beach,Los Angeles,116,Closure Permanent
04/29/2019,06/30/2019,05/09/2019,"OFL-D, LLC.",City of Industry,Los Angeles,22,Closure Permanent
04/29/2019,06/30/2019,05/09/2019,"OFL-D, LLC.",Monrovia,Los Angeles,45,Closure Permanent
05/03/2019,07/05/2019,05/09/2019,"H.D. Smith, LLC (AmerisourceBergen",Carson,Los Angeles,33,Closure Permanent
05/07/2019,08/01/2019,05/10/2019,"Promises Behavioral Health, LLC",Long Beach,Los Angeles,45,Closure Permanent
05/09/2019,07/01/2019,05/10/2019,Taylor Lane Organic Coffee,San Francisco,San Francisco,6,Closure Permanent
05/09/2019,07/01/2019,05/10/2019,Taylor Lane Organic Coffee,Santa Rosa,Sonoma County,6,Closure Permanent
04/30/2019,06/30/2019,05/13/2019,First Student,Palmdale,Los Angeles,133,Closure Permanent
05/10/2019,07/12/2019,05/13/2019,"Kinkisharyo International, L.L.C.",Palmdale,Los Angeles,19,Layoff Permanent
05/07/2019,07/22/2019,05/14/2019,Tenneco Inc.,Moreno Valley,Riverside County,95,Layoff Permanent
05/10/2019,07/09/2019,05/14/2019,Deluxe Entertainment Services Group Inc.,Burbank,Los Angeles,56,Layoff Permanent
05/10/2019,07/09/2019,05/14/2019,Deluxe Entertainment Services Group Inc.,Burbank,Los Angeles,57,Layoff Permanent
05/13/2019,06/14/2019,05/14/2019,MapR Technologies Inc.,Santa Clara,Santa Clara,122,Closure Permanent
05/06/2019,07/06/2019,05/15/2019,"Sun World International, LLC",Bakersfield,Kern County,96,Layoff Unknown at this time
05/06/2019,07/06/2019,05/15/2019,"Sun World International, LLC",Coachella,Riverside County,9,Layoff Unknown at this time
05/06/2019,07/06/2019,05/15/2019,"Sun World International, LLC",Porterville,Tulare County,26,Layoff Unknown at this time
05/06/2019,07/06/2019,05/15/2019,"Sun World International, LLC",Thermal,Riverside County,2,Layoff Unknown at this time
05/14/2019,07/14/2019,05/15/2019,"Ellie Mae, Inc.",Pleasanton,Alameda County,90,Layoff Permanent
05/14/2019,08/16/2019,05/15/2019,NYX Professional Makeup,Torrance,Los Angeles,64,Closure Permanent
05/15/2019,05/15/2019,05/16/2019,"Flexsteel Industries, Inc.",Riverside,Riverside County,87,Layoff Permanent
05/16/2019,07/15/2019,05/16/2019,"TreeHouse Private Brands, Inc.",Lodi,San Joaquin,76,Layoff Permanent
05/08/2019,07/11/2019,05/17/2019,"Anka Behavioral Health, Incorporated",Concord,Contra Costa,214,Closure Permanent
05/08/2019,07/11/2019,05/17/2019,"Anka Behavioral Health, Incorporated",Fremont,Alameda County,34,Closure Permanent
05/08/2019,07/11/2019,05/17/2019,"Anka Behavioral Health, Incorporated",Fresno,Fresno County,4,Closure Permanent
05/08/2019,07/11/2019,05/17/2019,"Anka Behavioral Health, Incorporated",Hemet,Riverside County,40,Closure Permanent
05/08/2019,07/11/2019,05/17/2019,"Anka Behavioral Health, Incorporated",Indio,Riverside County,13,Closure Permanent
05/08/2019,07/11/2019,05/17/2019,"Anka Behavioral Health, Incorporated",Lodi,San Joaquin,72,Closure Permanent
05/08/2019,07/11/2019,05/17/2019,"Anka Behavioral Health, Incorporated",Montebello,Los Angeles,1,Closure Permanent
05/08/2019,07/11/2019,05/17/2019,"Anka Behavioral Health, Incorporated",Nipomo,San Luis Obispo,15,Closure Permanent
05/08/2019,07/11/2019,05/17/2019,"Anka Behavioral Health, Incorporated",Richmond,Contra Costa,20,Closure Permanent
05/08/2019,07/11/2019,05/17/2019,"Anka Behavioral Health, Incorporated",Rohnert Park,Sonoma County,15,Closure Permanent
05/08/2019,07/11/2019,05/17/2019,"Anka Behavioral Health, Incorporated",San Jose,Santa Clara,39,Closure Permanent
05/08/2019,07/11/2019,05/17/2019,"Anka Behavioral Health, Incorporated",Santa Maria,Santa Barbara,17,Closure Permanent
05/08/2019,07/11/2019,05/17/2019,"Anka Behavioral Health, Incorporated",Vallejo,Solano County,25,Closure Permanent
05/08/2019,07/11/2019,05/17/2019,"Anka Behavioral Health, Incorporated",Ventura,Ventura County,60,Closure Permanent
05/16/2019,07/19/2019,05/17/2019,"Loot Crate, Inc.",Vernon,Los Angeles,150,Closure Permanent
05/14/2019,07/15/2019,05/21/2019,Twentieth Century Fox Film Corporation,Los Angeles,Los Angeles,53,Layoff Permanent
05/16/2019,07/31/2019,05/21/2019,Boston Scientific Corporation,San Jose,Santa Clara,41,Closure Permanent
05/17/2019,07/31/2019,05/21/2019,"Rio Mesa Farms, LLC",Santa Maria,Santa Barbara,236,Closure Permanent
05/21/2019,07/19/2019,05/22/2019,P4C Global,Chatsworth,Los Angeles,35,Closure Unknown at this time
05/17/2019,07/16/2019,05/23/2019,"Three Chiefs and No Indians, LLC (American",Ontario,San Bernardino,76,Closure Permanent
05/23/2019,07/25/2019,05/23/2019,Masonite Corporation,Stockton,San Joaquin,150,Closure Permanent
05/23/2019,07/22/2019,05/24/2019,Hayward Industries,Pomona,Los Angeles,168,Closure Temporary
05/23/2019,07/23/2019,05/24/2019,Dynavax Technologies Corporation,Berkeley,Alameda County,80,Layoff Unknown at this time
05/23/2019,07/23/2019,05/24/2019,Green Coast Management Inc.,Oakland,Alameda County,136,Layoff Permanent
05/24/2019,06/19/2019,05/24/2019,Arcadia Group (USA) Limited,Glendale,Los Angeles,34,Closure Permanent
05/24/2019,06/19/2019,05/24/2019,Arcadia Group (USA) Limited,Los Angeles,Los Angeles,103,Closure Permanent
05/24/2019,06/19/2019,05/24/2019,Arcadia Group (USA) Limited,San Diego,San Diego County,43,Closure Permanent
05/23/2019,07/23/2019,05/28/2019,"Care RX, LLC",Stockton,San Joaquin,75,Closure Permanent
05/24/2019,07/26/2019,05/28/2019,"Aramark Sports and Entertainment Services,",Santa Clara,Santa Clara,129,Closure Permanent
05/24/2019,07/26/2019,05/28/2019,"Security Industry Specialists, Inc.",Sunnyvale,Santa Clara,196,Layoff Permanent
05/24/2019,07/31/2019,05/28/2019,"Swissport Cargo Services, LP",Los Angeles,Los Angeles,69,Closure Permanent
05/29/2019,07/29/2019,05/29/2019,Lenovo,Santa Clara,Santa Clara,35,Layoff Permanent
05/23/2019,03/14/2019,05/30/2019,Charter Communications,Chatsworth,Los Angeles,51,Layoff Permanent
05/30/2019,08/02/2019,05/30/2019,Kettle Cuisine,Morgan Hill,Santa Clara,99,Closure Permanent
05/30/2019,08/04/2019,05/30/2019,"Vie De France Yamazaki, Inc.",Vernon,Los Angeles,59,Layoff Permanent
05/30/2019,08/31/2019,05/30/2019,"RSCR California, Inc.",Garden Grove,Orange County,89,Closure Permanent
05/30/2019,05/30/2019,05/31/2019,"FTD Companies, Inc.",San Diego,San Diego County,167,Closure Permanent
05/30/2019,08/31/2019,05/31/2019,Accell North America,Simi Valley,Ventura County,9,Closure Permanent
05/31/2019,06/17/2019,05/31/2019,"Z Gallerie, LLC",Gardena,Los Angeles,196,Layoff Permanent
05/31/2019,07/31/2019,05/31/2019,"Kuni Enterprises, LLC",Roseville,Placer County,60,Closure Permanent
05/31/2019,08/02/2019,05/31/2019,"El Dorado Berry Farms, LLC",Oxnard,Ventura County,77,Layoff Permanent
05/31/2019,08/02/2019,05/31/2019,"Kinkisharyo International, L.L.C.",Palmdale,Los Angeles,29,Layoff Permanent
05/31/2019,08/02/2019,05/31/2019,"VF Outdoor, LLC",Alameda,Alameda County,52,Closure Permanent
05/29/2019,07/31/2019,06/04/2019,Kramer Motors Incorporated dba Honda of Santa,Santa Monica,Los Angeles,66,Closure Unknown at this time
05/31/2019,07/31/2019,06/04/2019,Roadrunner,Camarillo,Ventura County,60,Layoff Unknown at this time
06/03/2019,10/01/2019,06/04/2019,"Roche Molecular Systems, Inc.",Los Gatos,Santa Clara,17,Closure Permanent
05/21/2019,08/01/2019,06/05/2019,Education Credit Management Corporation,Mather,Sacramento,185,Layoff Permanent
06/04/2019,12/31/2019,06/05/2019,Novanta,San Jose,Santa Clara,16,Layoff Permanent
06/05/2019,08/05/2019,06/06/2019,Facey Mission Hills,Mission Hills,Los Angeles,89,Layoff Permanent
06/06/2019,08/16/2019,06/06/2019,"Xero, Inc.",San Francisco,San Francisco,87,Closure Permanent
05/30/2019,07/30/2019,06/07/2019,"EDE GROUP, INC.",Union City,Alameda County,1,Closure Permanent
01/29/2018,04/02/2018,06/10/2019,Rolls-Royce Corporation,Oakland,Alameda County,179,Closure Permanent
06/05/2019,07/16/2019,06/11/2019,"GB Acquisition, Inc. dba Gordon Biersch Brewery",San Diego,San Diego County,79,Closure Permanent
06/10/2019,09/16/2019,06/11/2019,Glendora Community Hospital,Glendora,Los Angeles,184,Layoff Permanent
06/11/2019,08/19/2019,06/12/2019,Just Energy Marketing Corp.,Bakersfield,Kern County,19,Closure Permanent
06/11/2019,08/19/2019,06/12/2019,Just Energy Marketing Corp.,Oakland,Alameda County,30,Closure Permanent
06/11/2019,08/19/2019,06/12/2019,Just Energy Marketing Corp.,Ontario,San Bernardino,24,Closure Permanent
06/11/2019,08/19/2019,06/12/2019,Just Energy Marketing Corp.,Orange,Orange County,11,Closure Permanent
06/11/2019,08/19/2019,06/12/2019,Just Energy Marketing Corp.,Sacramento,Sacramento,27,Closure Permanent
06/11/2019,08/19/2019,06/12/2019,Just Energy Marketing Corp.,Santa Clara,Santa Clara,26,Closure Permanent
06/12/2019,08/31/2019,06/12/2019,"Schenker, Inc.",Redlands,San Bernardino,95,Layoff Unknown at this time
06/12/2019,09/16/2019,06/12/2019,Clift Royal Sonesta,San Francisco,San Francisco,206,Closure Temporary
06/12/2019,09/27/2019,06/12/2019,"Wholesome Harvest Baking, LLC",Richmond,Contra Costa,146,Closure Permanent
06/12/2019,08/12/2019,06/13/2019,Zovio & Ashford University Building,San Diego,San Diego County,248,Layoff Permanent
06/12/2019,10/31/2019,06/13/2019,Global Payments Inc.,Santa Ana,Orange County,55,Closure Permanent
06/12/2019,12/31/2019,06/14/2019,Ferrara Candy Company,Glendale,Los Angeles,88,Closure Permanent
01/29/2019,03/20/2019,06/17/2019,"Tesla, Inc.",Fremont,Alameda County,964,Layoff Permanent
01/29/2019,03/20/2019,06/17/2019,"Tesla, Inc.",Palo Alto,Santa Clara,84,Layoff Permanent
05/21/2019,05/21/2019,06/17/2019,Adventist Health White Memorial Medical Center,Los Angeles,Los Angeles,31,Closure Permanent
06/06/2019,07/15/2019,06/17/2019,Twentieth Century Fox Film Corporation,Los Angeles,Los Angeles,87,Layoff Permanent
06/06/2019,07/20/2019,06/17/2019,Bank of America,Simi Valley,Ventura County,38,Layoff Permanent
06/17/2019,08/16/2019,06/17/2019,"PAQ, Inc.",Modesto,Stanislaus County,61,Closure Permanent
06/17/2019,07/26/2019,06/18/2019,Symantec Corporation,Mountain View,Santa Clara,4,Layoff Permanent
06/17/2019,07/26/2019,06/18/2019,Symantec Corporation,San Francisco,San Francisco,2,Layoff Permanent
06/12/2019,06/28/2019,06/20/2019,drive.ai,Mountain View,Santa Clara,90,Closure Permanent
06/19/2019,07/05/2019,06/20/2019,National Event Services,Rocklin,Placer County,268,Closure Permanent
06/20/2019,08/16/2019,06/20/2019,"Kinkisharyo International, L.L.C.",Palmdale,Los Angeles,3,Layoff Permanent
06/12/2019,09/10/2019,06/21/2019,Sole Transport LLC aka Solar Transport,Bell Gardens,Los Angeles,57,Closure Permanent
06/21/2019,08/23/2019,06/21/2019,"H.D. Smith, LLC",Stockton,San Joaquin,47,Closure Permanent
06/19/2019,06/28/2019,06/24/2019,"Singulex, Inc.",Alameda,Alameda County,71,Closure Permanent
06/19/2019,08/02/2019,06/25/2019,Twentieth Century Fox Film Corporation,Los Angeles,Los Angeles,46,Layoff Permanent
06/19/2019,08/14/2019,06/25/2019,Twentieth Century Fox Film Corporation,Los Angeles,Los Angeles,43,Layoff Permanent
06/25/2019,08/01/2019,06/25/2019,"Mitsubishi Motors North America, Inc.",Cypress,Orange County,200,Closure Unknown at this time
06/25/2019,09/03/2019,06/25/2019,"Marvell Semiconductor, Inc.",Irvine,Orange County,46,Layoff Permanent
03/29/2019,05/31/2019,06/26/2019,VF Outdoor,Alameda,Alameda County,213,Closure Permanent
03/29/2019,05/31/2019,06/26/2019,VF Outdoor,Carlsbad,San Diego County,12,Closure Permanent
06/25/2019,09/03/2019,06/26/2019,"Marvell Semiconductor, Inc.",Santa Clara,Santa Clara,20,Layoff Permanent
06/25/2019,09/30/2019,06/26/2019,"Excelitas Technologies, Inc.",Fremont,Alameda County,155,Layoff Permanent
06/26/2019,08/26/2019,06/26/2019,"VeriFone, Inc.",Lincoln,Placer County,226,Layoff Permanent
06/18/2019,06/18/2019,06/27/2019,"Space Systems/Loral, LLC",Palo Alto,Santa Clara,97,Layoff Permanent
06/24/2019,08/30/2019,06/27/2019,"DiamondRock Sonoma Tenant, LLC",Sonoma,Sonoma County,33,Closure Permanent
06/26/2019,07/15/2019,06/27/2019,Larsen & Toubro Infotech Ltd.,Sunnyvale,Santa Clara,5,Closure Permanent
06/27/2019,07/03/2019,06/27/2019,Dean & DeLuca Inc.,Saint Helena,Napa County,38,Closure Permanent
06/27/2019,08/31/2019,06/28/2019,"Forever 21 Retail, Inc.",Palmdale,Los Angeles,79,Closure Temporary
06/27/2019,09/03/2019,06/28/2019,LendingClub Corporation,San Francisco,San Francisco,335,Layoff Permanent
06/28/2019,08/28/2019,06/28/2019,"California Comfort Systems USA, Inc.",Hayward,Alameda County,15,Closure Permanent
06/28/2019,08/28/2019,06/28/2019,"California Comfort Systems USA, Inc.",North Highlands,Sacramento,15,Closure Permanent
06/28/2019,08/28/2019,06/28/2019,"California Comfort Systems USA, Inc.",Ontario,San Bernardino,16,Closure Permanent
06/28/2019,08/28/2019,06/28/2019,"California Comfort Systems USA, Inc.",San Diego,San Diego County,84,Closure Permanent
06/28/2019,08/30/2019,06/28/2019,"Coloredge, Inc.",Burbank,Los Angeles,32,Closure Permanent
06/28/2019,08/31/2019,06/28/2019,Verity Business Services,San Jose,Santa Clara,5,Layoff Permanent
