NAME,B01003_001E,B01003_001EA,B01003_001M,B01003_001MA,combined statistical area
"Greenville-Spartanburg-Anderson, SC CSA",1442020.0,,-555555555.0,*****,273
"Greenville-Washington, NC CSA",224615.0,,-555555555.0,*****,274
"Harrisburg-York-Lebanon, PA CSA",1252583.0,,-555555555.0,*****,276
"Harrisonburg-Staunton-Waynesboro, VA CSA",253914.0,,-555555555.0,*****,277
"Hartford-West Hartford, CT CSA",1478248.0,,-555555555.0,*****,278
"Hickory-Lenoir, NC CSA",410448.0,,-555555555.0,*****,280
"Hot Springs-Malvern, AR CSA",131816.0,,-555555555.0,*****,284
"Houston-The Woodlands, TX CSA",6978302.0,,-555555555.0,*****,288
"Huntsville-Decatur-Albertville, AL CSA",769250.0,,-555555555.0,*****,290
"Idaho Falls-Rexburg-Blackfoot, ID CSA",240189.0,,-555555555.0,*****,292
"Indianapolis-Carmel-Muncie, IN CSA",2389982.0,,-555555555.0,*****,294
"Ithaca-Cortland, NY CSA",151085.0,,-555555555.0,*****,296
"Jackson-Brownsville, TN CSA",147110.0,,-555555555.0,*****,297
"Jackson-Vicksburg-Brookhaven, MS CSA",670907.0,,-555555555.0,*****,298
"Jacksonville-St. Marys-Palatka, FL-GA CSA",1600866.0,,-555555555.0,*****,300
"Johnson City-Kingsport-Bristol, TN-VA CSA",507620.0,,-555555555.0,*****,304
"Johnstown-Somerset, PA CSA",209499.0,,-555555555.0,*****,306
"Jonesboro-Paragould, AR CSA",174378.0,,-555555555.0,*****,308
"Joplin-Miami, MO-OK CSA",209006.0,,-555555555.0,*****,309
"Kalamazoo-Battle Creek-Portage, MI CSA",532215.0,,-555555555.0,*****,310
"Kansas City-Overland Park-Kansas City, MO-KS CSA",2448345.0,,-555555555.0,*****,312
"Knoxville-Morristown-Sevierville, TN CSA",1117109.0,,-555555555.0,*****,314
"Kokomo-Peru, IN CSA",118288.0,,-555555555.0,*****,316
"Lafayette-Opelousas-Morgan City, LA CSA",624152.0,,-555555555.0,*****,318
"Lafayette-West Lafayette-Frankfort, IN CSA",250256.0,,-555555555.0,*****,320
"Lake Charles-Jennings, LA CSA",238517.0,,-555555555.0,*****,324
"Lansing-East Lansing-Owosso, MI CSA",545108.0,,-555555555.0,*****,330
"Las Vegas-Henderson, NV-AZ CSA",2391343.0,,-555555555.0,*****,332
"Lexington-Fayette--Richmond--Frankfort, KY CSA",732255.0,,-555555555.0,*****,336
"Lima-Van Wert-Celina, OH CSA",218513.0,,-555555555.0,*****,338
"Lincoln-Beatrice, NE CSA",348816.0,,-555555555.0,*****,339
"Little Rock-North Little Rock, AR CSA",905651.0,,-555555555.0,*****,340
"Longview-Marshall, TX CSA",284503.0,,-555555555.0,*****,346
"Los Angeles-Long Beach, CA CSA",18629045.0,,-555555555.0,*****,348
"Louisville/Jefferson County--Elizabethtown--Madison, KY-IN CSA",1513472.0,,-555555555.0,*****,350
"Lubbock-Levelland, TX CSA",336285.0,,-555555555.0,*****,352
"Macon-Bibb County--Warner Robins, GA CSA",419619.0,,-555555555.0,*****,356
"Madison-Janesville-Beloit, WI CSA",872646.0,,-555555555.0,*****,357
"Manhattan-Junction City, KS CSA",133736.0,,-555555555.0,*****,358
"Mankato-New Ulm-North Mankato, MN CSA",125316.0,,-555555555.0,*****,359
"Mansfield-Ashland-Bucyrus, OH CSA",216822.0,,-555555555.0,*****,360
"Martin-Union City, TN-KY CSA",70356.0,,-555555555.0,*****,362
"Mayag�ez-San Germ�n, PR CSA",220923.0,,-555555555.0,*****,364
"McAllen-Edinburg, TX CSA",913283.0,,-555555555.0,*****,365
"Midland-Odessa, TX CSA",328150.0,,-555555555.0,*****,372
"Medford-Grants Pass, OR CSA",299748.0,,-555555555.0,*****,366
"Memphis-Forrest City, TN-MS-AR CSA",1372285.0,,-555555555.0,*****,368
"Miami-Fort Lauderdale-Port St. Lucie, FL CSA",6725672.0,,-555555555.0,*****,370
"Milwaukee-Racine-Waukesha, WI CSA",2046746.0,,-555555555.0,*****,376
"Minneapolis-St. Paul, MN-WI CSA",3901933.0,,-555555555.0,*****,378
"Mobile-Daphne-Fairhope, AL CSA",622766.0,,-555555555.0,*****,380
"Modesto-Merced, CA CSA",808376.0,,-555555555.0,*****,382
"Monroe-Ruston-Bastrop, LA CSA",251898.0,,-555555555.0,*****,384
"Morgantown-Fairmont, WV CSA",195586.0,,-555555555.0,*****,390
"Moses Lake-Othello, WA CSA",114312.0,,-555555555.0,*****,393
"Mount Pleasant-Alma, MI CSA",111842.0,,-555555555.0,*****,394
"Myrtle Beach-Conway, SC-NC CSA",509380.0,,-555555555.0,*****,396
"Nashville-Davidson--Murfreesboro, TN CSA",1986902.0,,-555555555.0,*****,400
"New Bern-Morehead City, NC CSA",194439.0,,-555555555.0,*****,404
"New Orleans-Metairie-Hammond, LA-MS CSA",1495745.0,,-555555555.0,*****,406
"New York-Newark, NY-NJ-CT-PA CSA",23527576.0,,-555555555.0,*****,408
"North Port-Sarasota, FL CSA",999350.0,,-555555555.0,*****,412
"Oklahoma City-Shawnee, OK CSA",1441759.0,,-555555555.0,*****,416
"Parkersburg-Marietta-Vienna, WV-OH CSA",152024.0,,-555555555.0,*****,425
"Pensacola-Ferry Pass, FL-AL CSA",519292.0,,-555555555.0,*****,426
"Peoria-Canton, IL CSA",409844.0,,-555555555.0,*****,427
"Philadelphia-Reading-Camden, PA-NJ-DE-MD CSA",7176556.0,,-555555555.0,*****,428
"Omaha-Council Bluffs-Fremont, NE-IA CSA",959574.0,,-555555555.0,*****,420
"Orlando-Deltona-Daytona Beach, FL CSA",3206033.0,,-555555555.0,*****,422
"Oskaloosa-Pella, IA CSA",55415.0,,-555555555.0,*****,423
"Paducah-Mayfield, KY-IL CSA",134361.0,,-555555555.0,*****,424
"Pittsburgh-New Castle-Weirton, PA-OH-WV CSA",2632416.0,,-555555555.0,*****,430
"Ponce-Coamo-Santa Isabel, PR CSA",386605.0,,-555555555.0,*****,434
"Portland-Lewiston-South Portland, ME CSA",636767.0,,-555555555.0,*****,438
"Portland-Vancouver-Salem, OR-WA CSA",3152673.0,,-555555555.0,*****,440
"Pueblo-Ca�on City, CO CSA",211687.0,,-555555555.0,*****,444
"Pullman-Moscow, WA-ID CSA",87832.0,,-555555555.0,*****,446
"Quincy-Hannibal, IL-MO CSA",115343.0,,-555555555.0,*****,448
"Raleigh-Durham-Chapel Hill, NC CSA",2154965.0,,-555555555.0,*****,450
"Rapid City-Spearfish, SD CSA",170525.0,,-555555555.0,*****,452
"Redding-Red Bluff, CA CSA",242458.0,,-555555555.0,*****,454
"Reno-Carson City-Fernley, NV CSA",609877.0,,-555555555.0,*****,456
"Richmond-Connersville, IN CSA",89872.0,,-555555555.0,*****,458
"Rochester-Austin, MN CSA",255637.0,,-555555555.0,*****,462
"Rochester-Batavia-Seneca Falls, NY CSA",1167391.0,,-555555555.0,*****,464
"Rockford-Freeport-Rochelle, IL CSA",436541.0,,-555555555.0,*****,466
"Rocky Mount-Wilson-Roanoke Rapids, NC CSA",300594.0,,-555555555.0,*****,468
"Rome-Summerville, GA CSA",121641.0,,-555555555.0,*****,470
"Sacramento-Roseville, CA CSA",2562195.0,,-555555555.0,*****,472
"Saginaw-Midland-Bay City, MI CSA",380953.0,,-555555555.0,*****,474
"St. Louis-St. Charles-Farmington, MO-IL CSA",2909977.0,,-555555555.0,*****,476
"Salt Lake City-Provo-Orem, UT CSA",2511156.0,,-555555555.0,*****,482
"San Jose-San Francisco-Oakland, CA CSA",8741191.0,,-555555555.0,*****,488
"San Juan-Carolina, PR CSA",2432066.0,,-555555555.0,*****,490
"Savannah-Hinesville-Statesboro, GA CSA",536669.0,,-555555555.0,*****,496
"Seattle-Tacoma, WA CSA",4691993.0,,-555555555.0,*****,500
"Sioux City-Vermillion, IA-SD-NE CSA",182602.0,,-555555555.0,*****,512
"South Bend-Elkhart-Mishawaka, IN-MI CSA",725706.0,,-555555555.0,*****,515
"Spokane-Spokane Valley-Coeur d'Alene, WA-ID CSA",708913.0,,-555555555.0,*****,518
"Springfield-Branson, MO CSA",545081.0,,-555555555.0,*****,520
"Springfield-Greenfield Town, MA CSA",701210.0,,-555555555.0,*****,521
"Springfield-Jacksonville-Lincoln, IL CSA",311939.0,,-555555555.0,*****,522
"State College-DuBois, PA CSA",241659.0,,-555555555.0,*****,524
"Steamboat Springs-Craig, CO CSA",37934.0,,-555555555.0,*****,525
"Tyler-Jacksonville, TX CSA",276918.0,,-555555555.0,*****,540
"Victoria-Port Lavaca, TX CSA",121308.0,,-555555555.0,*****,544
"Virginia Beach-Norfolk, VA-NC CSA",1825246.0,,-555555555.0,*****,545
"Visalia-Porterville-Hanford, CA CSA",610552.0,,-555555555.0,*****,546
"Washington-Baltimore-Arlington, DC-MD-VA-WV-PA CSA",9665997.0,,-555555555.0,*****,548
"Syracuse-Auburn, NY CSA",732573.0,,-555555555.0,*****,532
"Tallahassee-Bainbridge, FL-GA CSA",406934.0,,-555555555.0,*****,533
"Toledo-Port Clinton, OH CSA",645329.0,,-555555555.0,*****,534
"Tucson-Nogales, AZ CSA",1066306.0,,-555555555.0,*****,536
"Tulsa-Muskogee-Bartlesville, OK CSA",1154917.0,,-555555555.0,*****,538
"Wausau-Stevens Point-Wisconsin Rapids, WI CSA",306985.0,,-555555555.0,*****,554
"Wichita-Arkansas City-Winfield, KS CSA",679356.0,,-555555555.0,*****,556
"Williamsport-Lock Haven, PA CSA",153933.0,,-555555555.0,*****,558
"Youngstown-Warren, OH-PA CSA",649491.0,,-555555555.0,*****,566
"Albany-Schenectady, NY CSA",1170877.0,,-555555555.0,*****,104
"Albuquerque-Santa Fe-Las Vegas, NM CSA",1171604.0,,-555555555.0,*****,106
"Amarillo-Borger, TX CSA",284983.0,,125.0,,108
"Appleton-Oshkosh-Neenah, WI CSA",404487.0,,-555555555.0,*****,118
"Asheville-Brevard, NC CSA",483450.0,,-555555555.0,*****,120
"Atlanta--Athens-Clarke County--Sandy Springs, GA CSA",6440883.0,,-555555555.0,*****,122
"Bloomington-Pontiac, IL CSA",225585.0,,-555555555.0,*****,145
"Bloomsburg-Berwick-Sunbury, PA CSA",262419.0,,-555555555.0,*****,146
"Boise City-Mountain Home-Ontario, ID-OR CSA",773857.0,,-555555555.0,*****,147
"Bloomington-Bedford, IN CSA",211900.0,,-555555555.0,*****,144
"Boston-Worcester-Providence, MA-RI-NH-CT CSA",8200935.0,,-555555555.0,*****,148
"Bend-Redmond-Prineville, OR CSA",202977.0,,-555555555.0,*****,140
"Birmingham-Hoover-Talladega, AL CSA",1361423.0,,-555555555.0,*****,142
"Buffalo-Cheektowaga, NY CSA",1209256.0,,-555555555.0,*****,160
"Cape Coral-Fort Myers-Naples, FL CSA",1082601.0,,-555555555.0,*****,162
"Cape Girardeau-Sikeston, MO-IL CSA",135866.0,,-555555555.0,*****,164
"Cedar Rapids-Iowa City, IA CSA",437459.0,,-555555555.0,*****,168
"Bowling Green-Glasgow, KY CSA",225772.0,,-555555555.0,*****,150
"Brownsville-Harlingen-Raymondville, TX CSA",443504.0,,-555555555.0,*****,154
"Charleston-Huntington-Ashland, WV-OH-KY CSA",685724.0,,-555555555.0,*****,170
"Charlotte-Concord, NC-SC CSA",2631398.0,,-555555555.0,*****,172
"Chattanooga-Cleveland-Dalton, TN-GA-AL CSA",954283.0,,-555555555.0,*****,174
"Chicago-Naperville, IL-IN-WI CSA",9907569.0,,-555555555.0,*****,176
"Cincinnati-Wilmington-Maysville, OH-KY-IN CSA",2227874.0,,-555555555.0,*****,178
"Cleveland-Akron-Canton, OH CSA",3491528.0,,-555555555.0,*****,184
"Cleveland-Indianola, MS CSA",59124.0,,-555555555.0,*****,185
"Clovis-Portales, NM CSA",69316.0,,-555555555.0,*****,188
"Columbia-Moberly-Mexico, MO CSA",227195.0,,-555555555.0,*****,190
"Columbia-Orangeburg-Newberry, SC CSA",943186.0,,-555555555.0,*****,192
"Columbus-Auburn-Opelika, GA-AL CSA",500837.0,,-555555555.0,*****,194
"Columbus-Marion-Zanesville, OH CSA",2456974.0,,-555555555.0,*****,198
"Columbus-West Point, MS CSA",79245.0,,-555555555.0,*****,200
"Corpus Christi-Kingsville-Alice, TX CSA",525507.0,,181.0,,204
"Dallas-Fort Worth, TX-OK CSA",7696693.0,,-555555555.0,*****,206
"Davenport-Moline, IA-IL CSA",472888.0,,-555555555.0,*****,209
"Dayton-Springfield-Sidney, OH CSA",1077238.0,,-555555555.0,*****,212
"Denver-Aurora, CO CSA",3466374.0,,-555555555.0,*****,216
"DeRidder-Fort Polk South, LA CSA",87776.0,,-555555555.0,*****,217
"Des Moines-Ames-West Des Moines, IA CSA",794413.0,,-555555555.0,*****,218
"Detroit-Warren-Ann Arbor, MI CSA",5340674.0,,-555555555.0,*****,220
"Dixon-Sterling, IL CSA",90923.0,,-555555555.0,*****,221
"Dothan-Enterprise-Ozark, AL CSA",248510.0,,-555555555.0,*****,222
"Eau Claire-Menomonie, WI CSA",211124.0,,-555555555.0,*****,232
"Edwards-Glenwood Springs, CO CSA",130804.0,,-555555555.0,*****,233
"Elmira-Corning, NY CSA",182667.0,,-555555555.0,*****,236
"El Paso-Las Cruces, TX-NM CSA",1057090.0,,-555555555.0,*****,238
"Erie-Meadville, PA CSA",362136.0,,-555555555.0,*****,240
"Fargo-Wahpeton, ND-MN CSA",259634.0,,-555555555.0,*****,244
"Fayetteville-Lumberton-Laurinburg, NC CSA",554049.0,,-555555555.0,*****,246
"Findlay-Tiffin, OH CSA",131165.0,,-555555555.0,*****,248
"Fort Wayne-Huntington-Auburn, IN CSA",627814.0,,-555555555.0,*****,258
"Fresno-Madera, CA CSA",1133143.0,,-555555555.0,*****,260
"Gainesville-Lake City, FL CSA",349868.0,,-555555555.0,*****,264
"Grand Rapids-Wyoming-Muskegon, MI CSA",1446173.0,,-555555555.0,*****,266
"Green Bay-Shawano, WI CSA",363290.0,,-555555555.0,*****,267
"Greensboro--Winston-Salem--High Point, NC CSA",1652283.0,,-555555555.0,*****,268
