destination_fips,destination_county_name,destination_state_abbr,returns
06037,Los Angeles County,CA,113090.0
48201,Harris County,TX,76368.0
04013,Maricopa County,AZ,74646.0
17031,Cook County,IL,69922.0
36061,New York County,NY,62614.0
48113,Dallas County,TX,62109.0
06073,San Diego County,CA,58105.0
48453,Travis County,TX,55220.0
36047,Kings County,NY,54263.0
53033,King County,WA,53849.0
06059,Orange County,CA,53391.0
12011,Broward County,FL,49031.0
06065,Riverside County,CA,48614.0
48439,Tarrant County,TX,45917.0
13121,Fulton County,GA,44605.0
32003,Clark County,NV,43582.0
36081,Queens County,NY,42828.0
06001,Alameda County,CA,41363.0
06071,San Bernardino County,CA,41294.0
12095,Orange County,FL,40997.0
12086,Miami-Dade County,FL,38825.0
25017,Middlesex County,MA,38196.0
12057,Hillsborough County,FL,37756.0
08031,Denver County,CO,36824.0
06085,Santa Clara County,CA,35481.0
12099,Palm Beach County,FL,34720.0
48029,Bexar County,TX,33799.0
51059,Fairfax County,VA,33600.0
48085,Collin County,TX,33160.0
27053,Hennepin County,MN,31750.0
06075,San Francisco County,CA,31049.0
13089,DeKalb County,GA,30399.0
48121,Denton County,TX,30292.0
37119,Mecklenburg County,NC,29856.0
06067,Sacramento County,CA,28173.0
42101,Philadelphia County,PA,27727.0
37183,Wake County,NC,26856.0
26125,Oakland County,MI,26800.0
25025,Suffolk County,MA,26656.0
08005,Arapahoe County,CO,25965.0
41051,Multnomah County,OR,25151.0
11001,District of Columbia,DC,25134.0
39049,Franklin County,OH,25031.0
12103,Pinellas County,FL,24969.0
06013,Contra Costa County,CA,24960.0
26163,Wayne County,MI,24781.0
13135,Gwinnett County,GA,24709.0
36005,Bronx County,NY,24202.0
13067,Cobb County,GA,24126.0
24031,Montgomery County,MD,23494.0
53053,Pierce County,WA,23156.0
24033,Prince George's County,MD,22848.0
12031,Duval County,FL,22665.0
36059,Nassau County,NY,22339.0
17043,DuPage County,IL,22094.0
34017,Hudson County,NJ,21272.0
08059,Jefferson County,CO,21159.0
48157,Fort Bend County,TX,20803.0
06081,San Mateo County,CA,20318.0
29189,St. Louis County,MO,20234.0
47037,Davidson County,TN,20196.0
48491,Williamson County,TX,19966.0
24005,Baltimore County,MD,19728.0
18097,Marion County,IN,19678.0
25021,Norfolk County,MA,19394.0
53061,Snohomish County,WA,19193.0
49035,Salt Lake County,UT,19041.0
12071,Lee County,FL,18715.0
36103,Suffolk County,NY,18415.0
34003,Bergen County,NJ,18300.0
08041,El Paso County,CO,17882.0
42091,Montgomery County,PA,17863.0
36119,Westchester County,NY,17846.0
34023,Middlesex County,NJ,17718.0
08001,Adams County,CO,17471.0
42003,Allegheny County,PA,16640.0
27123,Ramsey County,MN,16146.0
39035,Cuyahoga County,OH,16134.0
41067,Washington County,OR,16130.0
48339,Montgomery County,TX,16126.0
34013,Essex County,NJ,16094.0
12101,Pasco County,FL,15949.0
24510,Baltimore city,MD,15933.0
12105,Polk County,FL,15879.0
12117,Seminole County,FL,15612.0
15003,Honolulu County,HI,15491.0
26099,Macomb County,MI,15131.0
09001,Fairfield County,CT,15093.0
24003,Anne Arundel County,MD,14979.0
40109,Oklahoma County,OK,14652.0
04019,Pima County,AZ,14378.0
29095,Jackson County,MO,13913.0
17197,Will County,IL,13885.0
51153,Prince William County,VA,13561.0
39061,Hamilton County,OH,13400.0
25009,Essex County,MA,13155.0
55079,Milwaukee County,WI,13078.0
06111,Ventura County,CA,12895.0
09003,Hartford County,CT,12791.0
09009,New Haven County,CT,12784.0
51013,Arlington County,VA,12782.0
12097,Osceola County,FL,12757.0
20091,Johnson County,KS,12638.0
51810,Virginia Beach city,VA,12457.0
41005,Clackamas County,OR,12376.0
17097,Lake County,IL,12232.0
12127,Volusia County,FL,12133.0
06077,San Joaquin County,CA,12105.0
12115,Sarasota County,FL,12042.0
34039,Union County,NJ,11794.0
08035,Douglas County,CO,11653.0
04021,Pinal County,AZ,11509.0
25027,Worcester County,MA,11425.0
12009,Brevard County,FL,11383.0
42017,Bucks County,PA,11328.0
47157,Shelby County,TN,11168.0
17089,Kane County,IL,11111.0
51107,Loudoun County,VA,11049.0
40143,Tulsa County,OK,11032.0
34025,Monmouth County,NJ,11030.0
27037,Dakota County,MN,11014.0
13063,Clayton County,GA,10986.0
45019,Charleston County,SC,10948.0
06061,Placer County,CA,10888.0
21111,Jefferson County,KY,10623.0
53011,Clark County,WA,10607.0
34027,Morris County,NJ,10569.0
26081,Kent County,MI,10425.0
29510,St. Louis city,MO,10380.0
12069,Lake County,FL,10352.0
42045,Delaware County,PA,10230.0
35001,Bernalillo County,NM,10183.0
12081,Manatee County,FL,10177.0
16001,Ada County,ID,10089.0
34029,Ocean County,NJ,10073.0
48027,Bell County,TX,9960.0
37063,Durham County,NC,9808.0
25023,Plymouth County,MA,9728.0
51510,Alexandria city,VA,9652.0
55025,Dane County,WI,9622.0
06095,Solano County,CA,9615.0
42029,Chester County,PA,9569.0
34007,Camden County,NJ,9499.0
48141,El Paso County,TX,9497.0
37081,Guilford County,NC,9495.0
45045,Greenville County,SC,9377.0
44007,Providence County,RI,9361.0
06019,Fresno County,CA,9330.0
49049,Utah County,UT,9324.0
45079,Richland County,SC,9324.0
01073,Jefferson County,AL,9321.0
31055,Douglas County,NE,9297.0
27003,Anoka County,MN,9218.0
51087,Henrico County,VA,9080.0
08013,Boulder County,CO,9028.0
12021,Collier County,FL,8975.0
06029,Kern County,CA,8966.0
24027,Howard County,MD,8964.0
37051,Cumberland County,NC,8904.0
32031,Washoe County,NV,8859.0
22071,Orleans Parish,LA,8795.0
34005,Burlington County,NJ,8786.0
33011,Hillsborough County,NH,8667.0
39153,Summit County,OH,8487.0
34031,Passaic County,NJ,8460.0
55133,Waukesha County,WI,8423.0
34035,Somerset County,NJ,8415.0
51760,Richmond city,VA,8397.0
18057,Hamilton County,IN,8373.0
25005,Bristol County,MA,8275.0
10003,New Castle County,DE,8197.0
53063,Spokane County,WA,8189.0
39113,Montgomery County,OH,8161.0
12111,St. Lucie County,FL,8157.0
08069,Larimer County,CO,8112.0
33015,Rockingham County,NH,8107.0
19153,Polk County,IA,8099.0
08123,Weld County,CO,8087.0
26161,Washtenaw County,MI,8042.0
51041,Chesterfield County,VA,7979.0
48039,Brazoria County,TX,7933.0
22051,Jefferson Parish,LA,7887.0
51710,Norfolk city,VA,7815.0
47093,Knox County,TN,7700.0
29183,St. Charles County,MO,7658.0
48167,Galveston County,TX,7629.0
45051,Horry County,SC,7569.0
06097,Sonoma County,CA,7518.0
49011,Davis County,UT,7510.0
36029,Erie County,NY,7426.0
18089,Lake County,IN,7396.0
06099,Stanislaus County,CA,7394.0
53067,Thurston County,WA,7351.0
47149,Rutherford County,TN,7287.0
48209,Hays County,TX,7277.0
36055,Monroe County,NY,7226.0
51550,Chesapeake city,VA,7043.0
27163,Washington County,MN,7035.0
12109,St. Johns County,FL,7006.0
42077,Lehigh County,PA,6984.0
12083,Marion County,FL,6920.0
39017,Butler County,OH,6841.0
22033,East Baton Rouge Parish,LA,6784.0
13151,Henry County,GA,6755.0
40027,Cleveland County,OK,6746.0
34021,Mercer County,NJ,6565.0
05119,Pulaski County,AR,6536.0
36085,Richmond County,NY,6494.0
45015,Berkeley County,SC,6475.0
36001,Albany County,NY,6439.0
29047,Clay County,MO,6360.0
13057,Cherokee County,GA,6290.0
41047,Marion County,OR,6262.0
37067,Forsyth County,NC,6199.0
23005,Cumberland County,ME,6164.0
42133,York County,PA,6139.0
42095,Northampton County,PA,6127.0
06083,Santa Barbara County,CA,6095.0
12033,Escambia County,FL,6037.0
36071,Orange County,NY,6028.0
17111,McHenry County,IL,6003.0
53035,Kitsap County,WA,5990.0
06053,Monterey County,CA,5907.0
13117,Forsyth County,GA,5856.0
45063,Lexington County,SC,5831.0
47187,Williamson County,TN,5808.0
41039,Lane County,OR,5781.0
13051,Chatham County,GA,5753.0
39165,Warren County,OH,5720.0
26065,Ingham County,MI,5704.0
06041,Marin County,CA,5681.0
12019,Clay County,FL,5660.0
42071,Lancaster County,PA,5629.0
12073,Leon County,FL,5587.0
47125,Montgomery County,TN,5405.0
26139,Ottawa County,MI,5383.0
51700,Newport News city,VA,5348.0
24021,Frederick County,MD,5324.0
36091,Saratoga County,NY,5321.0
37133,Onslow County,NC,5319.0
34015,Gloucester County,NJ,5316.0
20173,Sedgwick County,KS,5314.0
37021,Buncombe County,NC,5313.0
01089,Madison County,AL,5280.0
04025,Yavapai County,AZ,5268.0
21067,Fayette County,KY,5255.0
39041,Delaware County,OH,5231.0
12001,Alachua County,FL,5229.0
47065,Hamilton County,TN,5225.0
45091,York County,SC,5189.0
05007,Benton County,AR,5148.0
29077,Greene County,MO,5091.0
48091,Comal County,TX,5087.0
02020,Anchorage Municipality,AK,5078.0
06079,San Luis Obispo County,CA,5047.0
41017,Deschutes County,OR,5031.0
31153,Sarpy County,NE,5024.0
37025,Cabarrus County,NC,4972.0
16027,Canyon County,ID,4962.0
10005,Sussex County,DE,4961.0
48355,Nueces County,TX,4961.0
48187,Guadalupe County,TX,4955.0
12091,Okaloosa County,FL,4931.0
42043,Dauphin County,PA,4920.0
42011,Berks County,PA,4889.0
06087,Santa Cruz County,CA,4857.0
36067,Onondaga County,NY,4851.0
26049,Genesee County,MI,4843.0
42041,Cumberland County,PA,4807.0
01117,Shelby County,AL,4794.0
49057,Weber County,UT,4762.0
39095,Lucas County,OH,4762.0
06017,El Dorado County,CA,4730.0
06113,Yolo County,CA,4661.0
13215,Muscogee County,GA,4604.0
37129,New Hanover County,NC,4594.0
36027,Dutchess County,NY,4504.0
45035,Dorchester County,SC,4489.0
24025,Harford County,MD,4468.0
45083,Spartanburg County,SC,4411.0
25013,Hampden County,MA,4391.0
48303,Lubbock County,TX,4345.0
39093,Lorain County,OH,4339.0
21117,Kenton County,KY,4330.0
22055,Lafayette Parish,LA,4323.0
12015,Charlotte County,FL,4320.0
13097,Douglas County,GA,4319.0
48139,Ellis County,TX,4311.0
25001,Barnstable County,MA,4296.0
23031,York County,ME,4286.0
51179,Stafford County,VA,4267.0
18063,Hendricks County,IN,4242.0
13223,Paulding County,GA,4241.0
39151,Stark County,OH,4236.0
48251,Johnson County,TX,4236.0
42129,Westmoreland County,PA,4219.0
39025,Clermont County,OH,4218.0
22103,St. Tammany Parish,LA,4213.0
37101,Johnston County,NC,4212.0
48257,Kaufman County,TX,4161.0
18081,Johnson County,IN,4148.0
48215,Hidalgo County,TX,4141.0
29099,Jefferson County,MO,4130.0
13245,Richmond County,GA,4124.0
51650,Hampton city,VA,4123.0
26093,Livingston County,MI,4118.0
55087,Outagamie County,WI,4111.0
47165,Sumner County,TN,4086.0
12053,Hernando County,FL,4065.0
09011,New London County,CT,4050.0
05143,Washington County,AR,4029.0
18003,Allen County,IN,4021.0
37179,Union County,NC,4008.0
06107,Tulare County,CA,4007.0
53005,Benton County,WA,3962.0
44003,Kent County,RI,3955.0
26077,Kalamazoo County,MI,3947.0
48423,Smith County,TX,3922.0
12085,Martin County,FL,3913.0
12113,Santa Rosa County,FL,3903.0
48329,Midland County,TX,3852.0
24017,Charles County,MD,3828.0
28033,DeSoto County,MS,3813.0
08014,Broomfield County,CO,3805.0
37071,Gaston County,NC,3786.0
48367,Parker County,TX,3778.0
17093,Kendall County,IL,3767.0
40017,Canadian County,OK,3753.0
04015,Mohave County,AZ,3750.0
27139,Scott County,MN,3748.0
46099,Minnehaha County,SD,3688.0
13139,Hall County,GA,3638.0
36087,Rockland County,NY,3638.0
37135,Orange County,NC,3603.0
09007,Middlesex County,CT,3594.0
39057,Greene County,OH,3558.0
06047,Merced County,CA,3555.0
39085,Lake County,OH,3535.0
48381,Randall County,TX,3526.0
45013,Beaufort County,SC,3519.0
35043,Sandoval County,NM,3517.0
33013,Merrimack County,NH,3514.0
28047,Harrison County,MS,3509.0
39103,Medina County,OH,3504.0
55009,Brown County,WI,3498.0
20209,Wyandotte County,KS,3497.0
41029,Jackson County,OR,3494.0
13073,Columbia County,GA,3473.0
31109,Lancaster County,NE,3455.0
28049,Hinds County,MS,3449.0
38017,Cass County,ND,3435.0
53073,Whatcom County,WA,3432.0
37085,Harnett County,NC,3422.0
22017,Caddo Parish,LA,3422.0
39045,Fairfield County,OH,3411.0
49053,Washington County,UT,3405.0
48041,Brazos County,TX,3397.0
34001,Atlantic County,NJ,3393.0
18141,St. Joseph County,IN,3391.0
55139,Winnebago County,WI,3387.0
42079,Luzerne County,PA,3367.0
17163,St. Clair County,IL,3352.0
36083,Rensselaer County,NY,3346.0
51177,Spotsylvania County,VA,3335.0
29165,Platte County,MO,3334.0
47189,Wilson County,TN,3305.0
17119,Madison County,IL,3281.0
06007,Butte County,CA,3263.0
18127,Porter County,IN,3217.0
01003,Baldwin County,AL,3217.0
16055,Kootenai County,ID,3208.0
48245,Jefferson County,TX,3200.0
39133,Portage County,OH,3197.0
39089,Licking County,OH,3196.0
21015,Boone County,KY,3161.0
42089,Monroe County,PA,3155.0
01097,Mobile County,AL,3147.0
09005,Litchfield County,CT,3145.0
09013,Tolland County,CT,3141.0
27171,Wright County,MN,3140.0
17201,Winnebago County,IL,3139.0
48309,McLennan County,TX,3121.0
01101,Montgomery County,AL,3068.0
48397,Rockwall County,TX,3051.0
55101,Racine County,WI,3005.0
19049,Dallas County,IA,3000.0
27145,Stearns County,MN,2999.0
35013,Do??a Ana County,NM,2995.0
12119,Sumter County,FL,2994.0
12061,Indian River County,FL,2990.0
37019,Brunswick County,NC,2980.0
25015,Hampshire County,MA,2951.0
26045,Eaton County,MI,2917.0
51740,Portsmouth city,VA,2914.0
24013,Carroll County,MD,2910.0
37097,Iredell County,NC,2903.0
36093,Schenectady County,NY,2898.0
33017,Strafford County,NH,2884.0
48135,Ector County,TX,2858.0
55059,Kenosha County,WI,2850.0
22015,Bossier Parish,LA,2842.0
13077,Coweta County,GA,2836.0
42019,Butler County,PA,2834.0
35013,Doña Ana County,NM,2815.0
13217,Newton County,GA,2802.0
36111,Ulster County,NY,2793.0
48375,Potter County,TX,2785.0
10001,Kent County,DE,2772.0
27141,Sherburne County,MN,2763.0
42125,Washington County,PA,2762.0
45007,Anderson County,SC,2751.0
01081,Lee County,AL,2744.0
28121,Rankin County,MS,2739.0
13247,Rockdale County,GA,2736.0
37057,Davidson County,NC,2734.0
04005,Coconino County,AZ,2723.0
35013,Dona Ana County,NM,2696.0
12005,Bay County,FL,2692.0
39173,Wood County,OH,2673.0
39099,Mahoning County,OH,2667.0
19113,Linn County,IA,2655.0
55131,Washington County,WI,2646.0
41043,Linn County,OR,2646.0
50007,Chittenden County,VT,2640.0
26005,Allegan County,MI,2636.0
48061,Cameron County,TX,2633.0
34037,Sussex County,NJ,2623.0
37001,Alamance County,NC,2595.0
51003,Albemarle County,VA,2594.0
13153,Houston County,GA,2581.0
18019,Clark County,IN,2570.0
48183,Gregg County,TX,2564.0
17143,Peoria County,IL,2543.0
06055,Napa County,CA,2540.0
06089,Shasta County,CA,2535.0
35049,Santa Fe County,NM,2526.0
27019,Carver County,MN,2520.0
22063,Livingston Parish,LA,2510.0
34019,Hunterdon County,NJ,2476.0
12017,Citrus County,FL,2466.0
29019,Boone County,MO,2418.0
37035,Catawba County,NC,2416.0
53057,Skagit County,WA,2414.0
12035,Flagler County,FL,2406.0
05125,Saline County,AR,2405.0
17019,Champaign County,IL,2399.0
18039,Elkhart County,IN,2394.0
13059,Clarke County,GA,2389.0
13113,Fayette County,GA,2386.0
18157,Tippecanoe County,IN,2381.0
18163,Vanderburgh County,IN,2381.0
06057,Nevada County,CA,2378.0
37147,Pitt County,NC,2370.0
53029,Island County,WA,2359.0
51800,Suffolk city,VA,2356.0
44009,Washington County,RI,2351.0
26115,Monroe County,MI,2349.0
51770,Roanoke city,VA,2342.0
48181,Grayson County,TX,2337.0
24043,Washington County,MD,2319.0
28089,Madison County,MS,2307.0
19103,Johnson County,IA,2301.0
36063,Niagara County,NY,2297.0
51161,Roanoke County,VA,2294.0
19163,Scott County,IA,2282.0
22005,Ascension Parish,LA,2259.0
34041,Warren County,NJ,2253.0
04027,Yuma County,AZ,2243.0
41053,Polk County,OR,2242.0
39155,Trumbull County,OH,2237.0
47163,Sullivan County,TN,2237.0
29037,Cass County,MO,2225.0
54003,Berkeley County,WV,2212.0
13013,Barrow County,GA,2200.0
40145,Wagoner County,OK,2197.0
51085,Hanover County,VA,2193.0
13021,Bibb County,GA,2191.0
48231,Hunt County,TX,2174.0
06039,Madera County,CA,2171.0
15001,Hawaii County,HI,2170.0
13297,Walton County,GA,2163.0
27137,St. Louis County,MN,2158.0
47179,Washington County,TN,2145.0
46083,Lincoln County,SD,2135.0
21037,Campbell County,KY,2134.0
53021,Franklin County,WA,2133.0
48021,Bastrop County,TX,2131.0
22019,Calcasieu Parish,LA,2119.0
17037,DeKalb County,IL,2116.0
47119,Maury County,TN,2115.0
37159,Rowan County,NC,2113.0
36079,Putnam County,NY,2112.0
26147,St. Clair County,MI,2101.0
48099,Coryell County,TX,2091.0
01125,Tuscaloosa County,AL,2088.0
45003,Aiken County,SC,2084.0
55105,Rock County,WI,2080.0
27109,Olmsted County,MN,2080.0
42069,Lackawanna County,PA,2077.0
55127,Walworth County,WI,2071.0
29043,Christian County,MO,2066.0
04017,Navajo County,AZ,2062.0
13045,Carroll County,GA,2059.0
26145,Saginaw County,MI,2054.0
48291,Liberty County,TX,2045.0
17167,Sangamon County,IL,2044.0
53077,Yakima County,WA,2042.0
41071,Yamhill County,OR,2037.0
17113,McLean County,IL,2020.0
18059,Hancock County,IN,2014.0
40131,Rogers County,OK,2009.0
22105,Tangipahoa Parish,LA,1995.0
28059,Jackson County,MS,1995.0
37089,Henderson County,NC,1994.0
13179,Liberty County,GA,1992.0
48441,Taylor County,TX,1992.0
51069,Frederick County,VA,1989.0
20045,Douglas County,KS,1984.0
17179,Tazewell County,IL,1982.0
42007,Beaver County,PA,1980.0
08077,Mesa County,CO,1976.0
26121,Muskegon County,MI,1967.0
13015,Bartow County,GA,1967.0
30063,Missoula County,MT,1963.0
30111,Yellowstone County,MT,1953.0
21029,Bullitt County,KY,1953.0
46103,Pennington County,SD,1950.0
36045,Jefferson County,NY,1948.0
06031,Kings County,CA,1948.0
36069,Ontario County,NY,1946.0
45077,Pickens County,SC,1940.0
18043,Floyd County,IN,1939.0
53015,Cowlitz County,WA,1901.0
05045,Faulkner County,AR,1893.0
37151,Randolph County,NC,1888.0
13157,Jackson County,GA,1888.0
41003,Benton County,OR,1880.0
23011,Kennebec County,ME,1876.0
05131,Sebastian County,AR,1875.0
09015,Windham County,CT,1872.0
26021,Berrien County,MI,1867.0
55035,Eau Claire County,WI,1864.0
47009,Blount County,TN,1864.0
06115,Yuba County,CA,1856.0
26037,Clinton County,MI,1854.0
33009,Grafton County,NH,1853.0
55109,St. Croix County,WI,1832.0
21093,Hardin County,KY,1830.0
18105,Monroe County,IN,1827.0
42075,Lebanon County,PA,1822.0
15009,Maui County,HI,1815.0
16019,Bonneville County,ID,1809.0
36065,Oneida County,NY,1808.0
51199,York County,VA,1797.0
04003,Cochise County,AZ,1795.0
08101,Pueblo County,CO,1784.0
39109,Miami County,OH,1782.0
55055,Jefferson County,WI,1781.0
45057,Lancaster County,SC,1777.0
26075,Jackson County,MI,1777.0
40031,Comanche County,OK,1768.0
29097,Jasper County,MO,1768.0
18095,Madison County,IN,1761.0
55089,Ozaukee County,WI,1754.0
30031,Gallatin County,MT,1739.0
01115,St. Clair County,AL,1739.0
06025,Imperial County,CA,1730.0
51683,Manassas city,VA,1729.0
55027,Dodge County,WI,1729.0
26055,Grand Traverse County,MI,1725.0
01113,Russell County,AL,1722.0
02170,Matanuska-Susitna Borough,AK,1718.0
48213,Henderson County,TX,1709.0
20177,Shawnee County,KS,1706.0
37127,Nash County,NC,1701.0
53007,Chelan County,WA,1695.0
54039,Kanawha County,WV,1694.0
42001,Adams County,PA,1694.0
28035,Forrest County,MS,1686.0
24015,Cecil County,MD,1686.0
17161,Rock Island County,IL,1679.0
23019,Penobscot County,ME,1678.0
23001,Androscoggin County,ME,1677.0
32019,Lyon County,NV,1655.0
51095,James City County,VA,1651.0
55073,Marathon County,WI,1646.0
01083,Limestone County,AL,1643.0
06101,Sutter County,CA,1634.0
20103,Leavenworth County,KS,1630.0
42055,Franklin County,PA,1630.0
26025,Calhoun County,MI,1626.0
13185,Lowndes County,GA,1625.0
36007,Broome County,NY,1620.0
37109,Lincoln County,NC,1620.0
51061,Fauquier County,VA,1615.0
05031,Craighead County,AR,1614.0
24037,St. Mary's County,MD,1611.0
48451,Tom Green County,TX,1606.0
26087,Lapeer County,MI,1606.0
39055,Geauga County,OH,1604.0
39023,Clark County,OH,1601.0
44005,Newport County,RI,1599.0
45041,Florence County,SC,1591.0
34009,Cape May County,NJ,1590.0
01051,Elmore County,AL,1580.0
37037,Chatham County,NC,1577.0
06023,Humboldt County,CA,1569.0
18109,Morgan County,IN,1569.0
47147,Robertson County,TN,1566.0
12131,Walton County,FL,1562.0
22073,Ouachita Parish,LA,1558.0
18011,Boone County,IN,1556.0
12089,Nassau County,FL,1553.0
12087,Monroe County,FL,1552.0
33001,Belknap County,NH,1550.0
29071,Franklin County,MO,1539.0
48497,Wise County,TX,1536.0
40037,Creek County,OK,1533.0
37049,Craven County,NC,1523.0
49005,Cache County,UT,1518.0
38015,Burleigh County,ND,1513.0
56021,Laramie County,WY,1512.0
01069,Houston County,AL,1506.0
49045,Tooele County,UT,1504.0
55039,Fond du Lac County,WI,1495.0
21227,Warren County,KY,1493.0
17099,LaSalle County,IL,1487.0
24009,Calvert County,MD,1485.0
47113,Madison County,TN,1485.0
28073,Lamar County,MS,1478.0
32510,Carson City,NV,1474.0
53045,Mason County,WA,1473.0
42107,Schuylkill County,PA,1471.0
53041,Lewis County,WA,1465.0
37069,Franklin County,NC,1463.0
48473,Waller County,TX,1459.0
35045,San Juan County,NM,1458.0
55063,La Crosse County,WI,1456.0
04001,Apache County,AZ,1453.0
51019,Bedford County,VA,1452.0
05085,Lonoke County,AR,1448.0
37125,Moore County,NC,1448.0
37093,Hoke County,NC,1441.0
13047,Catoosa County,GA,1434.0
24045,Wicomico County,MD,1433.0
47001,Anderson County,TN,1433.0
01103,Morgan County,AL,1427.0
35031,McKinley County,NM,1421.0
02090,Fairbanks North Star Borough,AK,1416.0
20161,Riley County,KS,1415.0
13255,Spalding County,GA,1412.0
48485,Wichita County,TX,1409.0
48409,San Patricio County,TX,1406.0
36117,Wayne County,NY,1403.0
27025,Chisago County,MN,1402.0
21047,Christian County,KY,1398.0
51680,Lynchburg city,VA,1396.0
39139,Richland County,OH,1373.0
18091,LaPorte County,IN,1370.0
12055,Highlands County,FL,1368.0
39169,Wayne County,OH,1367.0
48221,Hood County,TX,1365.0
42049,Erie County,PA,1353.0
51630,Fredericksburg city,VA,1348.0
26159,Van Buren County,MI,1348.0
41033,Josephine County,OR,1347.0
55021,Columbia County,WI,1345.0
27009,Benton County,MN,1342.0
32005,Douglas County,NV,1336.0
06069,San Benito County,CA,1329.0
51540,Charlottesville city,VA,1326.0
27013,Blue Earth County,MN,1326.0
19155,Pottawattamie County,IA,1317.0
37191,Wayne County,NC,1316.0
27027,Clay County,MN,1306.0
37141,Pender County,NC,1302.0
47011,Bradley County,TN,1302.0
47155,Sevier County,TN,1299.0
34011,Cumberland County,NJ,1294.0
41019,Douglas County,OR,1294.0
48037,Bowie County,TX,1292.0
55015,Calumet County,WI,1288.0
51015,Augusta County,VA,1285.0
30029,Flathead County,MT,1281.0
36075,Oswego County,NY,1279.0
36109,Tompkins County,NY,1277.0
22057,Lafourche Parish,LA,1275.0
16083,Twin Falls County,ID,1275.0
19013,Black Hawk County,IA,1266.0
42027,Centre County,PA,1265.0
13095,Dougherty County,GA,1263.0
20061,Geary County,KS,1262.0
26017,Bay County,MI,1254.0
48471,Walker County,TX,1253.0
28081,Lee County,MS,1252.0
21151,Madison County,KY,1251.0
39159,Union County,OH,1243.0
22079,Rapides Parish,LA,1242.0
42103,Pike County,PA,1238.0
26015,Barry County,MI,1236.0
17063,Grundy County,IL,1236.0
36113,Warren County,NY,1235.0
22109,Terrebonne Parish,LA,1227.0
18173,Warrick County,IN,1225.0
29113,Lincoln County,MO,1221.0
01095,Marshall County,AL,1218.0
48259,Kendall County,TX,1217.0
48469,Victoria County,TX,1216.0
26091,Lenawee County,MI,1214.0
26117,Montcalm County,MI,1213.0
36105,Sullivan County,NY,1211.0
29145,Newton County,MO,1211.0
54061,Monongalia County,WV,1209.0
26111,Midland County,MI,1207.0
21185,Oldham County,KY,1207.0
51165,Rockingham County,VA,1201.0
53025,Grant County,WA,1201.0
05051,Garland County,AR,1200.0
48071,Chambers County,TX,1200.0
39129,Pickaway County,OH,1199.0
37045,Cleveland County,NC,1197.0
19169,Story County,IA,1193.0
18035,Delaware County,IN,1191.0
39043,Erie County,OH,1184.0
48203,Harrison County,TX,1181.0
13295,Walker County,GA,1175.0
55117,Sheboygan County,WI,1174.0
48361,Orange County,TX,1171.0
13103,Effingham County,GA,1169.0
01015,Calhoun County,AL,1164.0
48479,Webb County,TX,1156.0
25011,Franklin County,MA,1153.0
42097,Northumberland County,PA,1151.0
53027,Grays Harbor County,WA,1146.0
37105,Lee County,NC,1146.0
55111,Sauk County,WI,1142.0
40125,Pottawatomie County,OK,1140.0
27059,Isanti County,MN,1140.0
54011,Cabell County,WV,1138.0
53017,Douglas County,WA,1138.0
22097,St. Landry Parish,LA,1136.0
51031,Campbell County,VA,1134.0
17007,Boone County,IL,1133.0
42025,Carbon County,PA,1130.0
17091,Kankakee County,IL,1126.0
18005,Bartholomew County,IN,1123.0
55017,Chippewa County,WI,1123.0
48467,Van Zandt County,TX,1123.0
27035,Crow Wing County,MN,1121.0
21209,Scott County,KY,1116.0
29051,Cole County,MO,1109.0
26155,Shiawassee County,MI,1103.0
48053,Burnet County,TX,1100.0
01001,Autauga County,AL,1096.0
36115,Washington County,NY,1096.0
36053,Madison County,NY,1094.0
12023,Columbia County,FL,1093.0
47141,Putnam County,TN,1092.0
12107,Putnam County,FL,1090.0
01121,Talladega County,AL,1085.0
42051,Fayette County,PA,1084.0
19181,Warren County,IA,1084.0
01045,Dale County,AL,1082.0
40113,Osage County,OK,1080.0
48055,Caldwell County,TX,1080.0
20015,Butler County,KS,1080.0
39029,Columbiana County,OH,1073.0
33005,Cheshire County,NH,1071.0
26067,Ionia County,MI,1071.0
37023,Burke County,NC,1061.0
48199,Hardin County,TX,1060.0
37077,Granville County,NC,1058.0
40087,McClain County,OK,1058.0
47021,Cheatham County,TN,1057.0
24047,Worcester County,MD,1054.0
26027,Cass County,MI,1053.0
53009,Clallam County,WA,1053.0
13313,Whitfield County,GA,1052.0
18085,Kosciusko County,IN,1044.0
29169,Pulaski County,MO,1044.0
18167,Vigo County,IN,1043.0
45085,Sumter County,SC,1042.0
01055,Etowah County,AL,1040.0
40119,Payne County,OK,1038.0
21113,Jessamine County,KY,1037.0
54037,Jefferson County,WV,1036.0
40051,Grady County,OK,1034.0
33003,Carroll County,NH,1029.0
47047,Fayette County,TN,1029.0
47089,Jefferson County,TN,1025.0
51730,Petersburg city,VA,1024.0
48373,Polk County,TX,1022.0
13115,Floyd County,GA,1018.0
40083,Logan County,OK,1017.0
29021,Buchanan County,MO,1015.0
13031,Bulloch County,GA,1013.0
51121,Montgomery County,VA,1011.0
39063,Hancock County,OH,1010.0
37031,Carteret County,NC,1008.0
24035,Queen Anne's County,MD,1008.0
35061,Valencia County,NM,1005.0
39003,Allen County,OH,1004.0
19193,Woodbury County,IA,1003.0
42085,Mercer County,PA,997.0
51600,Fairfax city,VA,996.0
47105,Loudon County,TN,995.0
37157,Rockingham County,NC,995.0
51149,Prince George County,VA,988.0
41009,Columbia County,OR,986.0
18067,Howard County,IN,985.0
06045,Mendocino County,CA,983.0
45059,Laurens County,SC,982.0
34033,Salem County,NJ,979.0
05033,Crawford County,AR,979.0
27131,Rice County,MN,979.0
06009,Calaveras County,CA,977.0
08037,Eagle County,CO,969.0
47031,Coffee County,TN,967.0
48493,Wilson County,TX,966.0
25003,Berkshire County,MA,963.0
53037,Kittitas County,WA,959.0
08045,Garfield County,CO,957.0
26073,Isabella County,MI,955.0
13285,Troup County,GA,954.0
54079,Putnam County,WV,954.0
22099,St. Martin Parish,LA,952.0
36021,Columbia County,NY,952.0
04007,Gila County,AZ,950.0
29031,Cape Girardeau County,MO,948.0
50027,Windsor County,VT,948.0
01077,Lauderdale County,AL,947.0
41041,Lincoln County,OR,946.0
22115,Vernon Parish,LA,946.0
51047,Culpeper County,VA,943.0
06033,Lake County,CA,942.0
37155,Robeson County,NC,940.0
37195,Wilson County,NC,939.0
45055,Kershaw County,SC,938.0
16005,Bannock County,ID,936.0
39097,Madison County,OH,934.0
51840,Winchester city,VA,932.0
47167,Tipton County,TN,931.0
38035,Grand Forks County,ND,929.0
21211,Shelby County,KY,927.0
06103,Tehama County,CA,925.0
42021,Cambria County,PA,923.0
49021,Iron County,UT,920.0
30049,Lewis and Clark County,MT,916.0
48013,Atascosa County,TX,916.0
01009,Blount County,AL,914.0
56025,Natrona County,WY,914.0
39077,Huron County,OH,914.0
39157,Tuscarawas County,OH,911.0
55097,Portage County,WI,911.0
49043,Summit County,UT,910.0
48325,Medina County,TX,909.0
48401,Rusk County,TX,908.0
13029,Bryan County,GA,906.0
22089,St. Charles Parish,LA,906.0
39007,Ashtabula County,OH,903.0
49003,Box Elder County,UT,901.0
42081,Lycoming County,PA,900.0
47043,Dickson County,TN,900.0
18029,Dearborn County,IN,899.0
32023,Nye County,NV,899.0
44001,Bristol County,RI,897.0
48005,Angelina County,TX,892.0
48499,Wood County,TX,892.0
37065,Edgecombe County,NC,892.0
17199,Williamson County,IL,889.0
22087,St. Bernard Parish,LA,889.0
55135,Waupaca County,WI,887.0
36101,Steuben County,NY,887.0
55141,Wood County,WI,884.0
22001,Acadia Parish,LA,884.0
22045,Iberia Parish,LA,883.0
01043,Cullman County,AL,882.0
42005,Armstrong County,PA,879.0
45075,Orangeburg County,SC,879.0
29187,St. Francois County,MO,877.0
48459,Upshur County,TX,874.0
05091,Miller County,AR,872.0
01031,Coffee County,AL,871.0
29219,Warren County,MO,871.0
05145,White County,AR,870.0
13127,Glynn County,GA,869.0
50023,Washington County,VT,869.0
36051,Livingston County,NY,868.0
26123,Newaygo County,MI,867.0
45043,Georgetown County,SC,865.0
51137,Orange County,VA,865.0
23017,Oxford County,ME,859.0
39119,Muskingum County,OH,857.0
39141,Ross County,OH,857.0
38101,Ward County,ND,857.0
39015,Brown County,OH,855.0
37027,Caldwell County,NC,852.0
42127,Wayne County,PA,852.0
36011,Cayuga County,NY,851.0
23023,Sagadahoc County,ME,846.0
47063,Hamblen County,TN,845.0
47145,Roane County,TN,843.0
42073,Lawrence County,PA,842.0
39143,Sandusky County,OH,840.0
35035,Otero County,NM,833.0
19061,Dubuque County,IA,832.0
06109,Tuolumne County,CA,830.0
36009,Cattaraugus County,NY,826.0
18113,Noble County,IN,826.0
47019,Carter County,TN,824.0
37163,Sampson County,NC,822.0
51187,Warren County,VA,820.0
51660,Harrisonburg city,VA,817.0
17141,Ogle County,IL,816.0
08039,Elbert County,CO,816.0
21059,Daviess County,KY,812.0
51093,Isle of Wight County,VA,809.0
36015,Chemung County,NY,808.0
38059,Morton County,ND,805.0
55093,Pierce County,WI,802.0
47073,Hawkins County,TN,801.0
30013,Cascade County,MT,798.0
40101,Muskogee County,OK,796.0
18145,Shelby County,IN,794.0
22113,Vermilion Parish,LA,792.0
21073,Franklin County,KY,792.0
27049,Goodhue County,MN,789.0
39027,Clinton County,OH,789.0
51685,Manassas Park city,VA,788.0
13039,Camden County,GA,787.0
27103,Nicollet County,MN,787.0
29029,Camden County,MO,786.0
21145,McCracken County,KY,784.0
42013,Blair County,PA,784.0
01033,Colbert County,AL,782.0
23025,Somerset County,ME,781.0
55071,Manitowoc County,WI,779.0
36039,Greene County,NY,777.0
12075,Levy County,FL,777.0
50011,Franklin County,VT,774.0
55095,Polk County,WI,773.0
42039,Crawford County,PA,773.0
46093,Meade County,SD,770.0
08067,La Plata County,CO,769.0
41059,Umatilla County,OR,767.0
17115,Macon County,IL,767.0
36037,Genesee County,NY,766.0
27111,Otter Tail County,MN,763.0
13219,Oconee County,GA,761.0
39147,Seneca County,OH,761.0
48097,Cooke County,TX,760.0
22095,St. John the Baptist Parish,LA,760.0
26157,Tuscola County,MI,759.0
51143,Pittsylvania County,VA,759.0
13129,Gordon County,GA,759.0
45073,Oconee County,SC,757.0
51033,Caroline County,VA,756.0
18033,DeKalb County,IN,756.0
39005,Ashland County,OH,756.0
48265,Kerr County,TX,756.0
20029,Cloud County,KS,754.0
39117,Morrow County,OH,754.0
39083,Knox County,OH,754.0
45031,Darlington County,SC,752.0
47003,Bedford County,TN,751.0
48347,Nacogdoches County,TX,750.0
29101,Johnson County,MO,750.0
47053,Gibson County,TN,744.0
36107,Tioga County,NY,742.0
36057,Montgomery County,NY,738.0
28045,Hancock County,MS,738.0
51109,Louisa County,VA,734.0
20183,Smith County,KS,732.0
26149,St. Joseph County,MI,732.0
41035,Klamath County,OR,732.0
13085,Dawson County,GA,729.0
42037,Columbia County,PA,726.0
06005,Amador County,CA,726.0
48349,Navarro County,TX,725.0
41011,Coos County,OR,722.0
53065,Stevens County,WA,720.0
51775,Salem city,VA,719.0
53071,Walla Walla County,WA,719.0
21125,Laurel County,KY,719.0
49051,Wasatch County,UT,717.0
31079,Hall County,NE,717.0
12051,Hendry County,FL,715.0
33019,Sullivan County,NH,714.0
37061,Duplin County,NC,713.0
28067,Jones County,MS,712.0
47107,McMinn County,TN,709.0
37167,Stanly County,NC,709.0
37169,Stokes County,NC,706.0
39021,Champaign County,OH,705.0
36035,Fulton County,NY,705.0
42063,Indiana County,PA,703.0
29109,Lawrence County,MO,703.0
39091,Logan County,OH,703.0
48407,San Jacinto County,TX,701.0
55033,Dunn County,WI,701.0
36077,Otsego County,NY,700.0
45047,Greenwood County,SC,698.0
13145,Harris County,GA,697.0
36043,Herkimer County,NY,695.0
12039,Gadsden County,FL,695.0
53075,Whitman County,WA,695.0
37107,Lenoir County,NC,694.0
42099,Perry County,PA,693.0
01049,DeKalb County,AL,693.0
40041,Delaware County,OK,691.0
13227,Pickens County,GA,689.0
51670,Hopewell city,VA,687.0
18065,Henry County,IN,687.0
39123,Ottawa County,OH,687.0
29027,Callaway County,MO,684.0
42033,Clearfield County,PA,682.0
17077,Jackson County,IL,682.0
29225,Webster County,MO,680.0
16069,Nez Perce County,ID,677.0
21179,Nelson County,KY,677.0
37059,Davie County,NC,675.0
39011,Auglaize County,OH,674.0
36013,Chautauqua County,NY,674.0
48073,Cherokee County,TX,672.0
29213,Taney County,MO,672.0
39071,Highland County,OH,670.0
55083,Oconto County,WI,670.0
17203,Woodford County,IL,667.0
40081,Lincoln County,OK,663.0
37171,Surry County,NC,659.0
20121,Miami County,KS,659.0
28093,Marshall County,MS,658.0
55115,Shawano County,WI,657.0
18061,Harrison County,IN,657.0
26107,Mecosta County,MI,656.0
39101,Marion County,OH,655.0
41007,Clatsop County,OR,655.0
17073,Henry County,IL,655.0
27079,Le Sueur County,MN,651.0
51790,Staunton city,VA,651.0
39051,Fulton County,OH,650.0
08117,Summit County,CO,648.0
48147,Fannin County,TX,647.0
48217,Hill County,TX,647.0
17117,Macoupin County,IL,646.0
51820,Waynesboro city,VA,645.0
39033,Crawford County,OH,644.0
51171,Shenandoah County,VA,642.0
37087,Haywood County,NC,641.0
28109,Pearl River County,MS,640.0
20089,Jewell County,KS,640.0
54107,Wood County,WV,637.0
13177,Lee County,GA,637.0
51191,Washington County,VA,633.0
51570,Colonial Heights city,VA,633.0
27095,Mille Lacs County,MN,632.0
16017,Bonner County,ID,631.0
36025,Delaware County,NY,631.0
32007,Elko County,NV,630.0
05115,Pope County,AR,628.0
54033,Harrison County,WV,626.0
18133,Putnam County,IN,625.0
53031,Jefferson County,WA,623.0
40147,Washington County,OK,623.0
45021,Cherokee County,SC,623.0
51023,Botetourt County,VA,619.0
15007,Kauai County,HI,617.0
24011,Caroline County,MD,616.0
18183,Whitley County,IN,613.0
39127,Perry County,OH,613.0
47117,Marshall County,TN,613.0
13225,Peach County,GA,612.0
18099,Marshall County,IN,612.0
38105,Williams County,ND,611.0
26151,Sanilac County,MI,608.0
40013,Bryan County,OK,607.0
13137,Habersham County,GA,607.0
28071,Lafayette County,MS,605.0
35025,Lea County,NM,605.0
22121,West Baton Rouge Parish,LA,603.0
21019,Boyd County,KY,603.0
05055,Greene County,AR,603.0
29009,Barry County,MO,602.0
27021,Cass County,MN,600.0
39149,Shelby County,OH,600.0
51053,Dinwiddie County,VA,600.0
48185,Grimes County,TX,600.0
29201,Scott County,MO,599.0
47123,Monroe County,TN,595.0
16011,Bingham County,ID,595.0
39087,Lawrence County,OH,593.0
39135,Preble County,OH,592.0
55045,Green County,WI,591.0
51067,Franklin County,VA,590.0
51089,Henry County,VA,589.0
23027,Waldo County,ME,588.0
13233,Polk County,GA,588.0
51145,Powhatan County,VA,586.0
40021,Cherokee County,OK,586.0
48001,Anderson County,TX,585.0
39167,Washington County,OH,582.0
12121,Suwannee County,FL,582.0
31019,Buffalo County,NE,580.0
31025,Cass County,NE,580.0
51590,Danville city,VA,579.0
16065,Madison County,ID,579.0
37053,Currituck County,NC,578.0
24041,Talbot County,MD,578.0
08043,Fremont County,CO,576.0
54049,Marion County,WV,576.0
39013,Belmont County,OH,575.0
02122,Kenai Peninsula Borough,AK,574.0
05035,Crittenden County,AR,574.0
36121,Wyoming County,NY,572.0
01123,Tallapoosa County,AL,572.0
20169,Saline County,KS,571.0
13187,Lumpkin County,GA,571.0
17133,Monroe County,IL,571.0
36017,Chenango County,NY,571.0
05069,Jefferson County,AR,570.0
40047,Garfield County,OK,569.0
13143,Haralson County,GA,565.0
21163,Meade County,KY,564.0
29209,Stone County,MO,564.0
18071,Jackson County,IN,564.0
55075,Marinette County,WI,563.0
55043,Grant County,WI,560.0
35009,Curry County,NM,559.0
37189,Watauga County,NC,559.0
47051,Franklin County,TN,558.0
51610,Falls Church city,VA,558.0
55005,Barron County,WI,557.0
23009,Hancock County,ME,556.0
17195,Whiteside County,IL,556.0
26059,Hillsdale County,MI,554.0
39081,Jefferson County,OH,554.0
35015,Eddy County,NM,553.0
13213,Murray County,GA,552.0
50017,Orange County,VT,551.0
40019,Carter County,OK,551.0
51075,Goochland County,VA,550.0
21081,Grant County,KY,549.0
28075,Lauderdale County,MS,548.0
36023,Cortland County,NY,548.0
04023,Santa Cruz County,AZ,547.0
27085,McLeod County,MN,547.0
18073,Jasper County,IN,547.0
55085,Oneida County,WI,547.0
08085,Montrose County,CO,546.0
48249,Jim Wells County,TX,546.0
08119,Teller County,CO,544.0
45053,Jasper County,SC,544.0
16057,Latah County,ID,542.0
51073,Gloucester County,VA,542.0
17029,Coles County,IL,542.0
01021,Chilton County,AL,541.0
40097,Mayes County,OK,540.0
21049,Clark County,KY,540.0
18151,Steuben County,IN,538.0
23015,Lincoln County,ME,537.0
27115,Pine County,MN,536.0
01017,Chambers County,AL,535.0
51099,King George County,VA,535.0
48015,Austin County,TX,533.0
37181,Vance County,NC,533.0
22011,Beauregard Parish,LA,533.0
01127,Walker County,AL,533.0
18177,Wayne County,IN,533.0
18053,Grant County,IN,531.0
19099,Jasper County,IA,531.0
37139,Pasquotank County,NC,530.0
29107,Lafayette County,MO,529.0
13195,Madison County,GA,529.0
29049,Clinton County,MO,528.0
36073,Orleans County,NY,528.0
54069,Ohio County,WV,528.0
50025,Windham County,VT,527.0
40111,Okmulgee County,OK,525.0
39009,Athens County,OH,525.0
21009,Barren County,KY,523.0
42111,Somerset County,PA,523.0
19045,Clinton County,IA,522.0
28087,Lowndes County,MS,521.0
18087,LaGrange County,IN,521.0
39037,Darke County,OH,520.0
55081,Monroe County,WI,519.0
48241,Jasper County,TX,519.0
47059,Greene County,TN,518.0
16051,Jefferson County,ID,518.0
13277,Tift County,GA,518.0
17103,Lee County,IL,517.0
08093,Park County,CO,515.0
37161,Rutherford County,NC,515.0
28105,Oktibbeha County,MS,515.0
26047,Emmet County,MI,513.0
51127,New Kent County,VA,513.0
54081,Raleigh County,WV,512.0
42015,Bradford County,PA,512.0
27041,Douglas County,MN,510.0
48477,Washington County,TX,510.0
56001,Albany County,WY,507.0
39039,Defiance County,OH,507.0
12129,Wakulla County,FL,507.0
37197,Yadkin County,NC,506.0
26165,Wexford County,MI,505.0
20155,Reno County,KS,504.0
27017,Carlton County,MN,504.0
48143,Erath County,TX,503.0
27169,Winona County,MN,502.0
48481,Wharton County,TX,499.0
53047,Okanogan County,WA,499.0
30081,Ravalli County,MT,497.0
28115,Pontotoc County,MS,497.0
26023,Branch County,MI,495.0
50001,Addison County,VT,494.0
48007,Aransas County,TX,493.0
42115,Susquehanna County,PA,490.0
26057,Gratiot County,MI,490.0
17183,Vermilion County,IL,489.0
13275,Thomas County,GA,488.0
22061,Lincoln Parish,LA,487.0
41013,Crook County,OR,486.0
28137,Tate County,MS,486.0
55031,Douglas County,WI,484.0
12063,Jackson County,FL,484.0
17027,Clinton County,IL,483.0
37193,Wilkes County,NC,483.0
22047,Iberville Parish,LA,481.0
21089,Greenup County,KY,480.0
21239,Woodford County,KY,480.0
21235,Whitley County,KY,479.0
18103,Miami County,IN,478.0
21021,Boyle County,KY,478.0
01071,Jackson County,AL,478.0
13207,Monroe County,GA,478.0
48223,Hopkins County,TX,478.0
13169,Jones County,GA,476.0
37003,Alexander County,NC,476.0
42065,Jefferson County,PA,475.0
48277,Lamar County,TX,473.0
27147,Steele County,MN,473.0
13035,Butts County,GA,473.0
22101,St. Mary Parish,LA,472.0
47035,Cumberland County,TN,472.0
31053,Dodge County,NE,472.0
05059,Hot Spring County,AR,472.0
19139,Muscatine County,IA,471.0
54099,Wayne County,WV,471.0
42119,Union County,PA,470.0
50021,Rutland County,VT,470.0
37013,Beaufort County,NC,467.0
18137,Ripley County,IN,461.0
18107,Montgomery County,IN,461.0
27005,Becker County,MN,459.0
48299,Llano County,TX,457.0
39019,Carroll County,OH,456.0
21199,Pulaski County,KY,456.0
40079,Le Flore County,OK,455.0
29161,Phelps County,MO,455.0
18069,Huntington County,IN,455.0
27007,Beltrami County,MN,455.0
12093,Okeechobee County,FL,454.0
39073,Hocking County,OH,453.0
26035,Clare County,MI,453.0
20079,Harvey County,KS,451.0
27097,Morrison County,MN,451.0
24019,Dorchester County,MD,450.0
39047,Fayette County,OH,450.0
18055,Greene County,IN,449.0
29159,Pettis County,MO,449.0
22119,Webster Parish,LA,449.0
37047,Columbus County,NC,445.0
45037,Edgefield County,SC,445.0
42121,Venango County,PA,444.0
12007,Bradford County,FL,444.0
48363,Palo Pinto County,TX,443.0
13311,White County,GA,443.0
21101,Henderson County,KY,442.0
18093,Lawrence County,IN,441.0
51009,Amherst County,VA,441.0
35005,Chaves County,NM,441.0
36031,Essex County,NY,440.0
21215,Spencer County,KY,439.0
51155,Pulaski County,VA,439.0
37145,Person County,NC,438.0
36099,Seneca County,NY,437.0
29167,Polk County,MO,437.0
37083,Halifax County,NC,434.0
36019,Clinton County,NY,434.0
13119,Franklin County,GA,431.0
55121,Trempealeau County,WI,431.0
13011,Banks County,GA,431.0
35039,Rio Arriba County,NM,431.0
51065,Fluvanna County,VA,430.0
18079,Jennings County,IN,430.0
40135,Sequoyah County,OK,430.0
16075,Payette County,ID,430.0
45023,Chester County,SC,429.0
42109,Snyder County,PA,429.0
17177,Stephenson County,IL,428.0
47103,Lincoln County,TN,428.0
42131,Wyoming County,PA,428.0
29023,Butler County,MO,426.0
55049,Iowa County,WI,425.0
18119,Owen County,IN,424.0
40123,Pontotoc County,OK,424.0
37099,Jackson County,NC,424.0
01079,Lawrence County,AL,424.0
13009,Baldwin County,GA,424.0
36089,St. Lawrence County,NY,424.0
18051,Gibson County,IN,423.0
13183,Long County,GA,422.0
29177,Ray County,MO,422.0
13199,Meriwether County,GA,422.0
17105,Livingston County,IL,422.0
45029,Colleton County,SC,422.0
55057,Juneau County,WI,422.0
22053,Jefferson Davis Parish,LA,422.0
19015,Boone County,IA,421.0
53003,Asotin County,WA,421.0
06093,Siskiyou County,CA,421.0
31119,Madison County,NE,421.0
17095,Knox County,IL,420.0
55137,Waushara County,WI,419.0
18021,Clay County,IN,419.0
12027,DeSoto County,FL,418.0
48281,Lampasas County,TX,417.0
51830,Williamsburg city,VA,417.0
39145,Scioto County,OH,416.0
54029,Hancock County,WV,416.0
12133,Washington County,FL,416.0
18017,Cass County,IN,416.0
18015,Carroll County,IN,415.0
18023,Clinton County,IN,415.0
22031,De Soto Parish,LA,415.0
19011,Benton County,IA,414.0
40071,Kay County,OK,414.0
48273,Kleberg County,TX,414.0
18181,White County,IN,414.0
31155,Saunders County,NE,413.0
50015,Lamoille County,VT,412.0
26009,Antrim County,MI,411.0
47177,Warren County,TN,411.0
23013,Knox County,ME,409.0
18031,Decatur County,IN,407.0
48019,Bandera County,TX,405.0
18179,Wells County,IN,405.0
31141,Platte County,NE,405.0
39075,Holmes County,OH,404.0
23007,Franklin County,ME,403.0
41031,Jefferson County,OR,403.0
51520,Bristol city,VA,402.0
26127,Oceana County,MI,402.0
29119,McDonald County,MO,402.0
56005,Campbell County,WY,402.0
16053,Jerome County,ID,401.0
26089,Leelanau County,MI,401.0
19033,Cerro Gordo County,IA,401.0
26051,Gladwin County,MI,400.0
17055,Franklin County,IL,400.0
24001,Allegany County,MD,400.0
41057,Tillamook County,OR,399.0
20149,Pottawatomie County,KS,399.0
36003,Allegany County,NY,398.0
18175,Washington County,IN,398.0
27119,Polk County,MN,398.0
28107,Panola County,MS,397.0
55019,Clark County,WI,396.0
27061,Itasca County,MN,394.0
55001,Adams County,WI,394.0
28145,Union County,MS,394.0
18129,Posey County,IN,391.0
08029,Delta County,CO,389.0
45025,Chesterfield County,SC,389.0
47081,Hickman County,TN,389.0
37111,McDowell County,NC,387.0
20059,Franklin County,KS,386.0
21121,Knox County,KY,386.0
21005,Anderson County,KY,385.0
21173,Montgomery County,KY,384.0
18037,Dubois County,IN,384.0
46081,Lawrence County,SD,383.0
27099,Mower County,MN,382.0
40137,Stephens County,OK,382.0
48321,Matagorda County,TX,382.0
39171,Williams County,OH,382.0
28095,Monroe County,MS,381.0
17011,Bureau County,IL,381.0
27067,Kandiyohi County,MN,381.0
45071,Newberry County,SC,381.0
26029,Charlevoix County,MI,380.0
39069,Henry County,OH,379.0
13299,Ware County,GA,379.0
22117,Washington Parish,LA,378.0
55123,Vernon County,WI,377.0
29131,Miller County,MO,377.0
18149,Starke County,IN,377.0
39031,Coshocton County,OH,377.0
26143,Roscommon County,MI,377.0
31177,Washington County,NE,377.0
40115,Ottawa County,OK,375.0
53049,Pacific County,WA,372.0
47099,Lawrence County,TN,372.0
29003,Andrew County,MO,372.0
47055,Giles County,TN,372.0
47185,White County,TN,371.0
53039,Klickitat County,WA,370.0
21157,Marshall County,KY,369.0
12003,Baker County,FL,368.0
36095,Schoharie County,NY,367.0
18047,Franklin County,IN,367.0
21137,Lincoln County,KY,367.0
32001,Churchill County,NV,366.0
48465,Val Verde County,TX,366.0
05009,Boone County,AR,366.0
17121,Marion County,IL,366.0
39065,Hardin County,OH,365.0
54019,Fayette County,WV,365.0
18143,Scott County,IN,364.0
26069,Iosco County,MI,364.0
49047,Uintah County,UT,364.0
42035,Clinton County,PA,361.0
20037,Crawford County,KS,361.0
46127,Union County,SD,360.0
48049,Brown County,TX,360.0
47017,Carroll County,TN,360.0
05063,Independence County,AR,359.0
26103,Marquette County,MI,359.0
18013,Brown County,IN,359.0
41065,Wasco County,OR,359.0
22075,Plaquemines Parish,LA,359.0
47045,Dyer County,TN,358.0
54055,Mercer County,WV,358.0
45089,Williamsburg County,SC,357.0
40121,Pittsburg County,OK,357.0
04009,Graham County,AZ,357.0
42061,Huntingdon County,PA,357.0
47029,Cocke County,TN,356.0
13171,Lamar County,GA,356.0
20157,Republic County,KS,356.0
50005,Caledonia County,VT,356.0
28057,Itawamba County,MS,354.0
51101,King William County,VA,354.0
17001,Adams County,IL,353.0
20191,Sumner County,KS,353.0
13231,Pike County,GA,353.0
36033,Franklin County,NY,352.0
39107,Mercer County,OH,350.0
47041,DeKalb County,TN,349.0
39059,Guernsey County,OH,349.0
37165,Scotland County,NC,348.0
30093,Silver Bow County,MT,348.0
21079,Garrard County,KY,348.0
21213,Simpson County,KY,348.0
01061,Geneva County,AL,347.0
27039,Dodge County,MN,347.0
17075,Iroquois County,IL,347.0
45027,Clarendon County,SC,346.0
48067,Cass County,TX,346.0
13123,Gilmer County,GA,346.0
37033,Caswell County,NC,345.0
27093,Meeker County,MN,345.0
01053,Escambia County,AL,345.0
48331,Milam County,TX,344.0
49039,Sanpete County,UT,343.0
29055,Crawford County,MO,343.0
47173,Union County,TN,343.0
13071,Colquitt County,GA,343.0
19125,Marion County,IA,342.0
27153,Todd County,MN,342.0
56037,Sweetwater County,WY,341.0
38089,Stark County,ND,341.0
41027,Hood River County,OR,341.0
19017,Bremer County,IA,341.0
42031,Clarion County,PA,341.0
39161,Van Wert County,OH,340.0
47057,Grainger County,TN,339.0
40049,Garvin County,OK,339.0
37017,Bladen County,NC,339.0
20087,Jefferson County,KS,338.0
51043,Clarke County,VA,336.0
27057,Hubbard County,MN,335.0
48171,Gillespie County,TX,335.0
17083,Jersey County,IL,334.0
55029,Door County,WI,334.0
40039,Custer County,OK,333.0
06021,Glenn County,CA,333.0
29127,Marion County,MO,333.0
28127,Simpson County,MS,331.0
42009,Bedford County,PA,331.0
26133,Osceola County,MI,331.0
42093,Montour County,PA,331.0
36049,Lewis County,NY,331.0
40133,Seminole County,OK,330.0
55047,Green Lake County,WI,330.0
13237,Putnam County,GA,330.0
19031,Cedar County,IA,329.0
54051,Marshall County,WV,329.0
47183,Weakley County,TN,329.0
21083,Graves County,KY,329.0
18135,Randolph County,IN,329.0
17021,Christian County,IL,329.0
08087,Morgan County,CO,329.0
22043,Grant Parish,LA,329.0
22039,Evangeline Parish,LA,328.0
21107,Hopkins County,KY,328.0
29105,Laclede County,MO,328.0
28113,Pike County,MS,327.0
40015,Caddo County,OK,326.0
47111,Macon County,TN,326.0
13147,Hart County,GA,326.0
39131,Pike County,OH,325.0
29207,Stoddard County,MO,324.0
37123,Montgomery County,NC,324.0
47143,Rhea County,TN,324.0
19127,Marshall County,IA,324.0
01059,Franklin County,AL,323.0
16031,Cassia County,ID,323.0
21103,Henry County,KY,323.0
26031,Cheboygan County,MI,322.0
33007,Coos County,NH,322.0
26063,Huron County,MI,322.0
18169,Wabash County,IN,321.0
47131,Obion County,TN,321.0
51079,Greene County,VA,321.0
29221,Washington County,MO,321.0
27157,Wabasha County,MN,320.0
12041,Gilchrist County,FL,318.0
05093,Mississippi County,AR,317.0
21167,Mercer County,KY,317.0
17137,Morgan County,IL,316.0
05023,Cleburne County,AR,316.0
01093,Marion County,AL,315.0
37153,Richmond County,NC,315.0
21017,Bourbon County,KY,315.0
05005,Baxter County,AR,315.0
26019,Benzie County,MI,314.0
29083,Henry County,MO,314.0
48189,Hale County,TX,314.0
17173,Shelby County,IL,314.0
19057,Des Moines County,IA,313.0
13211,Morgan County,GA,313.0
08097,Pitkin County,CO,313.0
48427,Starr County,TX,312.0
51035,Carroll County,VA,311.0
17081,Jefferson County,IL,311.0
17057,Fulton County,IL,311.0
55125,Vilas County,WI,311.0
17049,Effingham County,IL,311.0
47013,Campbell County,TN,310.0
45001,Abbeville County,SC,310.0
28003,Alcorn County,MS,309.0
42087,Mifflin County,PA,309.0
39175,Wyandot County,OH,308.0
46011,Brookings County,SD,307.0
48149,Fayette County,TX,307.0
47115,Marion County,TN,307.0
48337,Montague County,TX,307.0
48323,Maverick County,TX,307.0
48035,Bosque County,TX,306.0
45081,Saluda County,SC,306.0
18077,Jefferson County,IN,306.0
31001,Adams County,NE,305.0
37115,Madison County,NC,305.0
48449,Titus County,TX,305.0
16067,Minidoka County,ID,305.0
22069,Natchitoches Parish,LA,305.0
22037,East Feliciana Parish,LA,303.0
26137,Otsego County,MI,303.0
26129,Ogemaw County,MI,302.0
20035,Cowley County,KS,301.0
48025,Bee County,TX,301.0
21141,Logan County,KY,301.0
51690,Martinsville city,VA,300.0
01007,Bibb County,AL,300.0
18083,Knox County,IN,299.0
40091,McIntosh County,OK,299.0
42117,Tioga County,PA,299.0
37055,Dare County,NC,298.0
16039,Elmore County,ID,298.0
01109,Pike County,AL,297.0
54009,Brooke County,WV,297.0
42059,Greene County,PA,296.0
21035,Calloway County,KY,296.0
01133,Winston County,AL,296.0
08107,Routt County,CO,295.0
36097,Schuyler County,NY,295.0
55069,Lincoln County,WI,294.0
39079,Jackson County,OH,294.0
41045,Malheur County,OR,294.0
13321,Worth County,GA,293.0
05111,Poinsett County,AR,293.0
50003,Bennington County,VT,292.0
31043,Dakota County,NE,292.0
37149,Polk County,NC,292.0
37079,Greene County,NC,292.0
51193,Westmoreland County,VA,291.0
28123,Scott County,MS,291.0
28149,Warren County,MS,291.0
17147,Piatt County,IL,291.0
30047,Lake County,MT,290.0
51750,Radford city,VA,290.0
24039,Somerset County,MD,290.0
22111,Union Parish,LA,290.0
47159,Smith County,TN,289.0
51185,Tazewell County,VA,288.0
45039,Fairfield County,SC,288.0
18139,Rush County,IN,288.0
45067,Marion County,SC,287.0
54077,Preston County,WV,287.0
17135,Montgomery County,IL,287.0
48089,Colorado County,TX,287.0
17157,Randolph County,IL,287.0
17107,Logan County,IL,287.0
13175,Laurens County,GA,286.0
55077,Marquette County,WI,286.0
19149,Plymouth County,IA,286.0
13033,Burke County,GA,286.0
27065,Kanabec County,MN,285.0
56033,Sheridan County,WY,285.0
13027,Brooks County,GA,283.0
01067,Henry County,AL,283.0
29091,Howell County,MO,283.0
47077,Henderson County,TN,283.0
37175,Transylvania County,NC,282.0
13053,Chattahoochee County,GA,282.0
12049,Hardee County,FL,281.0
48051,Burleson County,TX,280.0
28117,Prentiss County,MS,280.0
20113,McPherson County,KS,280.0
01019,Cherokee County,AL,280.0
40117,Pawnee County,OK,280.0
28029,Copiah County,MS,280.0
46013,Brown County,SD,279.0
36123,Yates County,NY,279.0
26105,Mason County,MI,279.0
47015,Cannon County,TN,279.0
29069,Dunklin County,MO,279.0
51195,Wise County,VA,278.0
26079,Kalkaska County,MI,278.0
47109,McNairy County,TN,277.0
29143,New Madrid County,MO,276.0
18147,Spencer County,IN,276.0
16045,Gem County,ID,276.0
47121,Meigs County,TN,275.0
05029,Conway County,AR,274.0
48455,Trinity County,TX,274.0
18159,Tipton County,IN,274.0
47079,Henry County,TN,273.0
47139,Polk County,TN,273.0
55061,Kewaunee County,WI,273.0
19121,Madison County,IA,273.0
39137,Putnam County,OH,272.0
23003,Aroostook County,ME,272.0
47133,Overton County,TN,272.0
17041,Douglas County,IL,272.0
27047,Freeborn County,MN,271.0
19183,Washington County,IA,271.0
29186,Ste. Genevieve County,MO,271.0
21027,Breckinridge County,KY,270.0
18045,Fountain County,IN,270.0
13131,Grady County,GA,270.0
51163,Rockbridge County,VA,270.0
22007,Assumption Parish,LA,270.0
12043,Glades County,FL,270.0
29141,Morgan County,MO,269.0
46029,Codington County,SD,269.0
12059,Holmes County,FL,269.0
28085,Lincoln County,MS,269.0
20021,Cherokee County,KS,268.0
28039,George County,MS,268.0
21195,Pike County,KY,268.0
41015,Curry County,OR,268.0
48457,Tyler County,TX,267.0
08015,Chaffee County,CO,266.0
02110,Juneau City and Borough,AK,266.0
19179,Wapello County,IA,265.0
18001,Adams County,IN,263.0
17085,Jo Daviess County,IL,263.0
05053,Grant County,AR,262.0
28011,Bolivar County,MS,262.0
48285,Lavaca County,TX,262.0
13111,Fannin County,GA,261.0
28079,Leake County,MS,261.0
29007,Audrain County,MO,261.0
13257,Stephens County,GA,261.0
42123,Warren County,PA,260.0
13019,Berrien County,GA,260.0
28151,Washington County,MS,260.0
21191,Pendleton County,KY,260.0
05087,Madison County,AR,259.0
22003,Allen Parish,LA,259.0
19187,Webster County,IA,258.0
48227,Howard County,TX,258.0
13069,Coffee County,GA,258.0
28031,Covington County,MS,258.0
54091,Taylor County,WV,258.0
49013,Duchesne County,UT,257.0
48219,Hockley County,TX,257.0
19019,Buchanan County,IA,257.0
35006,Cibola County,NM,257.0
22091,St. Helena Parish,LA,257.0
21071,Floyd County,KY,256.0
29059,Dallas County,MO,256.0
48395,Robertson County,TX,255.0
29015,Benton County,MO,254.0
21123,Larue County,KY,254.0
05015,Carroll County,AR,253.0
18111,Newton County,IN,253.0
08049,Grand County,CO,253.0
18049,Fulton County,IN,253.0
28099,Neshoba County,MS,252.0
47097,Lauderdale County,TN,252.0
48123,DeWitt County,TX,252.0
21003,Allen County,KY,252.0
55065,Lafayette County,WI,252.0
39001,Adams County,OH,252.0
48365,Panola County,TX,251.0
13229,Pierce County,GA,251.0
27161,Waseca County,MN,250.0
27001,Aitkin County,MN,249.0
19111,Lee County,IA,249.0
13189,McDuffie County,GA,248.0
01039,Covington County,AL,248.0
26109,Menominee County,MI,248.0
48059,Callahan County,TX,248.0
08083,Montezuma County,CO,247.0
37185,Warren County,NC,247.0
20125,Montgomery County,KS,247.0
54057,Mineral County,WV,247.0
27045,Fillmore County,MN,247.0
13221,Oglethorpe County,GA,246.0
22009,Avoyelles Parish,LA,246.0
26101,Manistee County,MI,246.0
48293,Limestone County,TX,246.0
47025,Claiborne County,TN,245.0
55053,Jackson County,WI,245.0
45017,Calhoun County,SC,245.0
48253,Jones County,TX,245.0
28131,Stone County,MS,244.0
51175,Southampton County,VA,243.0
21085,Grayson County,KY,242.0
19105,Jones County,IA,241.0
22083,Richland Parish,LA,240.0
48379,Rains County,TX,240.0
13025,Brantley County,GA,239.0
21183,Ohio County,KY,239.0
13159,Jasper County,GA,239.0
24029,Kent County,MD,239.0
06043,Mariposa County,CA,238.0
54053,Mason County,WV,237.0
48287,Lee County,TX,236.0
18027,Daviess County,IN,236.0
05047,Franklin County,AR,236.0
08019,Clear Creek County,CO,236.0
55013,Burnett County,WI,235.0
22093,St. James Parish,LA,235.0
13279,Toombs County,GA,235.0
05123,St. Francis County,AR,235.0
28061,Jasper County,MS,235.0
13075,Cook County,GA,234.0
05149,Yell County,AR,234.0
47075,Haywood County,TN,234.0
48161,Freestone County,TX,233.0
21205,Rowan County,KY,233.0
29175,Randolph County,MO,232.0
20139,Osage County,KS,231.0
39125,Paulding County,OH,231.0
22077,Pointe Coupee Parish,LA,231.0
50019,Orleans County,VT,230.0
48289,Leon County,TX,230.0
21217,Taylor County,KY,230.0
55103,Richland County,WI,229.0
16073,Owyhee County,ID,228.0
19123,Mahaska County,IA,228.0
19129,Mills County,IA,228.0
17139,Moultrie County,IL,228.0
51001,Accomack County,VA,228.0
01111,Randolph County,AL,227.0
19095,Iowa County,IA,227.0
29229,Wright County,MO,227.0
06035,Lassen County,CA,227.0
30043,Jefferson County,MT,227.0
37007,Anson County,NC,227.0
18041,Fayette County,IN,226.0
31131,Otoe County,NE,225.0
05135,Sharp County,AR,225.0
13291,Union County,GA,225.0
13267,Tattnall County,GA,225.0
17131,Mercer County,IL,224.0
45033,Dillon County,SC,224.0
37117,Martin County,NC,224.0
45061,Lee County,SC,224.0
26011,Arenac County,MI,223.0
17109,McDonough County,IL,223.0
40001,Adair County,OK,222.0
47153,Sequatchie County,TN,222.0
53055,San Juan County,WA,222.0
47171,Unicoi County,TN,222.0
01087,Macon County,AL,221.0
27143,Sibley County,MN,220.0
54035,Jackson County,WV,220.0
13079,Crawford County,GA,220.0
51147,Prince Edward County,VA,220.0
29053,Cooper County,MO,220.0
48057,Calhoun County,TX,219.0
18165,Vermillion County,IN,219.0
06051,Mono County,CA,219.0
35047,San Miguel County,NM,219.0
20041,Dickinson County,KS,219.0
17039,De Witt County,IL,219.0
28101,Newton County,MS,219.0
01047,Dallas County,AL,218.0
56029,Park County,WY,218.0
51197,Wythe County,VA,218.0
48225,Houston County,TX,218.0
47169,Trousdale County,TN,218.0
51117,Mecklenburg County,VA,218.0
31067,Gage County,NE,217.0
48031,Blanco County,TX,216.0
21099,Hart County,KY,216.0
27055,Houston County,MN,216.0
28133,Sunflower County,MS,216.0
13205,Mitchell County,GA,216.0
20055,Finney County,KS,216.0
18153,Sullivan County,IN,215.0
47129,Morgan County,TN,215.0
48145,Falls County,TX,214.0
35055,Taos County,NM,214.0
06027,Inyo County,CA,214.0
51167,Russell County,VA,214.0
55129,Washburn County,WI,213.0
27159,Wadena County,MN,213.0
47069,Hardeman County,TN,213.0
53059,Skamania County,WA,213.0
06063,Plumas County,CA,213.0
47033,Crockett County,TN,213.0
51735,Poquoson city,VA,212.0
42067,Juniata County,PA,212.0
18121,Parke County,IN,212.0
04012,La Paz County,AZ,212.0
42083,McKean County,PA,212.0
29215,Texas County,MO,212.0
53001,Adams County,WA,211.0
28017,Chickasaw County,MS,211.0
13133,Greene County,GA,211.0
35027,Lincoln County,NM,211.0
05071,Johnson County,AR,210.0
19097,Jackson County,IA,210.0
17053,Ford County,IL,210.0
53051,Pend Oreille County,WA,209.0
35057,Torrance County,NM,209.0
22067,Morehouse Parish,LA,208.0
37113,Macon County,NC,208.0
37103,Jones County,NC,208.0
13087,Decatur County,GA,207.0
47071,Hardin County,TN,207.0
28129,Smith County,MS,207.0
48463,Uvalde County,TX,206.0
31157,Scotts Bluff County,NE,206.0
21077,Gallatin County,KY,205.0
28139,Tippah County,MS,205.0
47023,Chester County,TN,205.0
17145,Perry County,IL,204.0
48419,Shelby County,TX,204.0
13293,Upson County,GA,204.0
56039,Teton County,WY,202.0
49029,Morgan County,UT,202.0
20111,Lyon County,KS,201.0
54065,Morgan County,WV,201.0
31159,Seward County,NE,201.0
51007,Amelia County,VA,201.0
01065,Hale County,AL,200.0
46135,Yankton County,SD,200.0
19087,Henry County,IA,200.0
13083,Dade County,GA,200.0
51011,Appomattox County,VA,200.0
21097,Harrison County,KY,200.0
05083,Logan County,AR,200.0
37029,Camden County,NC,199.0
05075,Lawrence County,AR,199.0
48177,Gonzales County,TX,199.0
40009,Beckham County,OK,199.0
39053,Gallia County,OH,199.0
13305,Wayne County,GA,198.0
54025,Greenbrier County,WV,198.0
16047,Gooding County,ID,198.0
28083,Leflore County,MS,198.0
54027,Hampshire County,WV,197.0
49041,Sevier County,UT,197.0
27015,Brown County,MN,197.0
01037,Coosa County,AL,197.0
16085,Valley County,ID,196.0
19171,Tama County,IA,196.0
12125,Union County,FL,196.0
13173,Lanier County,GA,196.0
05139,Union County,AR,196.0
49037,San Juan County,UT,195.0
30067,Park County,MT,195.0
06011,Colusa County,CA,194.0
50013,Grand Isle County,VT,194.0
13149,Heard County,GA,194.0
19055,Delaware County,IA,194.0
08003,Alamosa County,CO,194.0
21155,Marion County,KY,192.0
28091,Marion County,MS,192.0
05057,Hempstead County,AR,192.0
29013,Bates County,MO,192.0
48239,Jackson County,TX,191.0
28001,Adams County,MS,191.0
19043,Clayton County,IA,191.0
54043,Lincoln County,WV,191.0
28025,Clay County,MS,191.0
31047,Dawson County,NE,190.0
31111,Lincoln County,NE,190.0
39105,Meigs County,OH,190.0
18075,Jay County,IN,190.0
17123,Marshall County,IL,190.0
26043,Dickinson County,MI,190.0
35017,Grant County,NM,189.0
22013,Bienville Parish,LA,189.0
19157,Poweshiek County,IA,189.0
51169,Scott County,VA,189.0
41061,Union County,OR,188.0
20051,Ellis County,KS,188.0
13081,Crisp County,GA,188.0
48341,Moore County,TX,188.0
01005,Barbour County,AL,187.0
29073,Gasconade County,MO,187.0
28141,Tishomingo County,MS,187.0
17129,Menard County,IL,186.0
48343,Morris County,TX,186.0
13055,Chattooga County,GA,186.0
20057,Ford County,KS,186.0
28043,Grenada County,MS,186.0
38077,Richland County,ND,185.0
48351,Newton County,TX,185.0
17189,Washington County,IL,185.0
28143,Tunica County,MS,184.0
51515,Bedford city,VA,184.0
32013,Humboldt County,NV,184.0
26007,Alpena County,MI,183.0
37131,Northampton County,NC,183.0
16015,Boise County,ID,182.0
55023,Crawford County,WI,182.0
29157,Perry County,MO,182.0
21061,Edmonson County,KY,181.0
48313,Madison County,TX,181.0
48077,Clay County,TX,181.0
51139,Page County,VA,181.0
19065,Fayette County,IA,181.0
18117,Orange County,IN,181.0
29135,Moniteau County,MO,180.0
17005,Bond County,IL,180.0
26041,Delta County,MI,180.0
21043,Carter County,KY,179.0
21161,Mason County,KY,179.0
21177,Muhlenberg County,KY,179.0
35028,Los Alamos County,NM,179.0
45087,Union County,SC,179.0
40149,Washita County,OK,179.0
01029,Cleburne County,AL,179.0
12065,Jefferson County,FL,179.0
45011,Barnwell County,SC,179.0
46035,Davison County,SD,178.0
35041,Roosevelt County,NM,178.0
28163,Yazoo County,MS,178.0
29063,DeKalb County,MO,178.0
56013,Fremont County,WY,178.0
40035,Craig County,OK,178.0
51173,Smyth County,VA,177.0
16013,Blaine County,ID,176.0
01057,Fayette County,AL,176.0
40095,Marshall County,OK,175.0
54097,Upshur County,WV,175.0
05037,Cross County,AR,175.0
23029,Washington County,ME,174.0
40099,Murray County,OK,174.0
28153,Wayne County,MS,174.0
51113,Madison County,VA,173.0
37173,Swain County,NC,173.0
17051,Fayette County,IL,173.0
27083,Lyon County,MN,173.0
51620,Franklin city,VA,172.0
49007,Carbon County,UT,172.0
21115,Johnson County,KY,172.0
46019,Butte County,SD,172.0
55119,Taylor County,WI,171.0
05121,Randolph County,AR,171.0
17187,Warren County,IL,171.0
05019,Clark County,AR,170.0
47085,Humphreys County,TN,170.0
55011,Buffalo County,WI,170.0
05089,Marion County,AR,170.0
05043,Drew County,AR,170.0
48159,Franklin County,TX,170.0
28009,Benton County,MS,169.0
40073,Kingfisher County,OK,169.0
26113,Missaukee County,MI,169.0
22049,Jackson Parish,LA,169.0
01025,Clarke County,AL,169.0
51125,Nelson County,VA,168.0
46065,Hughes County,SD,168.0
08047,Gilpin County,CO,168.0
17125,Mason County,IL,168.0
48297,Live Oak County,TX,168.0
19167,Sioux County,IA,167.0
19075,Grundy County,IA,167.0
49023,Juab County,UT,167.0
18125,Pike County,IN,166.0
28023,Clarke County,MS,166.0
35029,Luna County,NM,165.0
39067,Harrison County,OH,165.0
29173,Ralls County,MO,165.0
19023,Butler County,IA,165.0
37143,Perquimans County,NC,165.0
45069,Marlboro County,SC,164.0
19077,Guthrie County,IA,163.0
13107,Emanuel County,GA,163.0
29217,Vernon County,MO,163.0
37199,Yancey County,NC,163.0
21233,Webster County,KY,163.0
19085,Harrison County,IA,162.0
06015,Del Norte County,CA,162.0
20175,Seward County,KS,161.0
37009,Ashe County,NC,161.0
19079,Hamilton County,IA,161.0
13261,Sumter County,GA,161.0
40065,Jackson County,OK,161.0
37091,Hertford County,NC,160.0
01085,Lowndes County,AL,160.0
28161,Yalobusha County,MS,160.0
54045,Logan County,WV,160.0
47161,Stewart County,TN,160.0
26001,Alcona County,MI,160.0
51071,Giles County,VA,159.0
48233,Hutchinson County,TX,159.0
48009,Archer County,TX,159.0
47061,Grundy County,TN,158.0
40085,Love County,OK,158.0
18123,Perry County,IN,158.0
51640,Galax city,VA,158.0
48315,Marion County,TX,158.0
55007,Bayfield County,WI,158.0
05105,Perry County,AR,158.0
21223,Trimble County,KY,158.0
01129,Washington County,AL,158.0
08075,Logan County,CO,157.0
01041,Crenshaw County,AL,157.0
17165,Saline County,IL,157.0
17067,Hancock County,IL,156.0
05103,Ouachita County,AR,156.0
51077,Grayson County,VA,155.0
18009,Blackford County,IN,155.0
23021,Piscataquis County,ME,154.0
22029,Concordia Parish,LA,154.0
19059,Dickinson County,IA,153.0
48003,Andrews County,TX,153.0
26085,Lake County,MI,153.0
29163,Pike County,MO,153.0
28111,Perry County,MS,153.0
42047,Elk County,PA,152.0
17023,Clark County,IL,152.0
54005,Boone County,WV,151.0
20133,Neosho County,KS,151.0
21013,Bell County,KY,151.0
55067,Langlade County,WI,151.0
45049,Hampton County,SC,151.0
13105,Elbert County,GA,151.0
29139,Montgomery County,MO,151.0
16043,Fremont County,ID,151.0
54041,Lewis County,WV,151.0
39115,Morgan County,OH,151.0
56023,Lincoln County,WY,151.0
12013,Calhoun County,FL,150.0
24023,Garrett County,MD,150.0
47007,Bledsoe County,TN,150.0
40103,Noble County,OK,150.0
51049,Cumberland County,VA,149.0
20099,Labette County,KS,149.0
39163,Vinton County,OH,148.0
31151,Saline County,NE,148.0
48063,Camp County,TX,148.0
28027,Coahoma County,MS,148.0
05141,Van Buren County,AR,148.0
20085,Jackson County,KS,148.0
53043,Lincoln County,WA,147.0
17015,Carroll County,IL,147.0
19083,Hardin County,IA,146.0
13191,McIntosh County,GA,146.0
46027,Clay County,SD,146.0
54083,Randolph County,WV,146.0
01107,Pickens County,AL,146.0
18171,Warren County,IN,145.0
37015,Bertie County,NC,145.0
48179,Gray County,TX,145.0
54001,Barbour County,WV,145.0
48489,Willacy County,TX,145.0
19041,Clay County,IA,145.0
21011,Bath County,KY,144.0
19027,Carroll County,IA,144.0
51083,Halifax County,VA,144.0
29001,Adair County,MO,144.0
21229,Washington County,KY,143.0
13017,Ben Hill County,GA,143.0
37011,Avery County,NC,143.0
22085,Sabine Parish,LA,143.0
21139,Livingston County,KY,142.0
05021,Clay County,AR,142.0
26039,Crawford County,MI,142.0
27113,Pennington County,MN,142.0
47087,Jackson County,TN,142.0
17035,Cumberland County,IL,141.0
29017,Bollinger County,MO,141.0
13091,Dodge County,GA,140.0
30009,Carbon County,MT,140.0
28065,Jefferson Davis County,MS,140.0
51081,Greensville County,VA,140.0
42057,Fulton County,PA,140.0
40105,Nowata County,OK,140.0
01091,Marengo County,AL,140.0
21187,Owen County,KY,139.0
51005,Alleghany County,VA,139.0
19115,Louisa County,IA,139.0
08089,Otero County,CO,138.0
18025,Crawford County,IN,138.0
21193,Perry County,KY,138.0
17045,Edgar County,IL,138.0
25007,Dukes County,MA,137.0
56041,Uinta County,WY,137.0
18131,Pulaski County,IN,137.0
29039,Cedar County,MO,137.0
05067,Jackson County,AR,137.0
48165,Gaines County,TX,137.0
48117,Deaf Smith County,TX,136.0
47005,Benton County,TN,136.0
48425,Somervell County,TX,136.0
13251,Screven County,GA,136.0
40023,Choctaw County,OK,136.0
13155,Irwin County,GA,136.0
05061,Howard County,AR,136.0
51029,Buckingham County,VA,135.0
21203,Rockcastle County,KY,135.0
19067,Floyd County,IA,135.0
38093,Stutsman County,ND,135.0
28051,Holmes County,MS,134.0
48163,Frio County,TX,134.0
29195,Saline County,MO,134.0
21207,Russell County,KY,134.0
55107,Rusk County,WI,133.0
12029,Dixie County,FL,132.0
48133,Eastland County,TX,131.0
22125,West Feliciana Parish,LA,131.0
40139,Texas County,OK,131.0
28015,Carroll County,MS,131.0
01099,Monroe County,AL,131.0
16079,Shoshone County,ID,131.0
04011,Greenlee County,AZ,131.0
51135,Nottoway County,VA,130.0
27121,Pope County,MN,130.0
21219,Todd County,KY,130.0
16041,Franklin County,ID,130.0
08051,Gunnison County,CO,130.0
51063,Floyd County,VA,130.0
29155,Pemiscot County,MO,129.0
37121,Mitchell County,NC,129.0
27129,Renville County,MN,129.0
54067,Nicholas County,WV,129.0
12045,Gulf County,FL,128.0
20009,Barton County,KS,128.0
20107,Linn County,KS,128.0
05027,Columbia County,AR,128.0
16049,Idaho County,ID,128.0
22041,Franklin Parish,LA,127.0
37039,Cherokee County,NC,127.0
29089,Howard County,MO,127.0
17017,Cass County,IL,127.0
05065,Izard County,AR,126.0
21091,Hancock County,KY,126.0
28147,Walthall County,MS,126.0
27023,Chippewa County,MN,125.0
13289,Twiggs County,GA,125.0
48387,Red River County,TX,125.0
46125,Turner County,SD,125.0
27127,Redwood County,MN,125.0
21041,Carroll County,KY,124.0
56009,Converse County,WY,124.0
05049,Fulton County,AR,124.0
48131,Duval County,TX,124.0
54063,Monroe County,WV,124.0
16087,Washington County,ID,123.0
51133,Northumberland County,VA,123.0
41049,Morrow County,OR,123.0
21221,Trigg County,KY,122.0
19141,O'Brien County,IA,122.0
40063,Hughes County,OK,122.0
21001,Adair County,KY,121.0
56007,Carbon County,WY,121.0
18155,Switzerland County,IN,121.0
32029,Storey County,NV,121.0
40069,Johnston County,OK,121.0
05081,Little River County,AR,121.0
01027,Clay County,AL,121.0
21127,Lawrence County,KY,121.0
13049,Charlton County,GA,120.0
29067,Douglas County,MO,120.0
22023,Cameron Parish,LA,120.0
47127,Moore County,TN,120.0
30095,Stillwater County,MT,119.0
19081,Hancock County,IA,119.0
05001,Arkansas County,AR,119.0
29125,Maries County,MO,119.0
18007,Benton County,IN,119.0
12047,Hamilton County,FL,118.0
13023,Bleckley County,GA,118.0
29121,Macon County,MO,118.0
22027,Claiborne Parish,LA,118.0
54059,Mingo County,WV,118.0
45009,Bamberg County,SC,118.0
16081,Teton County,ID,117.0
38055,McLean County,ND,117.0
17061,Greene County,IL,116.0
28041,Greene County,MS,116.0
17101,Lawrence County,IL,116.0
26119,Montmorency County,MI,115.0
29151,Osage County,MO,115.0
12079,Madison County,FL,115.0
21197,Powell County,KY,115.0
29123,Madison County,MO,115.0
51141,Patrick County,VA,115.0
35053,Socorro County,NM,115.0
48093,Comanche County,TX,114.0
13043,Candler County,GA,114.0
21069,Fleming County,KY,114.0
48279,Lamb County,TX,114.0
05109,Pike County,AR,114.0
13109,Evans County,GA,114.0
39121,Noble County,OH,113.0
51131,Northampton County,VA,113.0
21031,Butler County,KY,113.0
05041,Desha County,AR,113.0
30041,Hill County,MT,113.0
01013,Butler County,AL,113.0
27075,Lake County,MN,112.0
21149,McLean County,KY,112.0
37137,Pamlico County,NC,112.0
18115,Ohio County,IN,111.0
29025,Caldwell County,MO,111.0
27043,Faribault County,MN,110.0
38053,McKenzie County,ND,110.0
18161,Union County,IN,110.0
29093,Iron County,MO,110.0
27167,Wilkin County,MN,110.0
21033,Caldwell County,KY,110.0
48255,Karnes County,TX,109.0
28005,Amite County,MS,109.0
19165,Shelby County,IA,109.0
38097,Traill County,ND,109.0
48065,Carson County,TX,109.0
55003,Ashland County,WI,109.0
13241,Rabun County,GA,109.0
48353,Nolan County,TX,109.0
21231,Wayne County,KY,109.0
26141,Presque Isle County,MI,109.0
48229,Hudspeth County,TX,108.0
31185,York County,NE,108.0
40089,McCurtain County,OK,108.0
26061,Houghton County,MI,108.0
29223,Wayne County,MO,108.0
30007,Broadwater County,MT,108.0
50009,Essex County,VT,108.0
42105,Potter County,PA,108.0
47101,Lewis County,TN,107.0
08105,Rio Grande County,CO,107.0
19107,Keokuk County,IA,107.0
29133,Mississippi County,MO,107.0
46033,Custer County,SD,107.0
31081,Hamilton County,NE,107.0
40153,Woodward County,OK,107.0
27091,Martin County,MN,107.0
51580,Covington city,VA,106.0
19145,Page County,IA,106.0
28135,Tallahatchie County,MS,106.0
19101,Jefferson County,IA,106.0
51025,Brunswick County,VA,106.0
30053,Lincoln County,MT,106.0
19039,Clarke County,IA,106.0
17087,Johnson County,IL,106.0
40005,Atoka County,OK,106.0
48399,Runnels County,TX,106.0
48503,Young County,TX,106.0
55113,Sawyer County,WI,106.0
21045,Casey County,KY,105.0
41001,Baker County,OR,105.0
48403,Sabine County,TX,105.0
19021,Buena Vista County,IA,105.0
19191,Winneshiek County,IA,105.0
29085,Hickory County,MO,104.0
20115,Marion County,KS,104.0
51159,Richmond County,VA,104.0
31037,Colfax County,NE,103.0
29137,Monroe County,MO,103.0
51183,Sussex County,VA,103.0
22059,La Salle Parish,LA,103.0
13209,Montgomery County,GA,103.0
19037,Chickasaw County,IA,102.0
54103,Wetzel County,WV,102.0
21065,Estill County,KY,102.0
51119,Middlesex County,VA,102.0
51595,Emporia city,VA,102.0
13281,Towns County,GA,102.0
31167,Stanton County,NE,101.0
55091,Pepin County,WI,101.0
27105,Nobles County,MN,100.0
26033,Chippewa County,MI,100.0
17025,Clay County,IL,100.0
48237,Jack County,TX,99.0
13273,Terrell County,GA,99.0
21109,Jackson County,KY,99.0
28007,Attala County,MS,98.0
20005,Atchison County,KS,97.0
29117,Livingston County,MO,97.0
51157,Rappahannock County,VA,96.0
27089,Marshall County,MN,96.0
54031,Hardy County,WV,96.0
13001,Appling County,GA,96.0
13161,Jeff Davis County,GA,95.0
01075,Lamar County,AL,95.0
54087,Roane County,WV,95.0
29111,Lewis County,MO,95.0
21119,Knott County,KY,95.0
17127,Massac County,IL,95.0
28159,Winston County,MS,95.0
48475,Ward County,TX,95.0
46079,Lake County,SD,95.0
20197,Wabaunsee County,KS,94.0
16077,Power County,ID,94.0
19195,Worth County,IA,93.0
19189,Winnebago County,IA,93.0
51530,Buena Vista city,VA,93.0
21169,Metcalfe County,KY,93.0
29181,Ripley County,MO,93.0
51720,Norton city,VA,93.0
31121,Merrick County,NE,93.0
51678,Lexington city,VA,92.0
54089,Summers County,WV,92.0
13093,Dooly County,GA,92.0
51111,Lunenburg County,VA,92.0
01035,Conecuh County,AL,92.0
21023,Bracken County,KY,91.0
21087,Green County,KY,91.0
28069,Kemper County,MS,91.0
37043,Clay County,NC,91.0
19001,Adair County,IA,91.0
48371,Pecos County,TX,91.0
13163,Jefferson County,GA,90.0
47067,Hancock County,TN,90.0
48111,Dallam County,TX,90.0
49027,Millard County,UT,90.0
18101,Martin County,IN,90.0
21007,Ballard County,KY,90.0
17159,Richland County,IL,90.0
31099,Kearney County,NE,90.0
51036,Charles City County,VA,89.0
20095,Kingman County,KS,89.0
47083,Houston County,TN,89.0
17181,Union County,IL,89.0
38071,Ramsey County,ND,89.0
48445,Terry County,TX,88.0
19071,Fremont County,IA,88.0
29011,Barton County,MO,88.0
56015,Goshen County,WY,88.0
48305,Lynn County,TX,88.0
21225,Union County,KY,88.0
02261,Valdez-Cordova Census Area,AK,87.0
48369,Parmer County,TX,87.0
13319,Wilkinson County,GA,87.0
47049,Fentress County,TN,87.0
02050,Bethel Census Area,AK,87.0
16021,Boundary County,ID,87.0
40061,Haskell County,OK,87.0
19047,Crawford County,IA,87.0
48175,Goliad County,TX,87.0
17155,Putnam County,IL,87.0
05079,Lincoln County,AR,87.0
40077,Latimer County,OK,87.0
27173,Yellow Medicine County,MN,86.0
47181,Wayne County,TN,86.0
48389,Reeves County,TX,86.0
48507,Zavala County,TX,86.0
21051,Clay County,KY,85.0
19197,Wright County,IA,85.0
48205,Hartley County,TX,85.0
08065,Lake County,CO,84.0
37041,Chowan County,NC,84.0
54023,Grant County,WV,84.0
17191,Wayne County,IL,84.0
19175,Union County,IA,84.0
05133,Sevier County,AR,83.0
38061,Mountrail County,ND,83.0
47039,Decatur County,TN,83.0
25019,Nantucket County,MA,83.0
48107,Crosby County,TX,82.0
49015,Emery County,UT,82.0
48193,Hamilton County,TX,82.0
38099,Walsh County,ND,82.0
51027,Buchanan County,VA,82.0
28155,Webster County,MS,81.0
29147,Nodaway County,MO,81.0
19161,Sac County,IA,81.0
51037,Charlotte County,VA,81.0
19005,Allamakee County,IA,81.0
01011,Bullock County,AL,81.0
06105,Trinity County,CA,80.0
19029,Cass County,IA,80.0
29149,Oregon County,MO,80.0
35051,Sierra County,NM,80.0
17193,White County,IL,80.0
13287,Turner County,GA,80.0
22021,Caldwell Parish,LA,80.0
08081,Moffat County,CO,79.0
27133,Rock County,MN,79.0
29185,St. Clair County,MO,79.0
13263,Talbot County,GA,79.0
51103,Lancaster County,VA,79.0
51057,Essex County,VA,79.0
16009,Benewah County,ID,79.0
48115,Dawson County,TX,78.0
30057,Madison County,MT,78.0
27029,Clearwater County,MN,78.0
22059,LaSalle Parish,LA,78.0
28097,Montgomery County,MS,78.0
38003,Barnes County,ND,78.0
48127,Dimmit County,TX,77.0
40107,Okfuskee County,OK,77.0
48043,Brewster County,TX,77.0
29065,Dent County,MO,77.0
13193,Macon County,GA,77.0
28077,Lawrence County,MS,77.0
20159,Rice County,KS,77.0
05117,Prairie County,AR,77.0
46117,Stanley County,SD,77.0
54017,Doddridge County,WV,77.0
19119,Lyon County,IA,76.0
19035,Cherokee County,IA,76.0
13167,Johnson County,GA,76.0
56019,Johnson County,WY,76.0
31023,Butler County,NE,76.0
51097,King and Queen County,VA,76.0
13235,Pulaski County,GA,76.0
12123,Taylor County,FL,76.0
48415,Scurry County,TX,75.0
53019,Ferry County,WA,75.0
27063,Jackson County,MN,75.0
13181,Lincoln County,GA,75.0
27165,Watonwan County,MN,75.0
13253,Seminole County,GA,75.0
22081,Red River Parish,LA,75.0
30003,Big Horn County,MT,74.0
49025,Kane County,UT,74.0
48487,Wilbarger County,TX,74.0
21135,Lewis County,KY,74.0
29057,Dade County,MO,73.0
20003,Anderson County,KS,73.0
48017,Bailey County,TX,73.0
39111,Monroe County,OH,73.0
05127,Scott County,AR,73.0
51105,Lee County,VA,73.0
46101,Moody County,SD,73.0
28119,Quitman County,MS,72.0
19025,Calhoun County,IA,72.0
05003,Ashley County,AR,72.0
13271,Telfair County,GA,72.0
31093,Howard County,NE,72.0
19069,Franklin County,IA,72.0
29061,Daviess County,MO,72.0
20143,Ottawa County,KS,72.0
30083,Richland County,MT,72.0
20011,Bourbon County,KS,71.0
20043,Doniphan County,KS,71.0
05017,Chicot County,AR,71.0
13003,Atkinson County,GA,71.0
45065,McCormick County,SC,71.0
01063,Greene County,AL,71.0
48437,Swisher County,TX,71.0
28019,Choctaw County,MS,71.0
46113,Shannon County,SD,70.0
56003,Big Horn County,WY,70.0
56011,Crook County,WY,70.0
19137,Montgomery County,IA,70.0
54095,Tyler County,WV,70.0
20205,Wilson County,KS,70.0
27033,Cottonwood County,MN,70.0
02150,Kodiak Island Borough,AK,69.0
05099,Nevada County,AR,69.0
48317,Martin County,TX,69.0
29115,Linn County,MO,69.0
51051,Dickenson County,VA,69.0
08071,Las Animas County,CO,68.0
30023,Deer Lodge County,MT,68.0
46102,Oglala Lakota County,SD,68.0
51115,Mathews County,VA,68.0
46005,Beadle County,SD,68.0
27051,Grant County,MN,67.0
28013,Calhoun County,MS,67.0
48405,San Augustine County,TX,67.0
31139,Pierce County,NE,67.0
27107,Norman County,MN,67.0
55099,Price County,WI,66.0
30027,Fergus County,MT,66.0
17033,Crawford County,IL,66.0
13201,Miller County,GA,66.0
32033,White Pine County,NV,66.0
17079,Jasper County,IL,65.0
19109,Kossuth County,IA,65.0
16061,Lewis County,ID,65.0
31031,Cherry County,NE,65.0
22127,Winn Parish,LA,65.0
01105,Perry County,AL,64.0
54105,Wirt County,WV,64.0
17185,Wabash County,IL,64.0
19133,Monona County,IA,64.0
38049,McHenry County,ND,64.0
31021,Burt County,NE,64.0
05097,Montgomery County,AR,64.0
47091,Johnson County,TN,64.0
22123,West Carroll Parish,LA,64.0
47175,Van Buren County,TN,64.0
17047,Edwards County,IL,63.0
20001,Allen County,KS,63.0
13005,Bacon County,GA,63.0
49019,Grand County,UT,63.0
26097,Mackinac County,MI,63.0
22025,Catahoula Parish,LA,63.0
31179,Wayne County,NE,63.0
21133,Letcher County,KY,63.0
08007,Archuleta County,CO,63.0
47151,Scott County,TN,63.0
31137,Phelps County,NE,62.0
45005,Allendale County,SC,62.0
05101,Newton County,AR,62.0
16063,Lincoln County,ID,62.0
21143,Lyon County,KY,62.0
20027,Clay County,KS,62.0
54073,Pleasants County,WV,62.0
12067,Lafayette County,FL,62.0
19117,Lucas County,IA,62.0
46047,Fall River County,SD,61.0
21181,Nicholas County,KY,61.0
31027,Cedar County,NE,61.0
19147,Palo Alto County,IA,61.0
27135,Roseau County,MN,61.0
37073,Gates County,NC,61.0
48119,Delta County,TX,61.0
40033,Cotton County,OK,61.0
48083,Coleman County,TX,61.0
12077,Liberty County,FL,61.0
48153,Floyd County,TX,61.0
19091,Humboldt County,IA,60.0
46057,Hamlin County,SD,60.0
31041,Custer County,NE,60.0
08099,Prowers County,CO,60.0
31149,Rock County,NE,60.0
56035,Sublette County,WY,59.0
19073,Greene County,IA,59.0
17175,Stark County,IL,59.0
54109,Wyoming County,WV,59.0
54047,McDowell County,WV,59.0
21075,Fulton County,KY,59.0
05137,Stone County,AR,59.0
54007,Braxton County,WV,58.0
40011,Blaine County,OK,58.0
46087,McCook County,SD,58.0
19131,Mitchell County,IA,58.0
05107,Phillips County,AR,58.0
08091,Ouray County,CO,58.0
32027,Pershing County,NV,58.0
47095,Lake County,TN,57.0
17171,Scott County,IL,57.0
19089,Howard County,IA,57.0
54015,Clay County,WV,57.0
30089,Sanders County,MT,57.0
21147,McCreary County,KY,57.0
17149,Pike County,IL,57.0
02290,Yukon-Koyukuk Census Area,AK,56.0
38079,Rolette County,ND,56.0
05039,Dallas County,AR,56.0
17169,Schuyler County,IL,56.0
28021,Claiborne County,MS,56.0
20123,Mitchell County,KS,56.0
13197,Marion County,GA,56.0
40093,Major County,OK,55.0
21171,Monroe County,KY,55.0
13303,Washington County,GA,55.0
37187,Washington County,NC,55.0
20013,Brown County,KS,55.0
30035,Glacier County,MT,55.0
26135,Oscoda County,MI,55.0
19007,Appanoose County,IA,55.0
05025,Cleveland County,AR,54.0
20137,Norton County,KS,54.0
27101,Murray County,MN,54.0
40029,Coal County,OK,54.0
28103,Noxubee County,MS,54.0
40127,Pushmataha County,OK,54.0
02240,Southeast Fairbanks Census Area,AK,54.0
02130,Ketchikan Gateway Borough,AK,54.0
27151,Swift County,MN,54.0
21063,Elliott County,KY,54.0
48501,Yoakum County,TX,54.0
08125,Yuma County,CO,54.0
49001,Beaver County,UT,53.0
26013,Baraga County,MI,53.0
27149,Stevens County,MN,53.0
20117,Marshall County,KS,53.0
26003,Alger County,MI,52.0
29153,Ozark County,MO,52.0
31035,Clay County,NE,52.0
48391,Refugio County,TX,52.0
19135,Monroe County,IA,52.0
20131,Nemaha County,KS,52.0
20151,Pratt County,KS,52.0
22065,Madison Parish,LA,52.0
30001,Beaverhead County,MT,52.0
17071,Henderson County,IL,52.0
01119,Sumter County,AL,52.0
40075,Kiowa County,OK,51.0
01131,Wilcox County,AL,51.0
28063,Jefferson County,MS,51.0
16035,Clearwater County,ID,51.0
30061,Mineral County,MT,51.0
31095,Jefferson County,NE,51.0
21105,Hickman County,KY,51.0
17151,Pope County,IL,51.0
54085,Ritchie County,WV,50.0
29075,Gentry County,MO,50.0
32017,Lincoln County,NV,50.0
08027,Custer County,CO,50.0
13099,Early County,GA,50.0
20031,Coffey County,KS,50.0
37005,Alleghany County,NC,50.0
42113,Sullivan County,PA,49.0
02270,Wade Hampton Census Area,AK,49.0
13101,Echols County,GA,49.0
13301,Warren County,GA,49.0
08055,Huerfano County,CO,49.0
21053,Clinton County,KY,49.0
30077,Powell County,MT,49.0
30065,Musselshell County,MT,49.0
29203,Shannon County,MO,49.0
31051,Dixon County,NE,49.0
12037,Franklin County,FL,49.0
13165,Jenkins County,GA,48.0
17153,Pulaski County,IL,48.0
47027,Clay County,TN,48.0
27081,Lincoln County,MN,48.0
55078,Menominee County,WI,48.0
31127,Nemaha County,NE,48.0
31173,Thurston County,NE,48.0
30087,Rosebud County,MT,48.0
05077,Lee County,AR,48.0
01023,Choctaw County,AL,48.0
16003,Adams County,ID,48.0
48357,Ochiltree County,TX,47.0
38025,Dunn County,ND,47.0
19051,Davis County,IA,47.0
27117,Pipestone County,MN,47.0
21095,Harlan County,KY,47.0
29035,Carter County,MO,47.0
48377,Presidio County,TX,47.0
48505,Zapata County,TX,47.0
17065,Hamilton County,IL,47.0
48429,Stephens County,TX,47.0
19185,Wayne County,IA,47.0
19053,Decatur County,IA,46.0
29033,Carroll County,MO,46.0
55041,Forest County,WI,46.0
21039,Carlisle County,KY,46.0
28157,Wilkinson County,MS,46.0
38057,Mercer County,ND,46.0
36041,Hamilton County,NY,46.0
20073,Greenwood County,KS,46.0
05011,Bradley County,AR,46.0
30099,Teton County,MT,45.0
19151,Pocahontas County,IA,45.0
31123,Morrill County,NE,45.0
46067,Hutchinson County,SD,45.0
26153,Schoolcraft County,MI,44.0
02158,Kusilvak Census Area,AK,44.0
28053,Humphreys County,MS,44.0
46015,Brule County,SD,44.0
16037,Custer County,ID,44.0
31147,Richardson County,NE,44.0
40053,Grant County,OK,44.0
13315,Wilcox County,GA,44.0
46009,Bon Homme County,SD,43.0
05113,Polk County,AR,43.0
46045,Edmunds County,SD,43.0
40141,Tillman County,OK,43.0
31107,Knox County,NE,43.0
55037,Florence County,WI,43.0
40007,Beaver County,OK,43.0
56031,Platte County,WY,43.0
08121,Washington County,CO,43.0
13249,Schley County,GA,43.0
31143,Polk County,NE,43.0
31039,Cuming County,NE,43.0
40067,Jefferson County,OK,43.0
48047,Brooks County,TX,43.0
02016,Aleutians West Census Area,AK,43.0
29079,Grundy County,MO,42.0
21165,Menifee County,KY,42.0
29171,Putnam County,MO,42.0
27087,Mahnomen County,MN,42.0
31071,Garfield County,NE,42.0
05147,Woodruff County,AR,42.0
30017,Custer County,MT,42.0
38009,Bottineau County,ND,42.0
53069,Wahkiakum County,WA,42.0
48069,Castro County,TX,42.0
31169,Thayer County,NE,42.0
08021,Conejos County,CO,42.0
05073,Lafayette County,AR,42.0
31089,Holt County,NE,42.0
21055,Crittenden County,KY,42.0
21159,Martin County,KY,42.0
31033,Cheyenne County,NE,42.0
17003,Alexander County,IL,41.0
06091,Sierra County,CA,41.0
13283,Treutlen County,GA,41.0
02180,Nome Census Area,AK,41.0
42053,Forest County,PA,41.0
19063,Emmet County,IA,41.0
19093,Ida County,IA,41.0
28055,Issaquena County,MS,41.0
28037,Franklin County,MS,41.0
19173,Taylor County,IA,41.0
48169,Garza County,TX,41.0
46061,Hanson County,SD,41.0
20167,Russell County,KS,41.0
55051,Iron County,WI,41.0
51045,Craig County,VA,40.0
54093,Tucker County,WV,40.0
02220,Sitka City and Borough,AK,40.0
46109,Roberts County,SD,40.0
29041,Chariton County,MO,40.0
51181,Surry County,VA,40.0
31105,Kimball County,NE,40.0
02185,North Slope Borough,AK,40.0
35037,Quay County,NM,40.0
56017,Hot Springs County,WY,40.0
19009,Audubon County,IA,40.0
56043,Washakie County,WY,40.0
38067,Pembina County,ND,40.0
38075,Renville County,ND,40.0
13065,Clinch County,GA,40.0
48207,Haskell County,TX,40.0
20069,Gray County,KS,40.0
48081,Coke County,TX,39.0
41037,Lake County,OR,39.0
38005,Benson County,ND,39.0
08103,Rio Blanco County,CO,39.0
48335,Mitchell County,TX,39.0
27125,Red Lake County,MN,39.0
48495,Winkler County,TX,39.0
19177,Van Buren County,IA,39.0
29179,Reynolds County,MO,39.0
46053,Gregory County,SD,39.0
48283,La Salle County,TX,39.0
21025,Breathitt County,KY,39.0
30021,Dawson County,MT,39.0
13141,Hancock County,GA,39.0
31003,Antelope County,NE,39.0
17059,Gallatin County,IL,39.0
29081,Harrison County,MO,39.0
13317,Wilkes County,GA,38.0
05013,Calhoun County,AR,38.0
40003,Alfalfa County,OK,38.0
02188,Northwest Arctic Borough,AK,38.0
27031,Cook County,MN,38.0
19143,Osceola County,IA,38.0
26053,Gogebic County,MI,38.0
54071,Pendleton County,WV,38.0
20127,Morris County,KS,38.0
38073,Ransom County,ND,37.0
31145,Red Willow County,NE,37.0
20145,Pawnee County,KS,37.0
53013,Columbia County,WA,37.0
05129,Searcy County,AR,37.0
48483,Wheeler County,TX,37.0
54021,Gilmer County,WV,37.0
20093,Kearny County,KS,36.0
08095,Phillips County,CO,36.0
38081,Sargent County,ND,36.0
13259,Stewart County,GA,36.0
02068,Denali Borough,AK,36.0
13037,Calhoun County,GA,36.0
08109,Saguache County,CO,36.0
19003,Adams County,IA,36.0
29045,Clark County,MO,36.0
22035,East Carroll Parish,LA,36.0
31011,Boone County,NE,36.0
30105,Valley County,MT,36.0
26071,Iron County,MI,36.0
40151,Woods County,OK,36.0
30005,Blaine County,MT,36.0
41063,Wallowa County,OR,36.0
16007,Bear Lake County,ID,35.0
31097,Johnson County,NE,35.0
40045,Ellis County,OK,35.0
06049,Modoc County,CA,35.0
46037,Day County,SD,35.0
31059,Fillmore County,NE,35.0
13269,Taylor County,GA,34.0
05095,Monroe County,AR,34.0
08025,Crowley County,CO,34.0
56045,Weston County,WY,34.0
20165,Rush County,KS,34.0
46041,Dewey County,SD,34.0
32015,Lander County,NV,34.0
21129,Lee County,KY,34.0
30085,Roosevelt County,MT,34.0
29205,Shelby County,MO,34.0
20193,Thomas County,KS,34.0
28125,Sharkey County,MS,34.0
48103,Crane County,TX,34.0
49017,Garfield County,UT,34.0
35033,Mora County,NM,34.0
40043,Dewey County,OK,33.0
31013,Box Butte County,NE,33.0
20077,Harper County,KS,33.0
48385,Real County,TX,33.0
46051,Grant County,SD,33.0
13309,Wheeler County,GA,33.0
46115,Spink County,SD,33.0
26083,Keweenaw County,MI,33.0
21131,Leslie County,KY,33.0
21153,Magoffin County,KY,33.0
21175,Morgan County,KY,33.0
31101,Keith County,NE,33.0
21237,Wolfe County,KY,33.0
13243,Randolph County,GA,33.0
35007,Colfax County,NM,33.0
16029,Caribou County,ID,33.0
20053,Ellsworth County,KS,32.0
29197,Schuyler County,MO,32.0
51021,Bland County,VA,32.0
17009,Brown County,IL,32.0
54013,Calhoun County,WV,32.0
31125,Nance County,NE,32.0
37095,Hyde County,NC,32.0
27071,Koochiching County,MN,32.0
30101,Toole County,MT,32.0
08113,San Miguel County,CO,31.0
29211,Sullivan County,MO,31.0
30015,Chouteau County,MT,31.0
48079,Cochran County,TX,31.0
38065,Oliver County,ND,31.0
13007,Baker County,GA,31.0
48359,Oldham County,TX,31.0
02013,Aleutians East Borough,AK,31.0
48411,San Saba County,TX,31.0
48011,Armstrong County,TX,31.0
32021,Mineral County,NV,30.0
47135,Perry County,TN,30.0
37075,Graham County,NC,30.0
47137,Pickett County,TN,30.0
48275,Knox County,TX,30.0
16059,Lemhi County,ID,30.0
46077,Kingsbury County,SD,30.0
46121,Todd County,SD,30.0
08063,Kit Carson County,CO,30.0
02198,Prince of Wales-Hyder Census Area,AK,30.0
38045,LaMoure County,ND,30.0
31181,Webster County,NE,30.0
08073,Lincoln County,CO,29.0
20017,Chase County,KS,29.0
48247,Jim Hogg County,TX,29.0
29087,Holt County,MO,29.0
40055,Greer County,OK,29.0
54101,Webster County,WV,29.0
02063,Chugach Census Area,AK,29.0
08011,Bent County,CO,29.0
46039,Deuel County,SD,29.0
20185,Stafford County,KS,28.0
46129,Walworth County,SD,28.0
46091,Marshall County,SD,28.0
48211,Hemphill County,TX,28.0
40129,Roger Mills County,OK,28.0
20147,Phillips County,KS,28.0
31073,Gosper County,NE,28.0
20049,Elk County,KS,28.0
29103,Knox County,MO,28.0
30073,Pondera County,MT,28.0
48307,McCulloch County,TX,27.0
31083,Harlan County,NE,27.0
20201,Washington County,KS,27.0
21201,Robertson County,KY,27.0
46025,Clark County,SD,27.0
27073,Lac qui Parle County,MN,27.0
46055,Haakon County,SD,27.0
13239,Quitman County,GA,27.0
20163,Rooks County,KS,27.0
21057,Cumberland County,KY,26.0
31163,Sherman County,NE,26.0
20007,Barber County,KS,26.0
48271,Kinney County,TX,26.0
38043,Kidder County,ND,26.0
22107,Tensas Parish,LA,26.0
27011,Big Stone County,MN,26.0
48095,Concho County,TX,26.0
31065,Furnas County,NE,26.0
48235,Irion County,TX,26.0
48461,Upton County,TX,26.0
17013,Calhoun County,IL,26.0
46023,Charles Mix County,SD,26.0
48151,Fisher County,TX,26.0
46085,Lyman County,SD,25.0
31087,Hitchcock County,NE,25.0
02070,Dillingham Census Area,AK,25.0
35019,Guadalupe County,NM,25.0
30039,Granite County,MT,25.0
13307,Webster County,GA,25.0
20207,Woodson County,KS,25.0
48435,Sutton County,TX,24.0
20181,Sherman County,KS,24.0
31129,Nuckolls County,NE,24.0
38041,Hettinger County,ND,24.0
16071,Oneida County,ID,24.0
31063,Frontier County,NE,24.0
38085,Sioux County,ND,24.0
20067,Grant County,KS,24.0
27069,Kittson County,MN,24.0
46003,Aurora County,SD,24.0
46031,Corson County,SD,23.0
48075,Childress County,TX,23.0
48105,Crockett County,TX,22.0
48413,Schleicher County,TX,22.0
20019,Chautauqua County,KS,22.0
31045,Dawes County,NE,22.0
48417,Shackelford County,TX,22.0
51017,Bath County,VA,22.0
20081,Haskell County,KS,22.0
27155,Traverse County,MN,22.0
48197,Hardeman County,TX,21.0
48243,Jeff Davis County,TX,21.0
40059,Harper County,OK,21.0
20119,Meade County,KS,21.0
38103,Wells County,ND,21.0
42023,Cameron County,PA,21.0
31165,Sioux County,NE,21.0
20189,Stevens County,KS,21.0
38095,Towner County,ND,20.0
20105,Lincoln County,KS,20.0
41025,Harney County,OR,20.0
38029,Emmons County,ND,20.0
38013,Burke County,ND,20.0
38063,Nelson County,ND,20.0
02164,Lake and Peninsula Borough,AK,20.0
30097,Sweet Grass County,MT,20.0
13125,Glascock County,GA,20.0
20047,Edwards County,KS,20.0
32011,Eureka County,NV,20.0
48383,Reagan County,TX,20.0
19159,Ringgold County,IA,20.0
21189,Owsley County,KY,20.0
48129,Donley County,TX,20.0
46111,Sanborn County,SD,20.0
37177,Tyrrell County,NC,19.0
20195,Trego County,KS,19.0
48267,Kimble County,TX,19.0
49033,Rich County,UT,19.0
49055,Wayne County,UT,19.0
26131,Ontonagon County,MI,19.0
20109,Logan County,KS,19.0
31133,Pawnee County,NE,18.0
48333,Mills County,TX,18.0
26095,Luce County,MI,18.0
35023,Hidalgo County,NM,18.0
41023,Grant County,OR,18.0
41055,Sherman County,OR,18.0
17069,Hardin County,IL,18.0
20171,Scott County,KS,18.0
38023,Divide County,ND,18.0
38007,Billings County,ND,18.0
27077,Lake of the Woods County,MN,18.0
13265,Taliaferro County,GA,18.0
38069,Pierce County,ND,18.0
48195,Hansford County,TX,18.0
48295,Lipscomb County,TX,17.0
38021,Dickey County,ND,17.0
29005,Atchison County,MO,17.0
35059,Union County,NM,17.0
20025,Clark County,KS,17.0
54075,Pocahontas County,WV,17.0
46123,Tripp County,SD,16.0
48023,Baylor County,TX,16.0
46137,Ziebach County,SD,16.0
02105,Hoonah-Angoon Census Area,AK,16.0
30025,Fallon County,MT,16.0
20141,Osborne County,KS,16.0
40057,Harmon County,OK,16.0
31049,Deuel County,NE,16.0
30037,Golden Valley County,MT,16.0
31113,Logan County,NE,15.0
30045,Judith Basin County,MT,15.0
31161,Sheridan County,NE,15.0
31135,Perkins County,NE,15.0
46119,Sully County,SD,15.0
32009,Esmeralda County,NV,15.0
48191,Hall County,TX,15.0
29199,Scotland County,MO,15.0
29227,Worth County,MO,14.0
38091,Steele County,ND,14.0
38019,Cavalier County,ND,14.0
20083,Hodgeman County,KS,14.0
46073,Jerauld County,SD,14.0
38031,Foster County,ND,13.0
30051,Liberty County,MT,13.0
31061,Franklin County,NE,13.0
53023,Garfield County,WA,12.0
08033,Dolores County,CO,12.0
46089,McPherson County,SD,12.0
38037,Grant County,ND,12.0
08023,Costilla County,CO,12.0
30107,Wheatland County,MT,12.0
48421,Sherman County,TX,12.0
31007,Banner County,NE,12.0
48087,Collingsworth County,TX,12.0
02195,Petersburg Census Area,AK,12.0
46007,Bennett County,SD,12.0
46071,Jackson County,SD,12.0
48125,Dickens County,TX,12.0
29129,Mercer County,MO,12.0
31175,Valley County,NE,12.0
20153,Rawlins County,KS,11.0
38047,Logan County,ND,11.0
56027,Niobrara County,WY,11.0
38011,Bowman County,ND,11.0
48173,Glasscock County,TX,11.0
20135,Ness County,KS,11.0
48431,Sterling County,TX,11.0
30091,Sheridan County,MT,11.0
31183,Wheeler County,NE,11.0
20063,Gove County,KS,10.0
40025,Cimarron County,OK,10.0
20039,Decatur County,KS,10.0
08115,Sedgwick County,CO,10.0
20023,Cheyenne County,KS,10.0
35011,De Baca County,NM,10.0
20065,Graham County,KS,10.0
02100,Haines Borough,AK,10.0
06003,Alpine County,CA,10.0
30079,Prairie County,MT,10.0
13061,Clay County,GA,10.0
08009,Baca County,CO,10.0
46017,Buffalo County,SD,10.0
46097,Miner County,SD,10.0
