Year,Storm Name,Storm Dates,Time,Reg,Sub Reg,Country,State,Location,Lat,Lon,Surge_m,Surge_ft,Storm_Tide_m,Storm_Tide_ft,Storm_Tide_Waves_m,Storm_Tide_Waves_ft,Datum,Type of Obs,Tropical,Confidence,Surge ID,Storm ID1897,Typhoon of Samar and Leyte,12-Oct,,1,1,PH,,Hernani (Southern Leyte),11.412,125.549,,,7.3,,,,,,Y,3,,1908,Typhoon of October 13 1908,13-Oct,,1,1,PH,,Aparri,18.3597,121.6412,,,3,,,,,,Y,2,,1908,,Sep 17-24,,1,1,PH,,,,,,,2.01,6.6,,,,,Y,3,,1912,Typhoon of Leyte and Cebu,Oct 14-16,,1,1,PH,,,10.3831,124.9819,7,23,,,,,,,Y,2,,1912,Typhoon of Cagayan and Batanes,Sep 27-29,,1,1,PH,,,,,,,3.05,10,,,,,Y,2,,1912,Typhoon of Samar Leyte and Panay,Nov 24-25,,1,1,PH,,,,,,,2.01,6.6,,,,,Y,3,,1914,Typhoon of Samar and Luzon,Jun 15-24,,1,1,PH,,,12.3329,125.2886,,,2.5,,,,,,Y,3,,1916,Typhoon of Biliran and Northern Leyte,Jan 10-16,,1,1,PH,,,11.2384,124.4026,,,2,,,,,,Y,3,,1968,Didang,,,1,1,PH,,Barrio Sulvec - Narvacan - Ilocos Sur (All one location),17.412,120.4591,9.14,30,,,,,,,Y,2,,1970,,,,1,1,PH,,,14.5154,120.3806,,,3.6,,,,,,Y,3,,1970,Typhoon of Sening,Oct 11-15,,1,1,PH,,,17.1903,120.4204,,,3.6,,,,,,Y,3,,1970,,,,1,1,PH,,,13.068,124.1696,,,1.2,,,,,,Y,2,,1972,,,,1,1,PH,,,10.7456,125.0153,,,3,,,,,,Y,3,,1975,Auring,,,1,1,PH,,Tandag Surigao,9.1014,126.1598,1.27,4.15,2.38,7.8,,,,,Y,3,,1979,,,,1,1,PH,,,9.0318,126.2279,,,2.4,,,,,,Y,3,,1981,,,,1,1,PH,,South of Tinambac,13.7823,123.3092,,,4.5,,,,,,Y,2,,1981,,,,1,1,PH,,Near Baler,15.7634,121.5671,,,3.5,,,,,,Y,2,,1981,,,,1,1,PH,,,13.9621,123.4496,,,3,,,,,,Y,2,,1981,,,,1,1,PH,,,13.04,121.4962,,,1.5,,,,,,Y,3,,1981,,,,1,1,PH,,,12.7515,121.4883,,,1.5,,,,,,Y,3,,1983,,,,1,1,PH,,Near Infanta,14.7607,121.6686,,,4.5,,,,,,Y,2,,1983,,,,1,1,PH,,,12.9043,124.1189,,,3,,,,,,Y,2,,1983,,,,1,1,PH,,,14.586,120.5901,,,1.5,,,,,,Y,2,,1984,,,,1,1,PH,,Sarangani Island,9.9228,125.0736,,,4.6,,,,,,Y,3,,1984,,,,1,1,PH,,,11.284,125.1242,,,3.48,,,,,,Y,2,,1985,,,,1,1,PH,,,14.7607,121.6686,,,3.6,,,,,,Y,3,,1990,,Nov 10-14,,1,1,PH,,Catmon Carmen,,,,,2.5,,,,,,Y,2,,2010,Megi,Oct 13-23,,1,1,PH,,Philippines,,,,,,,,,,,Y,,,2011,Nalgae,Sep 27- Oct 5,,1,1,PH,,Philippines,,,,,,,,,,,Y,,,2012,Bopha (Pablo),4-Dec,,1,1,PH,,,,,,,,,,,,,Y,,,2013,Haiyan,8-Nov,,1,1,PH,,Tacloban Airport,11.2245,125.0252,,,6.5,21.33,6.5,21.33,,,Y,2,,2005,Damrey,27-Sep,,1,2,VN,,Vietnam,,,4,13.12,,,,,,,Y,2,,1923,Unnamed,22-Aug,,1,3,CN,,Yinggehai,,,,,3.05,,,,,,Y,,,1948,Unnamed,27-Sep,,1,3,CN,,Haikou,20.0375,110.3173,,,2.8,,,,,,Y,,,1952,China No. 5207,,,1,3,CN,,Wenzhou Fuzhou,,,,,3.88,12.73,,,,,Y,,,1953,China No. 5310,,,1,3,CN,,Haimen,,,1.58,,,,,,,,Y,,,1954,China No. 5408,,,1,3,CN,,North Point/ Quarry Bay Hong Kong,22.2944,114.2033,1.68,5.51,,,,,,,Y,,,1954,China No. 5419,,,1,3,CN,,North Point/ Quarry Bay Hong Kong,22.2944,114.2033,1.16,3.81,,,,,,,Y,,,1956,China No. 5612,,,1,3,CN,,Hanpu,30.1961,120.8208,5.02,16.47,,,,,,,Y,,,1956,China No. 5623,,,1,3,CN,,Dinghai,,,,,2.13,6.99,,,,,Y,,,1957,China No. 5715,,,1,3,CN,,North Point/ Quarry Bay Hong Kong,22.2944,114.2033,1.34,4.4,,,,,,,Y,,,1960,China No. 6003,,,1,3,CN,,North Point/ Quarry Bay Hong Kong,22.2944,114.2033,1.1,3.61,,,,,,,Y,,,1960,China No. 6008,,,1,3,CN,,Mawei,,,,,2.52,8.27,,,,,Y,,,1961,China No. 6126,,,1,3,CN,,Shipu,,,,,1.8,5.91,,,,,Y,,,1962,China No. 6216,,,1,3,CN,,Tai Po Kau Hong Kong,22.4483,114.1781,3.2,10.5,,,,,,,Y,,,1963,China No. 6313,,,1,3,CN,,Xiuying,20.0355,110.288,1.76,5.77,,,,,,,Y,,,1963,China No. 6312,,,1,3,CN,,Haimen Port,31.8628,121.2375,1.36,4.46,,,,,,,Y,,,1963,China No. 6311,7-Sep,,1,3,CN,,Ma Chun Gang,,,,,2.83,,,,,,Y,,,1963,China No. 6306,,,1,3,CN,,Xinghuawan,,,,,2.18,7.15,,,,,Y,,,1964,China No. 6417,,,1,3,CN,,Tai Po Kau Hong Kong,22.4483,114.1781,2.96,9.71,,,,,,,Y,,,1964,China No. 6412,,,1,3,CN,,Tai Po Kau Hong Kong,22.4483,114.1781,2.16,7.09,,,,,,,Y,,,1965,China No. 6508,,,1,3,CN,,Beijingang,,,3.14,10.3,,,,,,,Y,,,1965,China No. 6511,,,1,3,CN,,North Point/Quarry Bay and Tai Po KauHongKong,22.4483,114.1781,1.01,3.31,,,,,,,Y,,,1968,China No. 6809,,,1,3,CN,,Tai Po Kau Hong Kong,22.4483,114.1781,1.78,5.84,,,,,,,Y,,,1969,China No. 6903,28-Jul,,1,3,CN,,Shantou Tide Station Shantou County,,,3.14,10.3,,,,,,,Y,,,1969,China No. 6911,,,1,3,CN,,Meihua,,,1.99,6.53,,,,,,,Y,,,1970,China No. 7013,17-Oct,,1,3,CN,,Gang Beigang,,,,,2.61,,,,,,Y,,,1971,China No. 7114,22-Jul,,1,3,CN,,Shanwei Tide Station Shanwei County,,,1.72,5.64,,,,,,,Y,,,1971,China No. 7126,9-Oct,,1,3,CN,,Sanya Gang,,,1.11,,3.92,,,,,,Y,,,1971,China No. 7115,,,1,3,CN,,Pintan,,,,,2.47,8.1,,,,,Y,,,1972,China No. 7220,8-Nov,,1,3,CN,,Gintan Xiang,,,,,2.69,,,,,,Y,,,1972,China No. 7209,,,1,3,CN,,Haimen,31.8628,121.2375,,,1.9,6.23,,,,,Y,,,1973,China No. 7314,,,1,3,CN,,,,,2.1,,,,,,,,Y,,,1974,China No. 7423,,,1,3,CN,,Tai Po Kau Hong Kong,22.4483,114.1781,1.45,4.76,,,,,,,Y,,,1974,China No. 7422,13-Oct,,1,3,CN,,Gangou Tide Station Huidong County,,,1.14,3.74,,,,,,,Y,,,1974,China No. 7413,,,1,3,CN,,Changjiang,,,,,3.05,10.01,,,,,Y,,,1977,China No. 7707,,,1,3,CN,,Zhenhai,,,1.54,5.05,,,,,,,Y,,,1977,China No. 7708,,,1,3,CN,,Lvsi,31.5008,121.325,,,2.5,8.2,,,,,Y,,,1978,China No. 7815,,,1,3,CN,,Lvsi,31.5008,121.325,0.81,,,,,,,,Y,,,1979,China No. 7909,,,1,3,CN,,Tai Po Kau Hong Kong,22.4483,114.1781,3.23,10.6,,,,,,,Y,,,1979,China No. 7910,,,1,3,CN,,Ningbo,,,,,1.8,5.91,,,,,Y,,,1980,China No. 8007,,,1,3,CN,,Nandu tide gage Leizhou Guangdong Province,20.8953,110.1714,5.94,19.49,,,,,,,Y,,,1981,China No. 8114,,,1,3,CN,,Ningbo,,,2.18,,,,,,,,Y,,,1981,China No. 8104,,,1,3,CN,,Xiamen,,,0.57,,,,,,,,Y,,,1982,China No. 8211,,,1,3,CN,,Lvsi,31.5008,121.325,1.2,3.94,,,,,,,Y,,,1983,China No. 8310,,,1,3,CN,,Lvsi,31.5008,121.325,2.13,,,,,,,,Y,,,1983,China No. 8309,,,1,3,CN,,Tai Po Kau Hong Kong,22.4483,114.1781,1.74,5.71,,,,,,,Y,,,1983,China No. 8304,,,1,3,CN,,Xiamen,24.4675,118.0675,,,1.79,5.87,,,,,Y,,,1985,China No. 8521 (Dot),,,1,3,CN,,Qinglan,,,,,1.7,,,,,,Y,,,1986,China No. 8616,,,1,3,CN,,Nandu,20.8953,110.1714,3.52,11.55,,,,,,,Y,,,1986,China No. 8609,,,1,3,CN,,Shituupu,,,1.17,3.84,,,,,,,Y,,,1989,China No. 8908,18-Jul,,1,3,CN,,Sanzhao,,,2.6,8.53,,,,,,,Y,,,1989,China No. 8923,,,1,3,CN,,Haimen,31.8628,121.2375,1.46,4.79,,,,,,,Y,,,1989,China No. 8928,14-Oct,,1,3,CN,,Dong Fang,,,0.83,,1.04,,,,,,Y,,,1990,China No. 9018 (Dot),,,1,3,CN,,Wenzhou,27.8386,120.8486,2.41,7.91,,,,,,,Y,,,1990,China No. 9016 (Becky),,,1,3,CN,,Bozi,,,,,2.84,,,,,,Y,,,1991,China No. 9111,,,1,3,CN,,Nandu,20.8953,110.1714,3.84,12.6,,,,,,,Y,,,1991,China No. 9106 (Zeke),,,1,3,CN,,Qinglan,,,,,1.81,,,,,,Y,,,1992,China No. 9216,,,1,3,CN,,Rujan,,,2.03,6.66,,,,,,,Y,,,1992,China No. 9205,,,1,3,CN,,Qinglan,19.5403,110.8201,1.15,3.77,1.83,,,,,,Y,,,1993,China No. 9316,17-Sep,,1,3,CN,,Nansha,22.7492,113.6128,2.7,8.86,,,,,,,Y,,,1993,China No. 9302,27-Jun,,1,3,CN,,Huangjin Tide Station Doumen County,,,2.48,8.14,,,,,,,Y,,,1993,China No. 9315,14-Sep,,1,3,CN,,Haimen Tide Station Chaoyang County,31.8628,121.2375,1.97,6.46,,,,,,,Y,,,1994,China No. 9417 (Fred),,,1,3,CN,,Wenzhou,27.8386,120.8486,2.69,8.83,,,,,,,Y,,,1994,Doug,,,1,3,CN,,Lungtung Harbor,25.0981,121.9172,3,9.84,,,,,,,Y,,,1996,China No. 9608,,,1,3,CN,,Meihua,,,2.25,7.38,,,,,,,Y,,,1996,China No. 9618,,,1,3,CN,,Xiuying,,,,,1.83,6,,,,,Y,,,1997,China No. 9711,,,1,3,CN,,Jianitiao,,,2.61,8.56,,,,,, ,Y,,,1997,China No. 9712,,,1,3,CN,,North Point/ Quarry Bay Hong Kong,22.2944,114.2033,1.01,3.31,,,,,,,Y,,,1999,China No. 9914,,,1,3,CN,,Lvsi,31.5008,121.325,2.5,8.2,,,,,,,Y,,,2000,China No. 0016 (Wukong),,,1,3,CN,,Wachang,,,,,1.77,,,,,,Y,,,2001,China No. 0104,,,1,3,CN,,Dong Xikou,,,2.65,8.69,,,,,,,Y,,,2002,China No. 0216,,,1,3,CN,,Pipamen Tide Station,,,2.3,7.55,,,,,,,Y,,,2003,China No. 0312,,,1,3,CN,,Nandu Tide Station,20.8953,110.1714,3.66,12.01,,,,,,,Y,,,2003,China No. 0307,24-Jul,,1,3,CN,,Beijin Harbor Tide Station Yangjiang County,,,3.19,10.47,,,,,,,Y,,,2003,China No. 0313,,,1,3,CN,,Dongxikou,,,1.7,5.58,,,,,,,Y,,,2005,China No. 0518 (Damrey),,,1,3,CN,,Qinglan,19.5378,110.8153,1.52,4.99,,,,,,,Y,,,2006,Saomai,,,1,3,CN,,Pipamen Tide Station,,,3.3,10.83,,,,,,,Y,,,2010,Fanapi,,,1,3,CN,,Taiwan,,,,,,,,,,,Y,,,2012,Vicente,Jul 20-24,,1,3,CN,,,,,,,,,,,,,Y,,,2012,Tembin,Aug 19-30,,1,3,CN,,,,,,,,,,,,,Y,,,2012,Son Tinh,Oct 23-29,,1,3,CN,,,,,,,,,,,,,Y,,,1997,Winnie,19-Aug,,1,4,KR,,Kunsan,,,0.6,,8.05,,,,,,Y,,,2003,Maemi,12-Sep,,1,4,KR,,Masan Port Masan City South Korea,,,2.3,7.55,,,,,,,Y,2,,2010,Kompasu,Aug 30- Sep 2,,1,4,KR,,,,,,,,,,,,,Y,,,2012,Bolaven,Aug 20-28,,1,4,KR,,,,,,,,,,,,,Y,,,2012,Sanba,Sep 10-17,,1,4,KR,,,,,,,,,,,,,Y,,,1911,Unnamed,,,1,5,JP,,Tokyo,35.647,139.761,2.08,6.82,,,,,,,Y,,,1917,Unnamed,,,1,5,JP,,Tokyo,35.647,139.761,2.3,7.55,,,,,,,Y,,,1938,Unnamed,,,1,5,JP,,Tokyo,35.647,139.761,1.94,6.36,,,,,,,Y,,,1949,Kitty,31-Aug,,1,5,JP,,Tokyo,35.647,139.761,1.41,4.63,,,,,,,Y,,,1958,Alice,,,1,5,JP,,Tokyo,35.647,139.761,1.13,3.71,,,,,,,Y,,,1959,Isewan (Vera),,,1,5,JP,,Isewan Harbor,35.0214,136.7794,3.5,11.48,,,,,,,Y,,,1960,Mamie,,,1,5,JP,,,,,,,,,,,,,Y,,,1970,Anita,,,1,5,JP,,Katasurahama,33.4974,133.5752,2,,,,,,,,Y,,,1981,Thad,August,,1,5,JP,,Hakodate,41.7699,140.719,0.72,2.4,,,,,,,Y,,,1991,9119 (Mireille),,,1,5,JP,,NW coast of the Suoh Sea,34.0137,131.1459,,,,,,,,,Y,,,1999,Bart,,,1,5,JP,,Yatsushiro Bay,32.6405,130.6512,3.5,11.48,,,,,,,Y,,,2004,Chaba,30-Aug,,1,5,JP,,Himeji Japan,34.7825,134.6664,1.57,5.15,,,,,,,Y,3,,2005,Nabi (T0514),6-Sep,,1,5,JP,,Tokuyama Tide Station,,,1.1,,,,,,,,Y,,,2011,Ma On,Jul 11-22,,1,5,JP,,,,,,,,,,,,,Y,,,2012,Jelawat,Sep 20-30,,1,5,JP,,,,,,,,,,,,,Y,,,2012,Sanba,Sep 10-17,,1,5,JP,,,,,,,,,,,,,Y,,,1960,Ophelia,21 Nov- 06 Dec,,1,6,FM,,Ulithi Federated States of Micronesia,,,1.83,6,,,,,,,Y,2,,1893,Unnamed,,,2,1,AU,NSW,Lennox Head,-28.7994,153.5956,4,13.12,,,,,,,Y,1,,1990,Nancy,4-Feb,,2,1,AU,NSW,Newcastle,,,0.47,,0.32,,,,Australian Height Datum,Tide Gauge,Y,3,,1923,Douglas Mawson,30-Mar,,2,1,AU,NT,Emerald River Mission Groote Eylandt,-14,136.7619,6.6,21.65,,,,,Astronomical Tide,,Y,3,,1931,Unnamed,Apr,,2,1,AU,NT,Groote Eylandt,-14.1756,136.7111,,,6.7,21.98,,,Mean Sea Level,,Y,2,,1931,Unnamed,Jan,,2,1,AU,NT,Groote Eylandt,-13.9961,136.4183,,,4.6,15.09,,,Mean Sea Level,,Y,2,,1940,Unnamed,Mar,,2,1,AU,NT,Mission Station Groote Eylandt,-14.0158,136.7678,1.22,4,,,,,,,Y,1,,1948,Unnamed,Mar,,2,1,AU,NT,Vanderlin Island,-15.7544,137.0753,3.7,12.14,1.8,,,,High Water Springs,,Y,1,,1974,Tracy,Dec 21-25,,2,1,AU,NT,Fannie Bay,-12.4249,130.8346,,,2,,4,,,Field Evidence,Y,2,,1984,Kathy,Mar 16-24,,2,1,AU,NT,East coast of Vanderlin Island,-15.6947,137.0801,4.2,13.78,,,,,,,Y,,,1984,Jim,Mar 5-9,,2,1,AU,NT,S of Roper River,-14.8803,135.4192,3,9.84,,,,,,,Y,,,1985,Sandy,Mar 18-24,,2,1,AU,NT,Centre Island,-15.6886,136.7844,3.5,11.48,,,,,,,Y,,,1998,Thelma,Dec 1-14,,2,1,AU,NT,Milikapiti (Snake Bay) Tiwi Islands,-11.4183,130.6739,,,3.5,,,,,,Y,2,,2001,Winsome,10-Feb,,2,1,AU,NT,Milner Bay,,,1.27,,2.02,,,,Australian Height Datum,Tide Gauge,Y,2,,2003,Craig,Mar 7-12,,2,1,AU,NT,Cobourg Peninsula & Goulbourn Is.,-11.4558,132.2372,2.5,8.2,,,,,,,Y,2,,2005,Ingrid,Mar 6-17,,2,1,AU,NT,Drysdale Island,-11.6575,136.0475,,,3,,,,,,Y,2,,2006,Monica,Apr 17-25,,2,1,AU,NT,Junction Bay,-11.9183,133.9325,,,6,19.68,,,,Evidence on landscape,Y,2,,2010,Paul,Mar 22- Apr 10,,2,1,AU,NT,Milner Bay Tide Gauge on Groote Eylandt,-13.8601,136.4156,1,3.28,,,,,,Tide Gauge,Y,2,,1858,Unnamed,,,2,1,AU,QLD,Green Island,,,,,2,,,,,,Y,1,,1884,Unnamed,,,2,1,AU,QLD,Bowen,-20.0186,148.2483,3.1,10.17,,,,,,,Y,2,,1887,Unnamed,,,2,1,AU,QLD,Albert R Heads (near Burketown),-17.575,139.7603,,,5.5,18.04,,,Highest Spring Tide Level,,Y,2,,1891,Unnamed,8-Jun,,2,1,AU,QLD,Brisbane,,,,,1.8,,,,,,Y,3,,1894,Unnamed,19-Feb,,2,1,AU,QLD,Brisbane,,,,,1.6,,,,,,Y,3,,1896,Sigma,,,2,1,AU,QLD,Townsville,-19.2508,146.8169,2.5,8.2,4,,,,,,Y,2,,1899,Mahina,,,2,1,AU,QLD,Barrow Point Bathurst Bay,-14.3664,144.5951,13.7,44.95,13,,,,,,Y,2,,1903,Leonta,9-Mar,,2,1,AU,QLD,Cairns,,,,,2.5,,,,,,Y,1,,1918,Unnamed,Mar,,2,1,AU,QLD,Maria Creek,-17.8097,146.0803,4.65,15.26,3,,,,High Water,,Y,3,,1918,Unnamed,Jan,,2,1,AU,QLD,Mackay,-21.1581,149.2017,3.7,12.14,,,7.6,,,,Y,3,,1920,Unnamed,4-Feb,,2,1,AU,QLD,Cairns,-16.9083,145.7661,1.75,5.74,,,,,,,Y,,,1928,Unnamed,16-Jun,,2,1,AU,QLD,Brisbane,,,,,1.7,,,,,,Y,2,,1931,Unnamed,5-Feb,,2,1,AU,QLD,Brisbane,,,0.95,,,,,,,,Y,2,,1934,Unnamed,,,2,1,AU,QLD,Bailey Creek,-16.1992,145.4428,9.1,29.86,,,,,,,Y,2,,1934,Unnamed,1-Feb,,2,1,AU,QLD,Brisbane,-27.3636,153.1347,1.2,3.94,,,,,,,Y,,,1941,Unnamed,3-Apr,,2,1,AU,QLD,Cairns,,,0.55,,,,,,,,Y,2,,1945,Unnamed,17-Mar,,2,1,AU,QLD,Cairns,,,0.85,,,,,,,,Y,2,,1946,Unnamed,2-Mar,,2,1,AU,QLD,Cairns,,,0.75,,,,,,,,Y,2,,1947,Unnamed,23-Jan,,2,1,AU,QLD,Brisbane,,,0.55,,,,,,,,Y,2,,1948,Unnamed,12-Jan,,2,1,AU,QLD,Cairns,,,0.55,,,,,,,,Y,2,,1948,Unnamed,25-Feb,,2,1,AU,QLD,Bentinck Island,-17.0342,139.5481,,,3.7,12.14,,,Normal High Tide,,Y,,,1948,Unnamed,28-Jan,,2,1,AU,QLD,Brisbane,,,,,1.8,,,,,,Y,3,,1949,Unnamed,2-Mar,,2,1,AU,QLD,Gladstone,,,1.25,,2.2,,,,,,Y,2,,1950,Unnamed,15-Jan,,2,1,AU,QLD,Cairns,,,0.5,,,,,,,,Y,3,,1950,Unnamed,18-Jan,,2,1,AU,QLD,Brisbane,,,,,1.8,,,,,,Y,3,,1954,Unnamed,,,2,1,AU,QLD,Beachmere,-27.1314,153.0539,2,6.56,,,,,,,Y,,,1956,Agnes,5-Mar,,2,1,AU,QLD,Mackay,-21.1531,149.2033,1.4,4.59,,,,,,,Y,,,1957,Clara,17-Feb,,2,1,AU,QLD,Brisbane,,,0.55,,,,,,,,Y,2,,1958,Unnamed,1-Apr,,2,1,AU,QLD,Bowen,-20.0228,148.2431,1.5,4.92,,,,,,,Y,,,1962,Unnamed,31-Dec,,2,1,AU,QLD,Brisbane,,,0.8,,,,,,,,Y,2,,1964,Audrey,11-Jan,,2,1,AU,QLD,Karumba,-17.4814,140.8389,1.5,4.92,,,,,Astronomical Tide,,Y,2,,1964,Unnamed,7-Dec,,2,1,AU,QLD,Palm Island,,,0.6,,,,,,,,Y,,,1964,Dora,,,2,1,AU,QLD,Edward River,-14.5958,141.5539,,,3.4,,,,Low Water Neaps,,Y,,,1967,Elaine,14-Mar,,2,1,AU,QLD,Cairns,,,0.5,,,,,,,,Y,3,,1967,Dinah,,,2,1,AU,QLD,Sandgate,-27.3168,153.0718,,,3,9.84,,,,Estimation based on water above ground elevation,Y,2,,1971,Althea,Dec 19-24,Low Tide,2,1,AU,QLD,Townsville,,,2.9,9.51,,,,,,,Y,2,,1971,Fiona,20-22 Feb,,2,1,AU,QLD,Bundaberg,,,0.9,,,,,,,,Y,,,1971,Gertie,16-Feb,,2,1,AU,QLD,Cardwell and Lindeman Island,,,0.6,,,,,,,,Y,3,,1972,Emily,2-Apr,,2,1,AU,QLD,Gladstone and Bundaberg,,,0.9,,,,,,,,Y,2,,1973,Una,19-Dec,,2,1,AU,QLD,Bowen,,,0.7,,,,,,,,Y,3,,1974,Wanda,No dates in BOM,,2,1,AU,QLD,Between Noosa and Double Island Pt.,-26.1814,153.0894,1,3.28,,,,,,,Y,,,1974,Zoe,12-Mar,,2,1,AU,QLD,Caloundra,-26.8078,153.1253,1,3.28,,,,,,,Y,,,1974,Pam,7-Feb,,2,1,AU,QLD,Brisbane,,,0.7,,,,,,,,Y,3,,1976,Ted,19-Dec,,2,1,AU,QLD,Karumba,,,2,6.56,3.6,,,,,,Y,2,,1976,David,19-Jan,,2,1,AU,QLD,Rosslyn Bay,-23.1667,150.7806,1.2,3.94,,,,,,,Y,,,1978,Peter,Dec 29- Jan 2 '79,,2,1,AU,QLD,Weipa,-12.6794,141.8847,1.2,3.94,2.3,,,,,,Y,,,1979,Kerry,1-Mar,,2,1,AU,QLD,Mackay,,,0.7,2.3,,,,,,,Y,3,,1981,Eddie,Feb 8-13,,2,1,AU,QLD,Wentworth Station,-16.9928,139.0801,1.5,4.92,,,,,,,Y,,,1981,Cliff,14-Feb,,2,1,AU,QLD,Urangan,,,0.6,1.97,,,,,,,Y,3,,1982,Dominic,Apr,,2,1,AU,QLD,Weipa,,,0.95,3.12,,,,,,,Y,2,,1986,Winifred,1-Feb,,2,1,AU,QLD,Clump Point,,,1.8,5.91,1.7,,,,,,Y,2,,1987,Jason,Feb 6-13,,2,1,AU,QLD,Karumba,,,2,6.56,3.1,,,,,,Y,2,,1989,Felicity,15-Dec,,2,1,AU,QLD,Gilbert River,-16.4778,141.3072,2.4,7.87,,,,,,,Y,,,1989,Aivu,Apr 1-5,,2,1,AU,QLD,Bowen,,,1.2,,2.3,,,,,,Y,2,,1990,Joy,24-Dec,,2,1,AU,QLD,Port Douglas,,,0.5,,,,,,,,Y,2,,1992,Fran,16-Mar,,2,1,AU,QLD,Burnett,-24.7753,152.4211,1,3.28,2.1,,,,,,Y,,,1992,Mark,8-Jan,,2,1,AU,QLD,Karumba,,,0.8,,,,,,,,Y,3,,1992,Nina,25-Dec,,2,1,AU,QLD,Weipa,,,0.7,,3.2,,,,,,Y,2,,1992,Betsy,14-Jan,,2,1,AU,QLD,Urangan,,,0.6,,,,,,,,Y,3,,1993,Roger,17-Mar,,2,1,AU,QLD,Gold Coast Seaway,,,0.7,1.3,,,,,,,Y,2,,1995,Warren,Mar 4-6,,2,1,AU,QLD,Karumba,-17.4572,140.8275,1.5,4.92,,,,,,,Y,,,1996,Ethel,Mar 7-13,,2,1,AU,QLD,Weipa,-12.6675,141.8622,1.18,3.87,,,,,,,Y,,,1996,Barry,Jan 4-7,,2,1,AU,QLD,S of Staatan River mouth,-16.1942,141.3681,,,4,13.12,,,,Field survey by helicopter,Y,,,1997,Mackay,10-Mar,,2,1,AU,QLD,Mackay,,,0.78,2.56,,,,,,,Y,2,,2000,Steve,27-Feb,,2,1,AU,QLD,Cairns,,,0.78,,0.71,,,,Australian Height Datum,Tide Gauge,Y,3,,2005,Ingrid,Mar 6-17,,2,1,AU,QLD,60 km south of the Lockhart River township,-13.3208,143.5253,2.5,8.2,,,,,,,Y,3,,2006,Monica,Apr 17-25,,2,1,AU,QLD,Approximately 55-60 km SSE of Lockhart River,-13.2614,143.5169,3,9.84,,,,,,,Y,,,2006,Larry,Mar 17-20,,2,1,AU,QLD,Bingil Bay Australia,-17.8339,146.0997,,,,,5,16.4,,Debris Line,Y,,,2011,Yasi,2-Feb,,2,1,AU,QLD,Cardwell,-18.2637,146.0262,5.33,17.49,,,,,,,Y,2,,1880,Unnamed,,,2,1,AU,WA,Yammadery Bank (Just NW of Onslow),-21.6319,115.1097,,,,,7.6,24.93,High Water Mark,,Y,2,,1882,Unnamed,,,2,1,AU,WA,Twin Islands outside Cossack,-20.4925,117.2189,,,,,9.2,30.18,,,Y,2,,1925,Unnamed,Jan,,2,1,AU,WA,Roebourne,-20.7692,117.1464,6.05,19.85,,,,,,,Y,3,,1937,Unnamed,,,2,1,AU,WA,Road from Hamelin Pool to Denham,-26.2172,113.7701,,,5.5,,,,,,Y,,,1939,Unnamed,Jan,,2,1,AU,WA,Port Hedland,-20.3086,118.5792,,,5.7,18.7,,,Australian Height Datum (AHD),,Y,2,,1939,Unnamed,,,2,1,AU,WA,Port Hedland,-20.3086,118.5792,4.5,14.76,,,,,,,Y,,,1942,Unnamed,Mar,,2,1,AU,WA,Port Hedland,-20.3083,118.5986,2,6.56,,,,,,,Y,3,,1956,Unnamed,Feb-Mar,,2,1,AU,WA,Port Hedland,-20.3033,118.5942,2.4,7.87,,,,,,,Y,3,,1958,Unnamed,Mar,,2,1,AU,WA,Onslow,,,2,6.56,,,,,,,Y,1,,1961,Unnamed No. 5,25-Jan,,2,1,AU,WA,Onslow,-21.6397,115.1167,,,2.5,,,,Highest Tide Level,,Y,,,1966,Unnamed,Mar,,2,1,AU,WA,Port Hedland,-20.3097,118.5772,1.2,3.94,,,,,,,Y,,,1973,Kerry,Jan 19-24,,2,1,AU,WA,Port Hedland,-20.3028,118.6258,2.06,,3.81,,,,Australian Height Datum,Tide Gauge,Y,1,,1975,Trixie,Feb 15-22,,2,1,AU,WA,Beadon Creek,-21.6487,115.1313,,,3,,,,,Low Water Mark,Y,2,,1975,Joan,Nov 30- Dec 10,,2,1,AU,WA,Port Hedland,-20.3086,118.5792,2.6,8.53,,,,,,,Y,,,1978,Alby,Mar 27- Apr 4,,2,1,AU,WA,Bunbury,-33.3314,115.6278,1.57,5.15,1.76,,,,Australian Height Datum,Tide Gauge,Y,,,1979,Hazel,13-Mar,,2,1,AU,WA,Carnarvon,,,1.19,3.9,1.65,,,,Australian Height Datum,Tide Gauge,Y,3,,1987,Connie,Jan 15-20,,2,1,AU,WA,Port Hedland,-20.3086,118.5792,2,6.56,,,,,,,Y,,,1988,Herbie,May 18-19,,2,1,AU,WA,Denham,-25.9289,113.5344,2,6.56,,,,,,,Y,,,1988,Charlie,Feb-29,,2,1,AU,WA,Shute Harbour and Mackay,,,0.6,1.97,,,,,,,Y,2,,1989,Orson,Apr 17-24,,2,1,AU,WA,Dampier,-20.6619,116.7028,3.1,10.17,,,,,,,Y,,,1992,Ian,Feb 27- Mar 3,,2,1,AU,WA,Barrow Island,-20.7094,115.4622,1.6,5.25,,,,,,,Y,,,1994,Annette,Dec 15-19,,2,1,AU,WA,Just NE of Mandora Station (near Broome),-19.6953,120.8075,4,13.12,,,,,,,Y,,,1995,Bobby,Feb 21-27,,2,1,AU,WA,King Bay about 30 km w of Karratha,-20.7828,116.6744,1.3,4.27,,,,,,,Y,,,1997,Rachel,Jan 3-8,1500 WST,2,1,AU,WA,Port Hedland Harbour,-20.3142,118.5733,1.25,4.1,,,,,,,Y,3,,1998,Les,29-Jan,,2,1,AU,WA,Wyndham,,,1.47,,4,,,,Australian Height Datum,Tide Gauge,Y,3,,1999,Vance,Mar 18-24,,2,1,AU,WA,West of Onslow near Tubridgi Point,-21.8017,114.7383,,,5.5,18.04,,,,Field observations,Y,,,1999,John,Dec 9-16,,2,1,AU,WA,Port Hedland,-20.3086,118.5801,2,6.56,,,,,,,Y,,,2000,Rosita,Apr 17-21,,2,1,AU,WA,N side of dunes approx 7km W of Thangoo Station,-18.1972,122.2592,,,,,6,19.68,,Debris Line,Y,,,2002,Chris,Feb 2-7,,2,1,AU,WA,West of Wallal,-19.8475,120.4097,3.5,11.48,,,,,,,Y,,,2005,Ingrid,Mar 6-17,,2,1,AU,WA,Faraway Bay Resort NE of Kalumburu,-13.8958,127.0644,,,3,,,,,,Y,2,,2006,Glenda,Mar 27-31,,2,1,AU,WA,King Bay,-20.7622,116.6242,1.5,4.92,5.8,,,,,,Y,,,1987,Sally,Dec 26- Jan 05,,2,3,CK,,Rarotonga Cook Islands,-21.2058,-159.7747,5,16.4,,,,,,,Y,,,1941,Unnamed,,,2,3,FJ,,Southern Viti Levu Island,-18.2317,178.1742,1.8,5.91,,,,,,,Y,,,1979,Meli,24-31 Mar,,2,3,FJ,,Nayau Island,-17.9594,-179.0508,3,9.84,,,,,,,Y,,,1983,Oscar,23 Feb- 06 Mar,,2,3,FJ,,Beqa Island Fiji,-18.4075,178.1033,4,13.12,,,,,,,Y,,,1985,Hina,11-20 Mar,,2,3,FJ,,Southern Viti Levu Island,-18.1767,177.5919,1,3.28,,,,,,,Y,,,1997,Gavin,,,2,3,FJ,,Lautoka Wharf,-17.604,177.4389,2.78,9.12,,,,,,,Y,,,2010,Tomas,Mar 11-17,,2,3,FJ,,Lau Island Group,,,7,,,,,,,,Y,,,1983,Veena,08-14 Apr,,2,3,FR,,Tikehau Atoll Tuamotu Archipelago (France),-14.9319,-148.2228,4,13.12,,,,,,,Y,2,,2005,Percy,26-Feb,,2,3,NZ,,Nukunonu atoll in Tokelau (NZ),-9.2003,-171.8492,2,6.56,,,,,,,Y,1,,1906,Unnamed,,,2,3,PF,,Papeete French Polynesia,-17.5358,-149.5692,2.25,7.38,,,,,,,Y,,,1933,Unnamed,,,2,3,PF,,Austral Islands,-23.3433,-149.4728,1.5,4.92,,,,,,,Y,,,1970,Emma,27 Feb- 06 Mar,,2,3,PF,,Bora-Bora - French Polynesia,-16.5006,-151.7522,3,9.84,,,,,,,Y,,,2002,Zoe,26 Dec- 01 Jan,,2,3,SB,,Tikopia and Anuta,,,5.5,18.04,,,,,,,Y,,,1982,Isaac,,,2,3,TO,,Togatapu Island - Tonga,,,2.8,9.19,,,,,,,Y,,,1971,Bebe,,,2,3,TV,,Funafuti Atoll - Tuvalu,-8.5036,179.1967,4,13.12,,,,,,,Y,,,2004,Heta,5-Jan,,2,3,WS,,Apia,,,,,1.4,,,,,,Y,,,2012,Evan,Dec 11-19,,2,3,WS,,Apia Bay,-13.8294,-171.7703,4.5,14.76,,,,,,,Y,,,1876,Unnamed,Oct 27- Nov 1,,3,1,BD,,Bangladesh,,,,,13.7,,,,,,Y,,,1958,Unnamed,Oct 21-24,,3,1,BD,,Bangladesh,22.4717,91.7064,,,1.8,5.91,,,,,Y,,,1960,Unnamed,Oct 30-31,,3,1,BD,,Bangladesh,21.8011,91.9022,,,9.1,29.86,,,,,Y,,,1960,Unnamed,Oct 7-10,,3,1,BD,,Bangladesh,22.0817,90.9094,,,6.1,20.01,,,,,Y,,,1961,Unnamed,May 6-9,,3,1,BD,,Bangladesh,22.0933,91.0494,,,8.8,28.87,,,,,Y,,,1961,Unnamed,May 27-30,,3,1,BD,,Bangladesh,22.2308,91.7961,,,8.8,28.87,,,,,Y,,,1963,Unnamed,May 25-29,,3,1,BD,,Bangladesh,22.5161,91.6917,,,9.1,29.86,,,,,Y,,,1965,Unnamed,May 31-Jun 1,,3,1,BD,,Bangladesh,22.1144,90.8001,,,7.6,24.93,,,,,Y,,,1965,Unnamed,May 10-12,,3,1,BD,,Bangladesh,21.7675,89.4458,,,5.8,19.03,,,,,Y,,,1965,Unnamed,Dec 11-15,,3,1,BD,,Bangladesh,21.6667,91.8631,,,3.9,12.8,,,,,Y,,,1966,Unnamed,Sep 27-Oct 1,,3,1,BD,,Bangladesh,21.6692,89.2589,,,9.6,31.5,,,,,Y,,,1967,Unnamed,Oct 10-11,,3,1,BD,,Bangladesh,21.8278,90.2386,,,8.8,28.87,,,,,Y,,,1967,Unnamed,Oct 22-24,,3,1,BD,,Bangladesh,20.6619,92.4628,,,7.6,24.93,,,,,Y,,,1968,Unnamed,May 8-10,,3,1,BD,,Bangladesh,20.0592,93.3328,,,4.6,15.09,,,,,Y,,,1969,Unnamed,10-Oct,,3,1,BD,,Bangladesh,21.6114,88.9994,,,7.3,23.95,,,,,Y,,,1970,Chittagong Cyclone,11-13 Nov,,3,1,BD,,North of Chittagong,22.4436,91.7181,,,9.1,29.86,,,,,Y,,,1970,Unnamed,May 5-7,,3,1,BD,,Bangladesh,21.0872,92.1247,,,4.9,16.08,,,,,Y,,,1971,Unnamed,6-Nov,,3,1,BD,,Bangladesh,22.2308,91.7961,,,6.1,20.01,,,,,Y,,,1971,Unnamed,30-Sep,,3,1,BD,,Bangladesh,21.6214,88.4142,,,5,16.4,,,,,Y,,,1971,Unnamed,8-May,,3,1,BD,,Bangladesh,21.2686,92.0486,,,5,16.4,,,,,Y,,,1973,Unnamed,9-Dec,,3,1,BD,,Bangladesh,21.8547,89.7631,,,5.1,16.73,,,,,Y,,,1973,Unnamed,18-Nov,,3,1,BD,,Bangladesh,22.8033,91.4414,,,4.3,14.11,,,,,Y,,,1974,Unnamed,15-Aug,,3,1,BD,,Bangladesh,21.5094,87.1167,,,7.1,23.29,,,,,Y,,,1974,Unnamed,28-Nov,,3,1,BD,,Bangladesh,22.5653,91.0336,,,5.3,17.39,,,,,Y,,,1976,Unnamed,21-Oct,,3,1,BD,,Bangladesh,22.0558,91.8751,,,5.3,17.39,,,,,Y,,,1981,Unnamed,10-Dec,,3,1,BD,,Bangladesh,21.6003,88.2431,,,2.2,7.22,,,,,Y,,,1985,Unnamed,25-May,,3,1,BD,,Bangladesh,21.7433,91.2892,,,4.5,16.4,,,,,Y,,,1989,Unnamed,29-Nov,,3,1,BD,,Bangladesh,,,,,3.3,,,,,,Y,,,1991,Chittagong Cyclone - Cyclone Gorky,19-Apr,,3,1,BD,,Bangladesh,22.3531,91.7561,7.6,24.93,8.2,,,,,,Y,,,2007,Sidr,15-Nov,,3,1,BD,,Outlet of the Baleswar River,21.7228,89.4003,5.75,,,,,,,,Y,,,1737,Unnamed,October,,3,1,IN,,Sunderbans (storm crossed coast at mouth of Hooghly River),,,12,,,,,,,,Y,,,1864,Unnamed,Oct,,3,1,IN,,Calcutta and Surroundings,,,12,,,,,,,,Y,,,1885,False Point Cyclone,Sept,,3,1,IN,,North Orissa,,,7,22,,,,,,,Y,,,1952,Unnamed,November,,3,1,IN,,South Coromandal Coast and Northern Shores of Palk Bay,,,3,,,,,,,,Y,,,1964,Rameswaram,Dec,,3,1,IN,,India,10.3144,79.3811,,,5,16.4,,,,,Y,,,1971,Unnamed,30-Oct,,3,1,IN,,India,21.2305,86.8522,,,5,16.4,,,,,Y,,,1976,Unnamed,25-Nov,,3,1,IN,,Visakhapatam,17.6229,83.2291,,,0.22,0.72,,,,,Y,,,1977,Andhra Cyclone,19-Nov,,3,1,IN,,Just southwest of Machilipatnam (near Divi Island),16.0589,81.1636,,,5,16.4,,,Mean Sea Level,,Y,,,1978,Unnamed,4-Nov,,3,1,IN,,Chennai,,,,,0.2,,,,,,Y,,,1981,Unnamed,7-Aug,,3,1,IN,,Paradip,20.2821,86.6711,,,0.43,,,,,,Y,,,1982,Orissa Cyclone,3-Jun,,3,1,IN,,Dharma Port,20.8169,86.9686,,,3.5,11.48,,,,,Y,,,1984,Unnamed,1-Aug,,3,1,IN,,Paradip,20.2821,86.6711,,,0.4,,,,,,Y,,,1986,Unnamed,12-Aug,,3,1,IN,,Visakhapatam,17.6229,83.2291,,,1.8,,,,,,Y,,,1989,Kavali Cyclone,2-9 Nov,,3,1,IN,,Near Kottapatnam,15.4319,80.1734,4,,,,,,,,Y,,,1990,Andhra or Divi Cyclone,9-May,,3,1,IN,,Andhra Pradesh just SW of Krishna River,15.8783,80.7247,,,4.5,,,,,,Y,,,1992,Tuticorin Cyclone,11-17 Nov,,3,1,IN,,East of Tuticorin Tamil Nadu,8.9639,78.2131,,,1.5,4.92,,,,,Y,,,1993,Karaikal Cyclone,2-4 Dec,,3,1,IN,,North of Karaikal,10.9951,79.8539,,,1,3.28,,,,,Y,,,1996,Kakinada Cyclone,1-7 Nov,,3,1,IN,,Near Kakinada,16.953,82.2689,4.1,,,,,,,,Y,,,1999,Orissa Cyclone,Oct,,3,1,IN,,Near Paradip India,20.2769,86.6678,7.5,,,,,,,,Y,,,2010,Laila,May 17-21,,3,1,IN,,,,,,,,,,,,,Y,,,2010,Jal,Nov 4-7,,3,1,IN,,,,,,,,,,,,,Y,,,2011,Thane,Dec 25-30,,3,1,IN,,Cuddalore Puducherry and Villuparam,11.9359,79.8372,,,1,3.28,,,,,Y,,,1975,Bassein Cyclone,4-8 May,,3,1,MM,,Pegu,16.5844,94.3439,,,5,16.4,,,,,Y,,,1982,Gwa,,,3,1,MM,,Between Gwa and Pathein,17.1931,94.5264,4,13.12,,,,,,,Y,,,2006,Mala,,,3,1,MM,,South of Gwa,17.3944,94.5697,4,13.12,,,,,,,Y,,,2008,Nargis,,,3,1,MM,,Pyinsalu Myanmar,15.8204,94.8115,,,5,,,,,,Y,,,2010,Giri,Oct 21-22,,3,1,MM,,Myanmar,,,,,,,,,,,Y,,,1975,Porbandar Cyclone,October,,3,2,IN,,Just north of Porbandar India,21.669,69.5462,2.8,,,,,,,,Y,,,1998,Kandla,June,,3,2,IN,,India,22.9901,70.2244,2.5,,,,,,,,Y,,,2007,Gonu,Jun 2-7,,3,2,OM,,Ras al-Hadd,22.529,59.7983,,,,,5,,,,Y,,,2010,Phet,May 31- Jun 6,,3,2,OM,,Oman,,,,,,,,,,,Y,,,1999,Karachi Cyclone,May,,3,2,PK,,,,,,,,,,,,,Y,,,2001,Unnamed,May,,3,2,PK,,South of Kori Creek,23.4359,68.529,1,3.28,,,,,,,Y,,,2011,Bingiza,14-Feb,,4,1,MG,,Near Manambolosy,-16.0278,49.6783,3.5,11.48,,,,,,,Y,1,,2012,Giovanna,Feb 9-21,,4,1,MG,,,,,,,,,,,,,Y,,,2012,Funso,Jan 19-28,,4,2,MO,,Mozambique,,,,,,,,,,,Y,,,1880,Unnamed,Aug 04-14,,5,1,US,TX,Near South Padre Island Under the Bluff,26.172,-97.1733,2.44,8,,,,,,,Y,2,2,21886,–Indianola”,Aug 12-21,,5,1,US,TX,Indianola,28.5181,-96.4953,4.57,15,,,,,,,Y,3,20.2,201886,Unnamed,Oct 8-13,,5,1,US,LA,Johnson's Bayou,29.7632,-93.7001,,,3.66,12,,,,,Y,3,22,221886,Unnamed,Jun 13-15,,5,1,US,TX,Sabine Pass,29.6833,-94.0333,,,2.13,7,,,,,Y,3,16,161886,Unnamed,Sep 16-24,,5,1,US,TX,Indianola,28.5181,-96.4953,,,1.83,6,,,,,Y,2,21,211888,Unnamed,Oct 8-12,,5,1,US,FL,Cedar Key,29.1363,-83.0373,2.74,9,,,,,,,Y,3,33,331888,Unnamed,Aug 14-24,,5,1,US,AL,Mobile,30.6949,-88.04,,,1.79,5.87,,,,,Y,1,30.2,301893,–Cheniere Caminada”,Sep 27- Oct 5,,5,1,US,LA,Cheniere Caminada (W of Grand Isle),29.2097,-90.0506,,,4.88,16,,,,,Y,3,48,481894,Unnamed,Oct 1-12,,5,1,US,AL,Fort Morgan,30.2328,-87.9534,,,1.52,5,,,,,Y,1,51,511895,Unnamed,Aug 22-30,,5,1,US,TX,Velasco,28.9557,-95.357,,,1.22,4,,,,,Y,1,53,531896,Unnamed,Sep 22-30,,5,1,US,FL,Cedar Key,29.1397,-83.0419,3.05,10,,,,,,,Y,3,59,591896,Unnamed,Jul 4-12,,5,1,US,FL,Pensacola,30.4212,-87.22,1.52,5,,,,,,,Y,2,58,581897,Unnamed,Sep 10-13,,5,1,US,TX,Sabine Pass,29.7194,-93.8639,,,1.83,6,,,,,Y,3,61.2,611899,Unnamed,Jul 28- Aug 2,,5,1,US,FL,Carrabelle,29.8439,-84.6644,1.22,4,,,,,,,Y,2,70.2,701900,–Galveston”,Aug 27- Sep 15,,5,1,US,TX,Galveston,29.2889,-94.7894,,,6.1,20,,,,,Y,3,73.2,731901,Unnamed,Aug 2-18,,5,1,US,AL,Mobile,30.6775,-88.0381,,,2.5,8.2,,,,,Y,3,78.3,781901,Unnamed,Aug 2-18,,5,1,US,LA,Port Eads,29.0169,-89.1708,,,2.44,8,,,,,Y,3,78.2,781901,Unnamed,Jul 1-10,,5,1,US,TX,Galveston,29.2889,-94.7894,,,1.37,4.5,,,,,Y,2,77,771903,Unnamed,Sep 9-16,,5,1,US,FL,Apalachicola,29.7209,-84.9811,,,3.05,10,,,,,Y,3,85.2,851906,Unnamed,Sep 19-30,,5,1,US,FL,Galt Santa Rosa County,30.3575,-86.9997,,,4.27,14,,,,,Y,3,92,921909,–Grand Isle”,Sep 13-22,,5,1,US,LA,Sea Breeze (Mouth of Bayou Terrebonne/ Terr Bay),29.2542,-90.5914,,,4.57,15,,,,,Y,3,103,1031909,–Velasco”,Jul 13-22,,5,1,US,TX,Galveston and Velasco,29.1081,-95.0881,,,3.05,10,,,,,Y,3,101,1011909,Unnamed,Jun 25-30,,5,1,US,TX,S Padre Island,26.1119,-97.1644,,,2.13,7,,,,,Y,3,99,991910,Unnamed,Oct 9-23,,5,1,US,FL,Key West,24.5456,-81.8025,,,4.57,15,,,,,Y,3,107,1071911,Unnamed,Aug 8-14,,5,1,US,FL,Pensacola,30.4212,-87.22,,,0.3,1,,,,,Y,1,108,1081912,Unnamed,Oct 11-18,,5,1,US,TX,Point Isabel,26.0785,-97.2065,,,1.83,6,,,,,Y,3,110,1101912,Unnamed,Sep 10-15,,5,1,US,AL,Mobile,30.6775,-88.0381,,,1.34,4.4,,,,,Y,3,109,1091913,Unnamed,Jun 21-29,,5,1,US,TX,Galveston,29.2811,-94.8258,,,0.43,1.4,,,,,Y,,111,1111915,–New Orleans”,Sep 21- Oct 1,,5,1,US,LA,Southeastern LA S of New Orleans,29.5797,-89.9017,,,5.18,17,,,,,Y,2,115,1151915,–Galveston”,Aug 5-23,,5,1,US,TX,GLS seawall (Galveston?),29.2889,-94.7894,,,4.72,15.5,,,,,Y,3,113,1131915,Carrabelle,Aug 31- Sep 6,,5,1,US,FL,Carrabelle,29.8458,-84.6621,,,2.13,7,,,,,Y,3,114,1141916,Unnamed,Oct 9-19,,5,1,US,AL,Mobile,30.6775,-88.0381,1.22,4,,,,,,,Y,2,121,1211916,Unnamed,Jun 28- Jul 10,,5,1,US,AL,Mobile,30.6775,-88.0381,,,3.54,11.6,,,,,Y,3,117,1171916,Unnamed,Aug 12-20,,5,1,US,TX,Corpus Christi,27.7997,-97.3911,,,2.8,9.2,,,,,Y,3,119,1191917,Unnamed,Sep 20-30,,5,1,US,FL,Fort Barrancas,30.3451,-87.2975,,,2.38,7.8,,,,,Y,2,123,1231918,Unnamed,Aug 1-7,,5,1,US,LA,Morgan City,29.6886,-91.2081,,,0.91,3,,,,,Y,1,124,1241919,Unnamed,Sep 2-16,,5,1,US,TX,W shore Nueces Bay (near Corpus Christi),27.8612,-97.4837,,,4.88,16,,,,,Y,2,126.2,1261919,Unnamed,Sep 2-16,,5,1,US,FL,Cow Key,24.5597,-81.7397,,,4.27,14,,,,,Y,2,126.1,1261920,Unnamed,Sep 16-23,,5,1,US,MS/ LA,Lake Borgne and Mississippi Sound,30.2625,-89.3939,,,1.83,6,,,,,Y,3,127,1271920,Unnamed,Sep 25-30,,5,1,US,FL,Tampa,27.9403,-82.4601,,,1.52,5,,,,,Y,3,128,1281921,–Tampa Bay”,Oct 20-30,,5,1,US,FL,Tampa,27.9403,-82.4601,,,3.2,10.5,,,,,Y,3,130,1301921,Unnamed,Jun 16-26,,5,1,US,TX,West Bay (N side of W Galveston Island),29.2199,-94.949,,,2.13,7,,,,,Y,3,129,1291923,Unnamed,Oct 12-17,,5,1,US,MS,Biloxi,30.3922,-88.8836,,,2.44,8,,,,,Y,3,135,1351923,Unnamed,Oct 16-21,,5,1,US,FL,Apalachicola,29.7208,-84.9811,,,1.37,4.5,,,,,Y,1,136,1361924,Unnamed,Sep 27- Oct 1,,5,1,US,FL,Cedar Key,29.1397,-83.0419,,,1.37,4.5,,,,,Y,1,139,1391926,Unnamed,Aug 22-27,,5,1,US,LA,Houma,,,,,,15,,,,,Y,2,145,1451926,–Great Miami”,Sep 11-22,,5,1,US,FL,Bagdad,30.5969,-87.0281,,,4.27,14,,,,,Y,4,146.2,1461926,Great Miami,Sep 11-22,,5,1,US,FL,Fort Myers and Punta Rosa,26.6367,-81.8811,,,3.66,12,,,,,Y,2,146.1,1461929,Unnamed,Sep 22- Oct 4,,5,1,US,FL,Key Largo,25.1848,-80.3885,,,2.68,8.8,,,,,Y,2,155.1,1551929,Unnamed,Jun 27-29,,5,1,US,TX,Seadrift/ San Antonio Bay,28.4086,-96.7181,,,2.13,7,,,,,Y,2,154,1541931,Unnamed,Jul 11-17,,5,1,US,MS,Mississippi Coast,30.3652,-89.0882,,,1.83,6,,,,,Y,2,158,1581932,Unnamed,Aug 26- Sep 4,,5,1,US,AL,Heron Bay,30.3547,-88.1303,,,1.98,6.5,,,,,Y,1,160.2,1601932,–Freeport”,Aug 12-15,,5,1,US,TX,Galveston,29.2889,-94.7894,,,1.52,5,,,,,Y,2,159,1591933,Unnamed,Aug 28- Sep 05,,5,1,US,TX,South Padre Island,26.1119,-97.1644,,,3.96,13,,,,,Y,2,170.2,1701933,Unnamed,Jun 27- Jul 7,,5,1,US,TX,Port Isabel,26.0775,-97.2056,,,1.22,4,,,,,Y,1,166,1661934,Unnamed,Jul 21-26,,5,1,US,TX,Galveston Island,29.2889,-94.7894,,,2.13,7,,,,,Y,2,175.2,1751934,Unnamed,Jun 4-21,,5,1,US,LA,Between Grand Isle and Vermillion Bay,29.2554,-90.8349,,,0.91,3,,,,,Y,3,174,1741935,–Labor Day”,Aug 29- Sep 10,,5,1,US,FL,Lower Matecumbe - Ferry Slip/ Camp 3,24.8516,-80.7375,,,5.49,18,,,,,Y,3,178.1,1781935,Labor Day,Aug 29- Sep 10,,5,1,US,FL,Cedar Key,29.1397,-83.0419,,,1.52,5,,,,,Y,2,178.2,1781936,Unnamed,Jul 26-27,,5,1,US,LA,Grand Isle,29.2633,-89.9873,0.61,2,,,,,,,Y,3,184,1841936,Unnamed,Jul 27- Aug 1,,5,1,US,FL,Fort Walton Beach Panama City Valparaiso,30.3014,-86.0828,,,1.83,6,,,,,Y,3,185.2,1851936,Unnamed,Jul 27- Aug 1,,5,1,US,FL,Everglades City,25.8456,-81.3878,,,1.68,5.5,,,,,Y,3,185.1,1851938,Unnamed,Aug 10-15,,5,1,US,LA,Cameron and Vermillion Parishes,29.5953,-92.6301,,,1.52,5,,,,,Y,3,194,1941939,Unnamed,Jun 12-17,,5,1,US,AL,Mobile,,,,,1.1,3.6,,,,,Y,2,199,1991940,Unnamed,Aug 2-11,,5,1,US,LA,Frenier,30.1075,-90.4231,,,1.95,6.4,,,,,Y,3,202,2021941,Unnamed,Sep 16-25,,5,1,US,TX,Matagorda,28.6881,-95.9658,,,3.35,11,,,,,Y,3,205,2051941,Unnamed,Oct 3-14,,5,1,US,FL,St. Marks,30.1519,-84.2089,,,2.44,8,,,,,Y,3,206.2,2061941,Unnamed,Oct 3-14,,5,1,US,FL,Everglades City,25.8456,-81.3878,,,1.25,4.1,,,,,Y,3,206.1,2061941,Unnamed,Sep 11-16,,5,1,US,LA,Cameron Parish,29.74,-93.33,,,0.99,3.25,,,,,Y,1,204,2041942,Unnamed,Aug 21-31,,5,1,US,TX,Matagorda and Port Lavaca,28.6419,-96.3225,,,4.48,14.7,,,,,Y,3,209,2091942,Unnamed,Aug 17-23,,5,1,US,TX,High Island,29.5506,-94.3858,,,2.13,7,,,,,Y,3,208,2081943,Unnamed,Sep 15-20,,5,1,US,LA,HWY 11 near Chef Menteur,30.1275,-89.8672,,,1.83,6,,,,,Y,2,212,2121943,Unnamed,Jul 25-29,,5,1,US,TX,Galveston,29.2889,-94.7894,,,1.22,4,,,,,Y,2,211,2111944,Unnamed,Oct 12-23,,5,1,US,FL,Naples,26.1401,-81.8075,,,3.66,12,,,,,Y,3,215,2151945,Unnamed,Aug 24-29,,5,1,US,TX,Port Lavaca,28.6122,-96.6203,,,4.57,15,,,,,Y,3,218,2181945,Unnamed,Jun 20- Jul 1,,5,1,US,FL,Tampa (Garcia Avenue Bridge- now Eugene Holtsinger),27.9597,-82.4681,,,1.52,5,,,,,Y,1,216,2161946,Unnamed,Oct 5-14,,5,1,US,FL,Punta Gorda to Bradenton,27.1292,-82.4728,,,1.83,6,,,,,Y,3,224,2241947,Unnamed,Sep 4-21,,5,1,US,MS,Bay Saint Louis,30.3025,-89.3308,,,4.63,15.2,,,,,Y,3,229.2,2291947,Unnamed,Sep 4-21,,5,1,US,FL,Everglades City,25.8456,-81.3878,,,1.43,4.7,,,,,Y,2,229.1,2291947,Unnamed,Aug 18-27,,5,1,US,TX,Galveston (entrance of Galveston Channel),29.3356,-94.7703,,,1.22,4,,,,,Y,1,228,2281948,Unnamed,Sep 1-7,,5,1,US,MS,MS Coast,30.3931,-88.9303,,,1.83,6,,,,,Y,3,235,2351948,Unnamed,Sep 18-25,,5,1,US,FL,Key West,24.5472,-81.7853,,,1.83,6,,,,,Y,2,236,2361949,Unnamed,Sep 27- Oct 6,,5,1,US,TX,Houston Ship Channel (Harrisburg),29.6878,-94.9922,,,3.47,11.4,,,,,Y,2,241,2411949,Unnamed,Sep 3-5,,5,1,US,LA,Mandeville,30.3528,-90.0689,,,1.46,4.8,,,,,Y,3,239,2391950,King,Oct 13-19,,5,1,US,FL,Bahia Honda (bridge) E of Big Pine Key,24.6547,-81.2817,,,2.74,9,,,,,Y,2,245,2451950,Easy,Sep 1-9,,5,1,US,FL,Clearwater to Sarasota,27.5094,-82.7211,,,2.44,8,,,,,Y,2,243,2431950,Baker,Aug 20- Sep 1,,5,1,US,FL,Apalachicola,29.7208,-84.9811,,,2.07,6.8,,,,,Y,3,242,2421953,Florence,Sep 23-28,,5,1,US,FL,Panacea,30.0225,-84.3858,1.98,6.5,,,,,,,Y,3,254,2541955,TS Brenda,Jul 31- Aug 03,,5,1,US,MS,MS Coast,30.3931,-88.9303,,,1.83,6,,,,,Y,3,259,2591955,Gladys,Sep 4-6,,5,1,US,TX,Corpus Christi Bay,27.7997,-97.3911,,,1.37,4.5,,,,,Y,2,261,2611955,TS #5,Aug 23-30,,5,1,US,LA,Shell Beach,29.8551,-89.6786,,,1.1,3.6,,,,,Y,3,260,2601956,Flossy,Sep 21-30,,5,1,US,LA,Ostrica Lock,29.3683,-89.5297,,,3.96,13,,,,,Y,3,265.1,2651956,Flossy,Sep 21-30,,5,1,US,FL,Laguna Beach,30.2386,-85.9244,,,2.26,7.4,,,,,Y,3,265.2,2651956,TS #1,Jun 12-15,,5,1,US,MS,Biloxi,30.3922,-88.8836,,,1.43,4.7,,,,,Y,3,263,2631957,Audrey,Jun 25-29,,5,1,US,LA,Oak Grove Ridge,29.7697,-93.4525,,,4.24,13.9,,,,,Y,2,267,2671957,Esther,Sep 16-19,,5,1,US,MS,MS Coast,30.3931,-88.9303,,,1.52,5,,,,,Y,1,270,2701957,Bertha,Aug 8-11,,5,1,US,LA,West end of Vermillion Bay,29.7451,-92.1075,,,1.43,4.7,,,,,Y,3,268,2681957,Debbie,Sep 7-9,,5,1,US,FL,Apalachee Bay,30.1033,-84.0442,,,1.22,4,,,,,Y,3,269,2691957,TS #1,Jun 8-15,,5,1,US,FL,Sarasota to Cedar Key,,,,,0.91,3,,,,,Y,3,266,2661958,Ella,Aug 30- Sep 6,,5,1,US,TX,Port Isabel Coast Guard Station/ S. Padre Is.,,,,,1.22,4,,,,,Y,2,272.2,2721958,Alma,Jun 14-16,,5,1,US,TX,S Padre Island,,,,,0.88,2.9,,,,,Y,4,271,2711958,Ella,Aug 30- Sep 6,,5,1,US,FL,Key West,,,,,0.61,2,,,,,Y,3,272.1,2721959,Irene,Oct 6-9,,5,1,US,FL,Cedar Key,29.1397,-83.0419,1.22,4,,,,,,,Y,3,277,2771959,Judith,Oct 17-21,,5,1,US,FL,Naples,,,0.91,3,,,,,,,Y,3,278,2781959,Debra,Jul 23-28,,5,1,US,TX,Morgan Point,29.6731,-94.9878,,,2.41,7.9,,,,,Y,3,276,2761959,Arlene,May 28- Jun 2,,5,1,US,LA,Pt. Au Fer,29.3667,-91.3833,,,0.91,3,,,,,Y,3,274,2741959,Beulah,Jun 15-18,,5,1,US,TX,Lower Texas Coast,,,,,0.91,3,,,,,Y,2,275,2751960,Donna,Aug 29- Sep 14,,5,1,US,FL,Upper Matecumbe Key,24.9133,-80.6353,,,4.11,13.5,,,,,Y,2,280,2801960,Ethel,Sep 14-17,,5,1,US,LA,Quarantine Bay,29.3825,-89.5189,,,2.13,7,,,,,Y,3,281,2811960,TS #1,Jun 22-29,,5,1,US,TX,Corpus Christi Bay,27.7842,-97.3929,,,1.07,3.5,,,,,Y,4,279,2791961,Carla,Sep 3-16,,5,1,US,TX,Port Lavaca,28.6122,-96.6203,,,6.71,22,,,,,Y,2,282,2821963,Cindy,Sep 16-20,,5,1,US,LA,Near Mouth of Calcasieu River,29.7622,-93.3442,,,1.83,6,,,,,Y,2,284,2841964,Dora,Aug 28- Sep 16,,5,1,US,FL,Yankeetown,29.0186,-82.7264,1.83,6,,,,,,,Y,3,287,2871964,Hilda,Sep 28- Oct 5,,5,1,US,LA,Houma Navigation Canal,29.2357,-90.6712,,,2.99,9.8,,,,,Y,2,288,2881964,Isbell,Oct 8-17,,5,1,US,FL,Key West,24.5453,-81.8108,,,1.37,4.5,,,,,Y,2,289,2891964,Abby,Aug 5-8,,5,1,US,TX,Matagorda to Freeport,28.8044,-95.5483,,,1.22,4,,,,,Y,2,285,2851964,Cleo,Aug 20- Sep 5,,5,1,US,FL,Tampa,27.941,-82.4573,,,0.4,1.3,,,,,Y,2,286,2861965,TS #1,Jun 11-18,,5,1,US,FL,Apalachicola (in vicinity),29.7208,-84.9811,1.83,6,,,,,,,Y,2,290,2901965,Betsy,Aug 27- Sep 13,,5,1,US,LA,Bohemia (East Landside),29.545,-89.7565,,,4.79,15.7,,,,,Y,3,291.2,2911965,Betsy,Aug 27- Sep 13,,5,1,US,FL,North Key Largo,25.2646,-80.3018,,,2.74,9,,,,,Y,3,291.1,2911965,Debbie,Sep 24-30,,5,1,US,LA,Industrial Canal in New Orleans,30.0157,-90.0292,,,1.83,6,,,,,Y,2,292,2921966,Alma,Jun 4-14,,5,1,US,FL,New Port Richey to Cedar Key,28.9078,-82.6911,2.59,8.5,,,,,,,Y,2,293.2,2931966,Inez,Sep 21- Oct 11,,5,1,US,FL,Big Pine Key,24.6719,-81.3397,1.52,5,,,,,,,Y,2,294.1,2941966,Alma,Jun 4-14,,5,1,US,FL,Fort Myers Beach,26.4501,-81.9497,,,1.52,5,,,,,Y,3,293.1,2931966,Inez,Sep 21- Oct 11,,5,1,US,TX,Corpus Christi,27.7858,-97.3942,,,,3.1,,,,,Y,2,294.2,2941967,Beulah,Sep 5-22,,5,1,US,TX,Near South Padre Is/ Deer Is Boundary,26.4,-97.2217,5.49,18,,,,,,,Y,2,295,2951968,Candy,Jun 22-26,,5,1,US,TX,Palacios (Matagorda County),28.6983,-96.2151,1.37,4.5,,,,,,,Y,3,298,2981968,Gladys,Oct 13-21,,5,1,US,FL,Between Clearwater and Bayport,28.3801,-82.7056,,,1.98,6.5,,,,,Y,2,299,2991968,Abby,Jun 1-13,,5,1,US,FL,Everglades City,25.8456,-81.3878,,,1.71,5.6,,,,,Y,2,297,2971969,Camille,Aug 14-22,,5,1,US,MS,Pass Christian,30.3158,-89.2475,,,7.5,24.6,,,,,Y,2,300,3001970,Becky,Jul 19-23,,5,1,US,FL,Apalachicola to St. Marks,29.914,-84.524,0.91,3,,,,,,,Y,2,303,3031970,Ella,Sep 8-13,,5,1,US,TX,South Padre Island,26.1119,-97.1683,0.46,1.5,,,,,,,Y,2,305,3051970,Celia,Jul 31- Aug 5,,5,1,US,TX,Ingleside on the Bay,27.8604,-97.2417,,,3.47,11.4,,,,,Y,3,304,3041970,Felice,Sep 12-17,,5,1,US,TX,Galveston Channel,29.3091,-94.7937,,,0.61,2,,,,,Y,2,306,3061971,Edith,Sep 5-18,,5,1,US,LA,Cypremort Point,29.7161,-91.8772,,,2.96,9.7,,,,,Y,2,308.2,3081971,Fern,Sep 3-13,,5,1,US,TX,Freeport,28.9439,-95.3094,,,1.83,6,,,,,Y,3,309,3091971,Edith,Sep 5-18,,5,1,US,TX,South Padre Island,26.1119,-97.1683,,,0.76,2.5,,,,,Y,2,308.1,3081972,Agnes,Jun 14-23,,5,1,US,FL,Cedar Key,29.1363,-83.0373,2.13,7,,,,,,,Y,3,310,3101973,Delia,Sep 1-7,,5,1,US,TX,Baytown,29.7335,-94.9781,,,1.98,6.5,,,,,Y,3,311,3111974,Carmen,Aug 29- Sep 10,,5,1,US,LA,Cocodrie,29.2453,-90.6633,3.2,10.5,,,,,,,Y,2,313,3131975,Eloise,Sep 13-24,,5,1,US,FL,Dune Allen Beach,30.3494,-86.2431,,,5.55,18.2,,,,,Y,2,315,3151975,Caroline,Aug 24- Sep 1,,5,1,US,TX,Ranger Station at Padre Island near Corpus Christi,27.4772,-97.2738,,,1.14,3.75,,,,,Y,2,314,3141977,Babe,Sep 3-9,,5,1,US,LA,Bayou Petit Caillou,29.1627,-90.6537,,,2.64,8.66,,,,,Y,2,318,3181977,Anita,Aug 29- Sep 3,,5,1,US,TX,Port Isabel Coast Guard Station/ S. Padre Is.,26.0728,-97.1669,,,1.68,5.5,,,,,Y,2,317,3171978,Debra,Aug 26-29,,5,1,US,LA,West of Atchafalaya Bay through Vermillion Bay,29.7452,-91.6683,1.74,5.7,,,,,,,Y,2,321,3211979,Frederic,Aug 29- Sep 15,,5,1,US,AL,Near Orange Beach (Gulf Side),30.2654,-87.598,,,4.66,15.3,,,,,Y,3,326.2,3261979,Bob,Jul 9-16,,5,1,US,MS,Gulfport and Harrison County CD,30.3614,-89.0928,,,1.92,6.3,,,,,Y,3,322,3221979,Claudette,Jul 15-29,,5,1,US,TX,Sabine Coast Guard Station,29.7286,-93.8708,,,1.37,4.5,,,,,Y,2,323,3231979,Elena,Aug 30- Sep 2,,5,1,US,TX,Galveston Texas City Baytown,29.381,-94.8892,,,0.99,3.25,,,,,Y,2,325,3251979,David,Aug 25- Sep 8,,5,1,US,FL,Islamorada and Key West USCG,24.9235,-80.6261,,,0.61,2,,,,,Y,3,324,3241980,Jeanne,Nov 7-16,,5,1,US,TX,Texas Coast (South),26.4653,-97.2442,1.22,4,,,,,,,Y,2,329,3291980,Danielle,Sep 4-7,,5,1,US,TX/ LA,Upper Texas & Southwest Louisiana coast,29.6804,-93.8394,0.91,3,,,,,,,Y,2,328,3281980,Allen,Jul 31- Aug 11,,5,1,US,TX,Port Mansfield on Laguna Madre,26.5553,-97.4233,,,3.66,12,,,,,Y,3,327,3271982,Chris,Sep 9-12,,5,1,US,LA,Cameron Parish,29.7608,-93.5625,,,1.68,5.5,,,,,Y,2,332,3321983,Barry,Aug 23-29,,5,1,US,TX,South Texas Coast,26.0768,-97.157,0.61,2,,,,,,,Y,2,334,3341983,Alicia,Aug 15-21,,5,1,US,TX,San Luis Pass (West Bay Side),29.0898,-95.1213,,,3.85,12.63,,,,,Y,3,333,3331985,Kate,Nov 15-23,,5,1,US,FL,Cape San Blas,29.6689,-85.3275,3.35,11,,,,,,,Y,3,340.2,3401985,Elena,Aug 28- Sep 4,,5,1,US,FL,Near Apalachicola,29.7191,-85.0717,3.05,10,,,,,,,Y,2,338.2,3381985,Juan,Oct 26- Nov 1,,5,1,US,LA,Bayou Bienvenue,30.0038,-89.8576,2.5,8.2,,,,,,,Y,3,339,3391985,Elena,Aug 28- Sep 4,,5,1,US,FL,Key West,,,0.6,1.97,,,,,,,Y,2,338.1,3381985,Danny,Aug 12-20,,5,1,US,LA,South Central Louisiana Coast,29.5875,-92.1469,,,2.44,8,,,,,Y,2,337,3371986,Bonnie,Jun 23-28,,5,1,US,TX,Sabine Pass,29.6833,-94.0333,1.58,5.2,,,,,,,Y,3,341,3411987,Floyd,Oct 9-14,,5,1,US,FL,Lower and Middle Keys,24.6481,-81.4164,1.22,4,,,,,,,Y,2,343,3431988,Florence,Sep 7-11,,5,1,US,LA,Bayou Bienvenue,30.0038,-89.8576,1.83,6,2.29,7.5,,,,,Y,3,345,3451988,Gilbert,Sep 8-20,,5,1,US,TX,S Padre Island,26.0733,-97.1547,1.83,6,,,,,,,Y,3,346,3461988,Keith,Nov 17-26,,5,1,US,FL,Bradenton,27.4994,-82.5737,1.83,6,,,,,,,Y,3,347,3471988,Beryl,Aug 8-10,,5,1,US,LA,Bayou Bienvenue,30.0038,-89.8576,1.68,5.5,,,,,,,Y,3,344,3441989,Allison,Jun 24- Jul 1,,5,1,US,TX,Port Arthur/ Beaumont (WSO),29.865,-93.9353,0.9,2.95,,,,,,,Y,3,348,3481989,Chantal,Jul 30- Aug 3,,5,1,US,TX,High Island,29.5506,-94.3858,,,2.13,7,,,,,Y,3,349,3491989,Jerry,Oct 12-16,,5,1,US,TX,Baytown,29.7219,-95.0075,,,2.13,7,,,,,Y,2,350,3501990,Marco,Oct 9-13,,5,1,US,FL,Sanibel Island,26.4375,-82.0386,0.76,2.5,,,,,,,Y,3,351,3511992,Andrew,Aug 16-28,,5,1,US,FL,North Highland Beach,25.4977,-81.2006,,,4,13.12,,,,,Y,2,353.1,3531992,Andrew,Aug 16-28,,5,1,US,LA,Bay Couteau,29.2305,-90.6693,,,3.1,10.17,,,,,Y,2,353.2,3531993,Arlene,Jun 18-21,,5,1,US,TX,Palacios (PSX),28.6984,-96.2162,,,1.37,4.5,,,,,Y,2,354,3541994,Beryl,Aug 14-19,,5,1,US,FL,Apalachicola,29.7267,-84.9817,0.88,2.9,,,,,,,Y,3,356,3561994,Alberto,Jun 30- Jul 7,,5,1,US,FL,Okaloosa Island to Destin,30.3897,-86.5497,,,1.52,5,,,,,Y,2,355,3551994,Gordon,Nov 8-21,,5,1,US,FL,Upper FL Keys,25.0108,-80.5139,,,1.22,4,,,,,Y,2,357,3571995,Allison,Jun 3-11,,5,1,US,FL,Wakulla through Dixie Counties,29.9801,-83.8086,2.44,8,,,,,,,Y,2,358,3581995,Opal,Sep 27- Oct 6,,5,1,US,FL,Hollywood Beach,30.2594,-85.9697,,,4.42,14.5,,,,,Y,2,363,3631995,Erin,Jul 31- Aug 6,,5,1,US,FL,Navarre Beach,30.3793,-86.8625,,,2,6.56,,,,,Y,2,360,3601995,Jerry,Aug 22-28,,5,1,US,FL,Florida West Coast,28.7547,-82.6444,,,0.46,1.5,,,,,Y,2,362,3621996,Lili,Oct 14-29,,5,1,US,FL,Florida Keys,24.5617,-81.6811,1.83,6,,,,,,,Y,2,366,3661996,Josephine,Oct 4-8,,5,1,US,FL,Suwannee,29.3226,-83.1437,,,2.83,9.3,,,,,Y,3,365,3651997,Danny,Jul 16-27,,5,1,US,LA,Grand Isle,29.2366,-89.9873,,,1.65,5.4,,,,,Y,2,367,3671998,Earl,Aug 31- Sep 8,,5,1,US,FL,Franklin Wakulla Jefferson and Taylor Counties,29.8053,-84.7333,2.44,8,,,,,,,Y,2,369,3691998,Georges,Sep 15- Oct 1,,5,1,US,MS,Mississippi Coast,30.3911,-88.9737,,,3.7,12.14,,,,,Y,2,371.2,3711998,Frances,Sep 8-13,,5,1,US,TX,Matagorda Locks and Sargeant Swing Bridge,28.6803,-95.9801,,,2.44,8,,,,,Y,2,370,3701998,Georges,Sep 15- Oct 1,,5,1,US,FL,Florida Keys,24.5594,-81.6847,,,2.3,7.55,,,,,Y,2,371.1,3711998,Charley,Aug 21-24,,5,1,US,TX,Galveston Pleasure Pier,29.285,-94.7883,,,1.5,4.92,,,,,Y,3,368,3681998,Mitch,Oct 22- Nov 9,,5,1,US,FL,Lower Florida Keys,24.5572,-81.7092,,,1.22,4,,,,,Y,2,373,3731999,Irene,Oct 12-19,,5,1,US,FL,Vaca Key,24.7117,-81.105,0.6,1.97,,,,,,,Y,2,376,3761999,Bret,Aug 18-25,,5,1,US,TX,Port Mansfield Pass,26.5628,-97.2764,,,2.13,7,,,,,Y,2,374,3741999,Harvey,Sep 19-22,,5,1,US,FL,Charlotte County,26.8778,-82.0632,,,0.76,2.5,,,,,Y,2,375,3752000,Gordon,Sep 14-21,,5,1,US,FL,Bellair Beach,27.9232,-82.8444,1.52,5,,,,,,,Y,2,378,3782000,Helene,Sep 15-25,,5,1,US,FL,Panama City Beach Pensacola Beach Destin Airport,30.3968,-86.4709,0.3,1,,,,,,,Y,3,379,3792001,Gabrielle,Sep 11-21,,5,1,US,FL,Charlotte and Lee Counties,26.7696,-82.0615,2,6.56,,,,,,,Y,2,383,3832001,Allison,Jun 5-19,,5,1,US,TX,Galveston Island (Western Region),29.1813,-94.9717,0.91,3,,,,,,,Y,2,381,3812001,Michelle,Oct 29- Nov 6,,5,1,US,FL,Florida Keys,24.661,-81.3566,0.91,3,,,,,,,Y,2,384,3842001,Barry,Aug 2-8,,5,1,US,FL/ LA,Bay and Walton Counties FL/ SE LA,30.3339,-86.185,,,0.91,3,,,,,Y,2,382,3822002,Isidore,Sep 14-27,,5,1,US,LA,Rigolets,30.1733,-89.7274,2.53,8.3,,,,,,,Y,3,388,3882002,Fay,Sep 5-11,,5,1,US,TX,TX coast,28.8303,-95.4981,0.91,3,,,,,,,Y,2,386,3862002,Bertha,Aug 4-9,,5,1,US,MS,Waveland,30.325,-89.325,0.65,2.12,,,,,,,Y,3,385,3852002,Lili,Sep 21- Oct 4,,5,1,US,LA,Crewboat Channel (Calumet),29.5742,-91.4206,,,3.75,12.3,,,,,Y,2,389,3892002,Hanna,Sep 12-15,,5,1,US,MS,Gulfport Harbor,30.3614,-89.0928,,,1.55,5.1,,,,,Y,3,387,3872003,Bill,Jun 28- Jul 3,,5,1,US,LA,Bayou Bienvenue,30.0038,-89.8576,1.69,5.54,,,,,,,Y,2,390,3902003,Grace,Aug 30- Sep 2,,5,1,US,TX,Galveston Island,29.2906,-94.7866,0.61,2,,,,,,,Y,2,393,3932003,Claudette,Jul 7-17,,5,1,US,TX,Freeport USGS,28.9211,-95.3869,,,2.79,9.15,,,,,Y,2,391,3912004,Ivan,Sep 2-24,,5,1,US,FL/ AL,Destin FL to Mobile AL,30.3422,-87.3106,4.57,15,,,,,,,Y,2,398.1,3982004,Matthew,Oct 8-11,,5,1,US,LA,Frenier (NWS),30.1076,-90.4268,1.78,5.85,,,,,,,Y,3,400,4002004,Jeanne,Sep 13-29,,5,1,US,FL,Cedar Key,29.1363,-83.0373,1.07,3.5,,,,,,,Y,2,399,3992004,Bonnie,Aug 3-14,,5,1,US,FL,Cedar Key (NOS),29.135,-83.0317,0.58,1.9,1.59,5.21,,,,,Y,3,395,3952004,Ivan,Sep 2-24,,5,1,US,LA,Calcasieu Pass- East Jetty,29.7683,-93.3433,0.52,1.7,,,,,,,Y,2,398.2,3982004,Charley,Aug 9-15,,5,1,US,FL,Fort Myers Beach,26.4506,-81.9496,,,2.87,9.4,,,,,Y,3,396,3962004,Frances,Aug 25- Sep 10,,5,1,US,FL,Pinellas County,27.8044,-82.807,,,1.83,6,,,,,Y,2,397,3972005,Arlene,Jun 8-14,,5,1,US,FL,Walton County,30.3339,-86.185,1.52,5,,,,,,,Y,3,401,4012005,Katrina,Aug 23-31,,5,1,US,FL,Extreme SW Florida,25.1294,-81.0369,1.22,4,,,,,,,Y,2,405.1,4052005,Dennis,Jul 4-18,,5,1,US,FL,McKay Bay (Entrance),27.9133,-82.425,1.03,3.38,1.48,4.84,,,,,Y,3,403.1,4032005,Katrina,Aug 23-31,,5,1,US,MS,Hancock County EOC,30.2721,-89.376,,,8.53,28,,,,,Y,2,405.2,4052005,Rita,Sep 18-26,,5,1,US,LA,Cameron Parish,29.7867,-93.1837,,,5.43,17.8,,,,,Y,3,406.2,4062005,Wilma,Oct 15-26,,5,1,US,FL,Lostman's Ranger Station to Big Sable Creek,25.4432,-81.1564,,,4.72,15.5,,,,,Y,2,407,4072005,Dennis,Jul 4-18,,5,1,US,FL,Navarre Beach to Panama City,30.369,-86.3266,,,3.2,10.5,,,,,Y,3,403.2,4032005,Cindy,Jul 3-11,,5,1,US,AL,Fort Morgan,30.2328,-87.9534,,,2.16,7,,,,,Y,2,402,4022005,Emily,Jul 11-21,,5,1,US,TX,Boca Chica Beach,26.0168,-97.152,,,1.52,5,,,,,Y,3,404,4042005,Rita,Sep 18-26,,5,1,US,FL,Key West (KEYW),24.5546,-81.7638,,,1.52,5,,,,,Y,3,406.1,4062006,Alberto,Jun 10-19,,5,1,US,FL,Homosassa,28.7829,-82.6206,1.83,6,,,,,,,Y,2,408,4082006,Ernesto,Aug 24- Sep 4,,5,1,US,FL,Vaca Key and Naples Pier,24.7117,-81.105,0.3,1,,,,,,,Y,2,409,4092007,Erin,Aug 15-19,,5,1,US,TX,Jamaica Beach Western Galveston Island,29.1815,-94.9716,0.94,3.1,,,,,,,Y,3,411,4112007,Humberto,Sep 12-14,,5,1,US,TX,Texas Point TCOON Tide Gage,29.6781,-93.8369,,,1.48,4.87,,,,,Y,2,412,4122008,Gustav,Aug 25- Sep 5,,5,1,US,LA,Northeast Bay Gardene,29.5858,-89.606,3.81,12.5,4.15,13.63,,,,,Y,3,417.2,4172008,Fay,Aug 15-28,,5,1,US,FL,Everglades City,25.8456,-81.3878,1.52,5,,,,,,,Y,2,416.1,4162008,Dolly,Jul 20-27,,5,1,US,TX,S Padre Is. Port Mansfield Brownsville,26.3533,-97.2094,1.22,4,,,,,,,Y,2,414,4142008,Ike,Sep 1-15,,5,1,US,FL,Fort Myers,26.647,-81.872,0.57,1.86,,3.25,,,,,Y,2,418.1,4182008,Gustav,Aug 25- Sep 5,,5,1,US,FL,Vaca Key,24.7117,-81.105,0.31,1,0.46,1.5,,,,,Y,2,417.1,4172008,Ike,Sep 1-15,,5,1,US,TX,Chambers County,29.704,-94.4837,,,5.33,17.5,,,,,Y,3,418.2,4182009,Ida,Nov 4-10,,5,1,US,LA,Bay Gardene,29.5983,-89.6183,1.99,6.53,2.23,7.33,,,,,Y,3,420,4202009,Claudette,Aug 16-18,,5,1,US,FL,Indian Pass,29.6799,-85.2271,0.91,3,1.07,3.5,,,,,Y,3,419,4192010,Alex,Jun 25- Jul 2,,5,1,US,TX,Port Lavaca,28.6178,-96.6205,1.51,4.94,1.62,5.31,,,,,Y,3,421,4212010,Hermine,Sep 6-9,,5,1,US,TX,Port Lavaca,28.6178,-96.6205,1.04,3.4,1.28,4.2,,,,,Y,3,423,4232011,Don,Jul 27-30,,5,1,US,TX,Corpus Christi Bob Hall Pier,27.58,-97.2167,0.58,1.89,0.77,2.54,,,,,Y,3,426,4262011,Lee,Sep 2-5,,5,1,US,LA,Seabrook Bridge,30.031,-90.037,,,1.91,6.25,,,,,Y,2,427,4272012,Debby,Jun 23-27,,5,1,US,FL,Cedar Key (NOS),29.135,-83.032,1.37,4.49,1.38,4.53,,,,,Y,3,428,4282012,Isaac,Aug 21- Sep 1,,5,1,US,LA,USGS Tide Gauge,29.5666,-89.7659,,,4.39,14.41,,,,,Y,3,429,4291846,Unnamed,10-Mar,,5,2,US,VA,Fort Monroe,37.0033,-76.315,,,,5.1,,,Ordinary High Water,,Y,2,,1851,Unnamed,16-Apr,,5,2,US,MA,Boston,42.361,-71.0509,,,,5.3,,,Ordinary High Water,,Y,2,,1879,Unnamed,18-Aug,,5,2,US,VA,Norfolk,,,,7,,8,,,,,Y,3,,1889,Unnamed,10-Sep,,5,2,US,NJ,Sandy Hook,40.4667,-74.0083,,,,3.9,,,Ordinary High Water,,Y,2,,1893,Unnamed,27-Aug,,5,2,US,GA,Savannah Beach,,,,9.5,,12,,,,,Y,2,,1893,Unnamed,13-Oct,,5,2,US,SC,South Island ,33.1947,-79.2106,,,,6.8,,,Ordinary High Water,,Y,2,,1898,Unnamed,9/29-10/2,,5,2,US,GA,Sapels Lighthouse,31.392,-81.2852,,,,18,,,Mean High Water Mark,,Y,2,,1899,San Ciriaco,Aug 3 - Sep 4,,5,2,US,NC,Hatteras,35.2113,-75.685,2.44,,2.44,,,,,,Y,,116.1,1161899,Unnamed,8/7-8/17,,5,2,US,SC,South Carolina Coast,,,,,,2.8,,,Above Normal,,Y,1,,1903,Vagabond,Sep 12 - 17,,5,2,US,NY,The Battery,40.703,-74.0169,1.95,,2.07,,,,,,Y,,126.1,1261903,Unnamed,Sep 9 - 16,,5,2,US,FL,Jupiter,26.9352,-80.0733,1.52,,2.4224,,,,,,Y,,125.1,1251906,Unnamed,Oct 8 - 23,,5,2,US,FL,St. Augustine,29.8927,-81.3044,2.43,,2.13,,,,,,Y,,131.1,1311906,Unnamed,17-Sep,,5,2,US,SC,Georgetown,33.3617,-79.28,,,,1.5,,,Above Normal High Tide,,Y,2,130.1,1301910,Unnamed,19-Oct,Morning,5,2,US,SC,Charleston,32.7817,-79.925,,,,2.25,,,Above Normal High Tide,,Y,2,143.1,1431911,Unnamed,27-Aug,Night,5,2,US,SC,Charleston,32.7817,-79.925,,,,10.6,,,Above Mean Low Water,,Y,2,144.1,1441914,Unnamed,Sep 15 - 19,,5,2,US,FL,St. Augustine,29.8927,-81.3102,1.52,,1.52,,,,,,Y,,150.1,1501916,Unnamed,13-Jul,Evening,5,2,US,SC,Customhouse Dock Charleston ,32.7808,-79.9264,,,,2.3,,,Height Above Predicted Tide,,Y,2,154.1,1541918,Unnamed,Aug 23 - 26,,5,2,US,NC,Lumina,34.2072,-77.7938,2.47,,3.03,,,,,,Y,,159.1,1591926,Great Miami,Sep 11-22,,5,2,US,FL,Miami,25.7276,-80.2344,,,,13.2,,,,,Y,2,171.1,1711928,Okeechobee,Sep 6 - 21,,5,2,US,FL,Palm Beach,27.4466,-80.2786,3.41,,3.63,,,,,,Y,,176.1,1761928,Unnamed,Aug 3 - 13,,5,2,US,FL,Ft. Pierce,26.7055,-80.0261,3.35,,3.35,,,,,,Y,,175.1,1751933,Unnamed,Sep 8 - 22,,5,2,US,VA,Sewell's Point,36.9547,-76.3269,2.99,,2.99,,,,,,Y,,184.1,1841933,Chesapeake-Potomac,Aug 13 - 28,,5,2,US,VA,Sewell's Point,36.9547,-76.3269,2.53,,2.97,,,,,,Y,,182.1,1821934,Unnamed,8/17-8/26,,5,2,US,VA,Norfolk,36.8528,-76.2984,,,,7,,,Above Normal,,Y,2,185.11,185.11935,Unnamed,Oct 3 - Nov 8,,5,2,US,FL,Fort Lauderdale,2.1336,2.13,2.13,,2.13,,,,,,Y,,190.1,1901936,Unnamed,Sep 8 -25,,5,2,US,VA,Sewell's Point,2.8346,2.83,2.83,,2.83,,,,,,Y,,194.1,1941938,Great New England,21-Sep,6:00 PM,5,2,US,RI,Providence,41.8212,-71.4068,,,,17.6,,,Mean  Low Tide,,Y,2,198.2,1981940,Unnamed,Aug 5-17,,5,2,US,SC,Lady's Island,3.4442,3.9364,3.44,,3.94,11.3,,,,,Y,,202.1,2021944,Unnamed,Oct 12 -23,,5,2,US,FL,Jacksonville Beach,3.23,3.72,3.23,,3.72,,,,,,Y,,208.1,2081944,Unnamed,13-15 Sept,,5,2,US,MA,southwest of Falmouth,41.5373,-70.6364,,,,11,,,,,Y,3,207.2,2071945,Unnamed,,,5,2,US,FL,,25.5918,-80.3097,,,4.2,13.7,,,,Tide gage,Y,3,210.1,2101946,Unnamed,8-Oct,,5,2,US,GA,Brunswick,31.1476,-81.4774,,,,9.5,,,Above Tide,,Y,2,212.1,2121947,No. IX,15-Oct,,5,2,US,GA,Savanna Beach,31.999,-80.8424,,,,12,,,Mean  Low Tide,,Y,2,217.1,2171947,George,Sep 4 -21,,5,2,US,FL,Boca Raton,26.3586,-80.0436,2.29,,3.33,10.8,,,,,Y,,214.1,2141949,Delray Beach,Aug 23 - 31,,5,2,US,FL,Palm Beach,26.7055,-80.0066,2.1,,2.42,,,,,,Y,,221.1,2211950,King,Oct 13 -19,,5,2,US,FL,Miami Beach,25.85,-80.1197,1.52,,1.52,,,,,,Y,,223.1,2231953,Barbara,Aug 11 - 16,,5,2,US,NC,New Bern,34.9772,-76.7713,1.83,,1.83,,,,,,Y,,229.1,2291954,Hazel,,,5,2,US,NC,,33.874,-78.48,,,5.36448,17.6,,,,,Y,3,238.1,2381954,Carol,30-31 Aug,,5,2,US,RI,southeast end of Providence,41.7855,-71.3829,,,,15.1,,,,,Y,3,236.1,2361955,Ione,Sep 10 - 24,,5,2,US,NC,New Bern NC,35.0722,-77.011,3.23,,3.23,10.6,,,,,Y,,241.1,2411955,Diane,Aug 7 -21,,5,2,US,NC,Long Beach,33.918,-78.1491,2.74,,2.74,9,,,,,Y,,240.1,2401955,Connie,,,5,2,US,NC,,34.005,-77.897,,,2.37744,7.8,,,,,Y,3,239.1,2391956,Flossy,Sep 21 - 30 ,,5,2,US,VA,Sewell's Point,36.9547,-76.3269,1.34,,2,,,,,,Y,,242.1,2421958,Helene,Sep 27-28,,5,2,US,NC,Pamlico Sound,35.2586,-75.5965,,,,7.5,,,Mean Sea Level,Peak Stage Gage,Y,2,245.1,2451959,Gracie,Sep 20 - Oct 2,,5,2,US,SC,North of Edisto Beach,32.5133,-80.2829,,,,11.9,,,Mean Sea Level,High Water,Y,2,247.1,2471959,Cindy,Jul 5 - 12,,5,2,US,SC,Bulls Bay/McLellanville SC,33.0102,-79.4841,1.22,,1.22,,,,,,Y,,246.1,2461960,Donna,9-13 Sept,,5,2,US,NY,Long Island,40.5869,-73.8254,,,,10.5,,,,,Y,3,250.3,2501962,Alma,Aug 26 - Sep 2,,5,2,US,NC,Nags Head,35.9111,-75.5929,,,,3,,,Above Normal,,Y,2,253.1,2531963,Ginny,Oct 16 -30,,5,2,US,NC,Wilmington,34.2271,-77.951,,,,3.5,,,Above Normal,,Y,2,255.2,2551964,Isbell,10/8-10/16,,5,2,US,FL,Key West,24.555,-81.8067,,,,4.5,,,Mean Sea Level,,Y,2,259.1,2591964,Dora,8/28 - 9/16,,5,2,US,GA,Brunswick,31.1448,-81.4988,,,,13.5,,,Mean Low Water,,Y,2,258.1,2581964,Cleo,8/20 -9/5,,5,2,US,FL,Fort Lauderdale,26.1007,-80.1189,,,,5,,,Above Normal,,Y,2,257.1,2571965,Betsy,8/27-9/10,,5,2,US,FL,Tavernier,25.0096,-80.5148,,,,7.7,,,Mean Low Water,,Y,2,260.2,2601966,Inez,9/21-10/11,,5,2,US,FL,Big Pine Key,24.6483,-81.33,,,,5,,,Above Normal,,Y,2,262.1,2621966,Alma,6/4-6/14,,5,2,US,FL,Key West,24.555,-81.8067,,,,3.5,,,Mean Low Water,,Y,2,261.1,2611968,Gladys,10/13-10/21,,5,2,US,FL,Jacksonville Beach,52.33606071,-65.94859286,,,,3.2,,,Above Normal,,Y,2,265.1,2651972,Agnes,6/4-6/22,,5,2,US,MD,Assateague ,38.0908,-75.1993,,,,4,,,Above Normal,,Y,2,270.2,2701976,Dottie,8/17-8/21,,5,2,US,NC,Atlanta Beach,34.6974,-76.7387,,,,3.5,,,Above Normal,,Y,2,276.1,2761976,Belle,9-Aug,19:24,5,2,US,NJ,Atlantic City ,39.3756,-74.4019,,,,8.85,,,Mean Low Water,,Y,2,275.2,2751979,David,8/25-9/7,,5,2,US,GA,Savannah Savannah River,30.0982,-81.0798,,,,12,,,Mean Low Water,,Y,2,277.1,2771984,Diana,9/8-9/16,,5,2,US,NC,Carolina Beach,34.034,-77.8913,,,1.7,,,,Above Normal,,Y,2,281.2,2811985,Gloria,9/16-10/2,,5,2,US,NY,New York City Battery Park,40.7,-74.0133,,,2.1,,,,Above Normal,,Y,4,284.2,2841985,Bob,7/21-7/26,,5,2,US,SC,Charleston Harbor,32.7817,-79.925,,,0.5,,,,Above Normal,,Y,2,283.11,283.11986,Charley,8/13-8/30,,5,2,US,MA,Nantucket Island,41.285,-70.0967,1.2,,,,,,Tide Height Above Normal,,Y,2,289.2,2891988,Keith,11/17-11/24,,5,2,US,FL,Daytona Beach,29.2129,-81.0187,0.6,,,,,,Tide Height Above Normal,,Y,2,293.1,2931988,Chris,8/21-8/29,,5,2,US,GA,Fort Pulaski ,32.0333,-80.9017,0.5,,,,,,Tide Height Above Normal,,Y,2,292.1,2921989,Hugo,Sep21-22,,5,2,US,SC,Awendaw,33.0156,-79.5928,,,,20.2,,,Above National Geodetic Vertical Datum of 1929,Seed Line/Outside,Y,3,294.1,2941991,Bob,8/16-8/29,,5,2,US,RI,Scarborough State Beach,41.3865,-71.4754,,,4.2,,,,Relative to NGVD,,Y,2,295.2,2951992,Danielle,9/22-9/26,,5,2,US,NC,Cape Hatteras ,35.2446,-75.5292,1.6,,,,,,Above Normal Astronomical Tide,,Y,2,298.1,2981992,Andrew,8/16-8/28,,5,2,US,FL,East Perrine,25.6035,-80.3104,,,5.2,,,,NGVD,,Y,2,297.1,2971993,Emily,8/31-9/1,,5,2,US,NC,Buxton (HAT),35.272,-75.5402,3.1,,,,,,Above Mean Sea Level,,Y,2,299.1,2991994,Gordon,11/8-11/21,,5,2,US,FL,Key West (EYW),24.5547,-81.7674,2.1,,,,,,Tide Height Above Normal,,Y,2,300.1,3001996,Fran,,,5,2,US,NC,Kure Beach,33.9892,-77.91,,,4.7,15.4,,,MSL,High water mark,Y,3,308.1,3081996,Edouard,Aug 19- Sep 6,,5,2,US,MA,Nantucket,41.2366,-69.9869,1.22,,1.2,,,,,,Y,,307.1,3071996,Bertha,Jul 5 -14,,5,2,US,NC,Topsail Beach,34.365,-77.6302,2.74,,2.7,,,,,,Y,,306.2,3061996,Arthur,Jun 17 -21,,5,2,US,NC,Cape Lookout,34.6052,-76.5366,1.74,,2.1,,,,,,Y,,305.1,3051997,Danny,7/16-7/26,,5,2,US,VA,Sewells Point,36.9467,-76.33,,,0.61,,,,Above National Geodetic Vertical Datum,,Y,2,310.1,3101998,Mitch,10/22-11/5,,5,2,US,FL,NOAA Buoy 41010,28.906,-78.471,4.2,,,,,,Above Normal Astronomical Tide,Bouy,Y,3,312.1,3121998,Georges,9/15-10/1,,5,2,US,FL,Cudjoe Key,24.7,-81.505,1.5-1.8,,,,,,Above Normal Astronomical Tide,,Y,2,311.11,311.11998,Bonnie,,,5,2,US,NC,Kure Beach,33.9739,-77.9147,,,4.2,13.8,,,MSL,High water mark,Y,3,311.1,3111999,Irene,10/13-10/19,,5,2,US,FL,Fernandina Beach,30.6717,-81.465,0.9,,,,,,Above Normal Astronomical Tide,,Y,2,316.1,3161999,Floyd,Sep 7 - 19,,5,2,US,NC,Oak Island,33.9163,-78.1608,2.04,,3.27,,,,,,Y,,314.1,3141999,Dennis,Aug 24 - Sep 8,,5,2,US,NC,Oriental,35.0308,-76.6927,2.41,,2.41,,,,,,Y,,313.1,3132001,Michelle,,,5,2,US,FL,Southeast Florida Coast,25.7971,-80.125,,3,,,,,,,Y,2,319.11,319.12001,Gabrielle,9/11-9/21,,5,2,US,FL,Charlotte Harbor Charlotte County,26.7067,-82.1633,1.6,,1.9,,,,Above Normal Astronomical Tide/Above NGVD,,Y,2,319.1,3192002,Kyle,9/20-10/12,,5,2,US,SC,Charleston Harbor,32.7817,-79.925,0.6,,,,,,,,Y,2,322.1,3222002,Gustav,Sep 8 - 15,,5,2,US,NC,Dare,35.5755,-75.4644,1.68,,1.68,,,,,,Y,,321.1,3212003,Isabel,9/25/03,,5,2,US,NC,2507 Virginia Dare Trail,36.0467,-75.6767,4.93776,16.2,,,,,,Coastal Storm Surge - Water Line,Y,3,323.1,3232004,Jeanne,Sep 13 - 29,,5,2,US,FL,Melbourne to Fort Pierce,,,1.83,6,,,,,,,Y,2,330.1,3302004,Gaston,8/27-9/1,,5,2,US,SC,Bulls Bay Charleston County,33.0013,-76.5815,1.4,,,,,,Above Normal Astronomical Tide,,Y,2,327.1,3272004,Frances,Aug 25 - Sep 10,,5,2,US,FL,Vero Beach,33.0102,-79.4358,2.44,,2.44,,,,,,Y,,326.1,3262004,Charley,Aug 9 - 15,,5,2,US,NC,Long Beach,33.918,-78.1491,2.29,,2.29,,,,,,Y,,325.1,3252004,Alex,Jul 31 - Aug 6,,5,2,US,NC,Buxton,35.2686,-75.5422,1.83,,1.83,,,,,,Y,,324.1,3242005,Wilma,10/15-10/26,,5,2,US,FL,Vaca Key NOS,24.7117,-81.105,6.43,,,,,,Normal Astronomical Tide,,Y,3,334.1,3342005,Tammy,10/5-10/6,,5,2,US,GA,Fort Pulaski NOS,32.0333,-80.9017,4.2,,,,,,Normal Astronomical Tide,,Y,3,333.2,3332005,Ophelia,9/6-9/17,,5,2,US,FL,Mayport NOS,30.3967,-81.43,3.03,,,,,,Normal Astronomical Tide,,Y,3,332.1,3322005,Rita,,,5,2,US,FL,Virginia Key ,25.7317,-80.1617,0.4,1.2,0.8,2.5,,,NGVD 29,Water level observation network,Y,3,331.11,331.12005,Katrina,,,5,2,US,FL,Virginia Key,25.7317,-80.1617,,1,0.975,3.2,,,NDVD29,NOS Tide Gauge,Y,3,331.1,3312005,Dennis,7/4-7/13,,5,2,US,FL,Key West NOS,24.555,-81.8067,1.67,,2.97,,,,Normal Astronomical Tide/NGVD,,Y,3,330.21,330.22006,Ernesto,Aug 28 - Sep 1,,5,2,US,GA,Fort Pulaski,32.0333,-80.9017,,0.94,,7.07,,,NGVD 29,,Y,3,336.2,3362006,Ernesto,Aug 28 - Sep 1,,5,2,US,GA,Fort Pulaski,32.0333,-80.9017,,0.94,,7.07,,,NGVD 29,,Y,3,336.2,3362006,Beryl,7/18-7/21,,5,2,US,MA,Nantucket (KACK),,,0.3,,,,,,Normal Astronomical Tide,,Y,2,335.1,3352006,Alberto,6/10-6/14,,5,2,US,GA,Fort Pulaski NOS (FPKG1),32.0333,-80.9017,0.3,,2.6,,,,Normal Astronomical Tide/NGVD,,Y,3,334.11,334.12007,Andrea,5/9-5/11,,5,2,US,GA,St. Simons Island NOS,31.1317,-81.3967,0.86,,0.86,,,,Normal Astronomical Tide/NGVD,,Y,3,336.11,336.12008,Ike,,,5,2,US,FL,Virginia Key,25.7317,-80.1617,0.35052,1.15,0.566928,1.86,,,MLLW,,Y,,340.11,340.12008,Hanna,Aug 28 - Sep 8,,5,2,US,NC,Wilmington,34.1572,-77.8766,1.52,,1.52,,,,,,Y,,340.1,3402008,Fay,8/15-8/28,,5,2,US,FL,Everglades City ,25.8583,-81.3867,1.5,,,,,,,,Y,2,339.1,3392010,Earl,Aug 24 - Sep 6,,5,2,US,NC,Hatteras Village,35.5469,-75.6113,1.31,,1.31,,,,,,Y,,342.1,3422011,Irene,8/27/11,,5,2,US,NY,Long Beach,40.583,-73.6594,2.16,7.09,,,,,,,Y,3,344.2,3442012,Sandy,,,5,2,US,NY,Long Beach,40.58,-73.64,,,5.33,17.48,,,NAVD88,Pressure Sensor,Y,2,,1961,Hattie,,,5,3,BZ,,Belize City Belize,17.5019,-88.1867,4.27,14,,,,,,,Y,,,1978,Greta,,,5,3,BZ,,North part of Stann Creek,17.0333,-88.2431,2.13,7,,,,,,,Y,,,2000,Keith,Sep 28- Oct 6,,5,3,BZ,,Caye Caulker,17.7417,-88.0239,1.52,5,,,,,,,Y,2,,2001,Iris,Oct 4-9,,5,3,BZ,,Placenia and Independence,16.5186,-88.3672,4.57,15,,,,,,,Y,,,2010,Richard,Oct 21-26,,5,3,BZ,,,,,,,,,,,,,Y,,,1974,Fifi,,,5,3,BZ/HN,,Southern Belize/ Northern Honduras,15.9614,-88.9269,3.66,12,,,,,,,Y,3,,1998,Mitch,Oct 22- Nov 5,,5,3,HN,,State of Colon Honduras,15.9256,-85.9417,3.6,11.81,,,,,,,Y,2,,1977,Anita,Aug 29- Sep 3,,5,3,MX,,Approximately 200 km north of Tampico MX,24.0942,-97.7319,4.57,15,,,,,,,Y,3,,1983,Barry,Aug 23-29,,5,3,MX,,Northern Mexico Coast,25.8914,-97.1467,1.22,4,,,,,,,Y,3,,1988,Gilbert,,,5,3,MX,,Cozumel Island,20.4006,-86.8661,5.25,17.22,,,,,,,Y,,,1988,Gilbert,Sep 8-20,,5,3,MX,TX,Northeast Mexico just N of landfall,24.4586,-97.6878,3.96,13,,,,,,,Y,3,,1995,Roxanne,Oct 7-21,,5,3,MX,,Yucatan Peninsula SW of Cozumel Island,20.0822,-87.4775,3.05,10,,,,,,,Y,,,2005,Emily,Jul 11-21,,5,3,MX,,San Miguil de Cozumel,20.5086,-86.9531,4.57,15,,,,,,,Y,,,2005,Wilma,,,5,3,MX,,,,,,,,,,,,,Y,,,2007,Dean,Aug 13-23,,5,3,MX,,Yucatan Peninsula,19.5967,-87.7481,5.49,18,,,,,,,Y,2,,2007,Felix,Aug 31- Sep 6,,5,3,NI,,Northern Coast of Nicaragua,14.7701,-83.3178,5.49,18,,,,,,,Y,,,2008,Omar,,,5,4,AG,,Antigua,17.1944,-61.8744,1.07,3.5,,,,,,,Y,,,1963,Arlene,,,5,4,BM,,Bermuda,32.2494,-64.8475,2.13,7,,,,,,,Y,,,1999,Gert,,,5,4,BM,,Bermuda (most likely E coast),32.3026,-64.7421,0.91,3,,,,,,,Y,,,2001,Erin,,,5,4,BM,,,,,,,,,,,,,Y,,,2003,Fabian,,,5,4,BM,,South Shore of Bermuda,32.2492,-64.8483,3.05,10,,,,,,,Y,,,2014,Gonzalo,,,5,4,BM,,L.F. Wade International Airport,32.3631,-64.6836,,,1.83,6,,,,,Y,,,1965,Betsy,,,5,4,BS,,Point Simon area of NW Andros Island,25.1778,-78.1639,2.74,9,,,,,,,Y,2,,1992,Andrew,,,5,4,BS,,Lower Bogue Bahamas,25.4939,-76.6314,4.88,16,,,,,,,Y,,,1999,Floyd,Sep 7-19,,5,4,BS,,Grand Bahama Island,26.6914,-78.2078,1.61,5.28,,,,,,,Y,,,2001,Michelle,,,5,4,BS,,New Providence,24.9994,-77.4919,2.44,8,,,,,,,Y,,,2005,Wilma,,,5,4,BS,,Grand Bahama Island,26.5878,-78.8689,3.66,12,,,,,,,Y,,,1932,Unnamed,,,5,4,CU,,Santa Cruz del Sur Camaguey,20.7008,-77.9872,6.5,21.33,,,,,,,Y,,,2001,Michelle,,,5,4,CU,,Cayo Largo,21.6006,-81.5225,3.05,10,,,,,,,Y,,,2004,Charley,,,5,4,CU,,Playa Cajio,22.682,-82.4621,4,13.12,,,,,,,Y,2,,1989,Hugo,17-Sep,,5,4,FR,,Baie-Mahault Guadeloupe,16.2661,-61.5951,2.5,8.2,,,,,,,Y,,,1988,Gilbert,,,5,4,JM,,Northeast Coast of Jamaica,18.2386,-76.6601,2.74,9,,,,,,,Y,,,2004,Ivan,,,5,4,KY,,Grand Cayman- Cayman Islands,19.2814,-81.2456,3.05,10,,,,,,,Y,,,2008,Paloma,Nov 5-14,,5,4,KY,,Cayman Brac,19.7103,-79.8039,2.44,8,,,,,,,Y,2,,1960,Donna,6-Sep,,5,4,PR,,North and Eastern Coasts of Puerto Rico,,,,6,,,,,,,Y,1,,1998,Georges,,,5,4,PR,,Fajardo Puerto Rico,18.3361,-65.6331,3.05,10,,,,,,,Y,2,,1999,Lenny,,,5,4,VI,,Frederiksted- St. Croix- US Virgin Islands,17.7128,-64.8836,5.33,17.5,,,,,,,Y,,,1954,Edna,September 2 - 15,,5,5,CA,NB,Saint John,45.2458,-66.0753,1.2,3.94,,,,,,,Y,,,1963,Ginny,October 16 - 29,,5,5,CA,NB,Escuminac/Pointe-Sapin,47.0503,-64.8297,1.43,4.69,,,,,,,Y,,,1964,Gladys,September 13 - 25,,5,5,CA,NB,Escuminac/Pointe-Sapin,47.0503,-64.8297,1.31,4.3,,,,,,,Y,,,2000,Suptrob 13,October 25 - 29,,5,5,CA,NB,Escuminac/Pointe-Sapin,47.0503,-64.8297,1.58,5.18,,,,,,,Y,,,2002,Gustav,September 8 - 12,,5,5,CA,PEI,Charlottetown,46.2292,-63.1317,1.35,4.43,,,,,,,Y,,,2003,Juan,September 24 - 29,,5,5,CA,NS,Halifax,44.6333,-63.5814,1.5,4.92,,,,,,,Y,,,2009,Bill,,,5,5,CA,NL,St. Lawrence,,,0.94,3.1,,,,,,,Y,,,2010,Igor,,,5,5,CA,NL,St. John's Harbour,,,1.07,3.5,,,,,,,Y,,,2012,Leslie,,,5,5,CA,NL,Argentia and St. Lawrence,,,1.1,3.61,,,,,,,Y,,,2002,Kenna,Oct 22-26,,6,1,MX,,San Blas,21.5275,-105.24,5,16.4,,,,,,,Y,,,1965,Doreen,Aug 19-31,,6,2,US,HI,,,,,,,,,,,,Y,,,1992,Iniki,Sep 5-13,,6,2,US,HI,Poipu Beach,21.8758,-159.4606,1.83,6,,,,,,,Y,,,2014,Iselle,Jul 31 - Aug 9,,6,2,US,HI,Kapoho and Vacationland,,,,,1.22,4,,,,,Y,,,2014,Ana,,,,,,,,,,,,,,,,,,Y,,,2011,,9-Nov,,11,,US,AK,Nome,,,,8.6,,,,,,,N,,,1974,,Nov 11-12,,11,,US,AK,Nome,,,,13,,,,,,,N,,,2005,,Sep,,11,,US,AK,Nome,,,,10.4,,,,,,,N,,,2004,,Oct,,11,,US,AK,Nome,,,,10.4,,,,,,,N,,,1985,,,,11,,CA,NU,Tuktoyaktuk,,,1.38,,,,,,,,N,,,1978,,24-Sep,,11,,US,AK,Nome,,,2.1,,,,,,,,N,,,1978,,7-Nov,,11,,US,AK,Nome,,,3,,,,,,,,N,,,1970,,13-Sep,,11,,US,AK,Beaufort Sea Coast,,,,,,,3.4,,,,N,,,