hospital
Zuckerberg San Francisco General Hosp & Trauma Ctr
Woodland Memorial Hospital
Whittier Hospital Medical Center
White Memorial Medical Center
West Hills Hospital & Medical Center
"West Covina Medical Center, Inc"
West Anaheim Medical Center
Watsonville Community Hospital
Washington Hospital
Victor Valley Global Medical Center
Vibra Hospital of San Diego
Vibra Hospital of Sacramento
Vibra Hospital of Northern California
Ventura County Medical Center
Valley Presbyterian Hospital
Valley Children'S Hospital
Usc Verdugo Hills Hospital
Usc Kenneth Norris Jr Cancer Hospital
University of California Irvine Medical Center
University of California Davis Medical Center
Ucsf Medical Center
Ucsf Benioff Children'S Hospital Oakland
Uc San Diego Health Hillcrest - Hillcrest Med Ctr
Twin Cities Community Hospital
Trinity Hospital
Tri-City Medical Center
Torrance Memorial Medical Center
Temecula Valley Hospital
Tahoe Forest Hospital
Sutter Tracy Community Hospital
Sutter Solano Medical Center
Sutter Santa Rosa Regional Hospital
Sutter Roseville Medical Center
"Sutter Medical Center, Sacramento"
Sutter Maternity & Surgery Center of Santa Cruz
Sutter LAkeside Hospital
Sutter Delta Medical Center
Sutter Davis Hospital
Sutter Coast Hospital
Sutter Auburn Faith Hospital
Sutter Amador Hospital
Stanislaus Surgical Hospital
Stanford Health Care - Valleycare
Stanford Health Care
St Rose Hospital
St Mary'S Medical Center
St Mary Medical Center
St Mary Medical Center
St Joseph'S Medical Center of Stockton
St Joseph Hospital
St Johns Regional Medical Center
St Johns Pleasant Valley Hospital
St Elizabeth Community Hospital
St Bernardine Medical Center
Southwest Healthcare System
Southern California Hospital At Hollywood
South Coast Global Medical Center
Sonoma Valley Hospital
Sonoma Specialty Hospital
Sierra Vista Regional Medical Center
Sierra View Medical Center
Sierra Nevada Memorial Hospital
Shriners Hospitals For Children Northern Calif
Sherman Oaks Hospital
Shasta Regional Medical Center
Sharp Memorial Hospital
Sharp Coronado Hospital And Healthcr Ctr
Sharp Chula Vista Medical Center
Seton Medical Center
Sequoia Hospital
Seneca District Hospital
Scripps Mercy Hospital
Scripps Memorial Hospital LA Jolla
Scripps Memorial Hospital - Encinitas
Scripps Green Hospital
Santa Ynez Valley Cottage Hospital
Santa Rosa Memorial Hospital
Santa Paula Hospital
Santa Monica - Ucla Med Ctr & Orthopaedic Hospital
Santa Clara Valley Medical Center
Santa Barbara Cottage Hospital
San Ramon Regional Medical Center
San Mateo Medical Center
San Joaquin General Hospital
San Gorgonio Memorial Hospital
San Gabriel Valley Medical Center
San Dimas Community Hospital
San Antonio Regional Hospital
Salinas Valley Memorial Hospital
Saint Francis Memorial Hospital
Saint Francis Medical Center
Saint Agnes Medical Center
Ronald Reagan U C L A Medical Center
Riverside University Health System-Medical Center
Riverside Community Hospital
Ridgecrest Regional Hospital
Regional Medical Center of San Jose
Redwood Memorial Hospital
Redlands Community Hospital
Rady Children'S Hospital - San Diego
Queen of The Valley Medical Center
Providence-Cedars Sinai Tarzana Medical Center
Providence St. Jude Medical Center
Providence St. Joseph Hospital
Providence Saint Joseph Medical Ctr
Providence Saint John'S Health Center
Providence Mission Hospital
Providence Little Company of Mary Med Ctr Torrance
Providence Little Co of Mary Med Ctr San Pedro
Providence Holy Cross Medical Center
Pomona Valley Hospital Medical Center
Plumas District Hospital
Placentia Linda Hospital
Pioneers Memorial Healthcare District
Pih Hospital - Downey
Pih Health Hospital-Whittier
Petaluma Valley Hospital
Patients' Hospital of Redding
Paradise Valley Hospital
Palomar Medical Center Poway
Palomar Health Downtown Campus
Palo Verde Hospital
Palmdale Regional Medical Center
Pacifica Hospital of The Valley
Oroville Hospital
Orchard Hospital
Orange County Global Medical Center
Olympia Medical Center
Ojai Valley Community Hospital
Oak Valley Hospital District
Novato Community Hospital
Northridge Hospital Medical Center
Northern Inyo Hospital
Northbay Medical Center
Natividad Medical Center
Mountains Community Hospital
Monterey Park Hospital
Montclair Hospital Medical Center
Monrovia Memorial Hospital
Modoc Medical Center
Mission Community Hospital
Mills-Peninsula Medical Center
Methodist Hospital of Southern Ca
Methodist Hospital of Sacramento
Mercy San Juan Medical Center
Mercy Medical Center Redding
Mercy Medical Center Mt Shasta
Mercy Medical Center
Mercy Hospital of Folsom
Mercy Hospital
Mercy General Hospital
Menifee Global Medical Center
Mendocino Coast District Hospital
Memorialcare Saddleback Medical Center
Memorialcare Orange Coast Medical Center
Memorial Medical Center
Memorial Hospital of Gardena
Memorial Hospital Los Banos
Memorial Care Miller Children'S &  Women'S Hosp Lb
Mayers Memorial Hospital
"Martin Luther King, Jr. Community Hospital"
Marshall Medical Center
Mark Twain Medical Center
Marinhealth Medical Center
"Marian Regional Medical Center, Arroyo Grande"
Marian Regional Medical Center
Mammoth Hospital
Madera Community Hospital
Mad River Community Hospital
Lucile Salter Packard Children'S Hsp At Stanford
Los Robles Hospital & Medical Center
Los Angeles Community Hospital
Los Alamitos Medical Center
Long Beach Memorial Medical Center
Lompoc Valley Medical Center
Loma Linda University Medical Center-Murrieta
Loma Linda University Medical Center
Loma Linda University Children'S Hospital
Lakewood Regional Medical Center
Laguna Honda Hospital & Rehabilitation Center
Lac/Rancho Los Amigos National Rehabilitation  Ctr
Lac/Olive View-Ucla Medical Center
Lac/Harbor-Ucla Med Center
Lac+Usc Medical Center
La Palma Intercommunity Hospital
"L A Downtown Medical Center, Llc"
Kindred Hospital Westminster
Kindred Hospital South Bay
Kindred Hospital Riverside
Kindred Hospital Rancho
Kindred Hospital Paramount
Kindred Hospital Ontario
Kindred Hospital Brea
Kindred Hospital Baldwin Park
Kindred Hospital -- LA Mirada
Kindred Hospital - San Francisco Bay Area
Kindred Hospital - San Diego
Kindred Hospital - Los Angeles
Kern Valley Healthcare District
Kern Medical Center
Kentfield Hospital
Keck Hospital of Usc
Kaweah Delta Medical Center
Kaiser Foundation Hospital-Santa Rosa
Kaiser Foundation Hospital-Santa Clara
Kaiser Foundation Hospital-San Jose
Kaiser Foundation Hospital-Moreno Valley
"Kaiser Foundation Hospital, Riverside"
Kaiser Foundation Hospital Manteca
Kaiser Foundation Hospital Fontana
Kaiser Foundation Hospital And Rehab Center
Kaiser Foundation Hospital - Zion
Kaiser Foundation Hospital - Woodland Hills
Kaiser Foundation Hospital - West LA
Kaiser Foundation Hospital - Walnut Creek
Kaiser Foundation Hospital - Vacaville
Kaiser Foundation Hospital - South San Francisco
Kaiser Foundation Hospital - South Bay
Kaiser Foundation Hospital - San Leandro
Kaiser Foundation Hospital - San Francisco
Kaiser Foundation Hospital - Sacramento
Kaiser Foundation Hospital - Roseville
Kaiser Foundation Hospital - Redwood City
Kaiser Foundation Hospital - Panorama City
Kaiser Foundation Hospital - Orange County - Anahe
Kaiser Foundation Hospital - Oakland/Richmond
Kaiser Foundation Hospital - Los Angeles
Kaiser Foundation Hospital - Fresno
Kaiser Foundation Hospital - Fremont
Kaiser Foundation Hospital - Downey
Kaiser Foundation Hospital - Baldwin Park
Kaiser Foundation Hospital - Antioch
Kaiser Foundation Hospital
Kaiser Foundation Hosp So Sacramento
John Muir Medical Center - Walnut Creek Campus
John Muir Medical Center - Concord Campus
John F Kennedy Memorial Hospital
John C Fremont Healthcare District
Jerold Phelps Community Hospital
Huntington Memorial Hospital
Huntington Beach Hospital
Hollywood Presbyterian Medical Center
Hoag Orthopedic Institute
Hoag Memorial Hospital Presbyterian
Highland Hospital
Hi-Desert Medical Center
Henry Mayo Newhall  Hospital
Hemet Global Medical Center
Healthbridge Children'S Hospital - Orange
Healdsburg District Hospital
Hazel Hawkins Memorial Hospital
Grossmont Hospital
Greater El Monte Community Hospital
Good Samaritan Hospital
Good Samaritan Hospital
Good Samaritan Hospital
Goleta Valley Cottage Hospital
Glenn Medical Center
Glendale Mem Hospital & Health Center
Glendale Adventist Medical Center
George L Mee Memorial Hospital
Garfield Medical Center
Garden Grove Hospital & Medical Center
Fresno Surgical Hospital
Fresno Heart And Surgical Hospital
French Hospital Medical Center
Fountain Valley Regional Hospital & Medical Center
Foothill Regional Medical Center
Fairchild Medical Center
Enloe Medical Center
Encino Hospital Medical Center
Emanuel Medical Center
Emanate Health Inter-Community Hospital
Emanate Health Foothill Presbyterian Hospital
El Centro Regional Medical Center
El Camino Hospital
Eisenhower Medical Center
Eden Medical Center
Eastern Plumas Hospital - Portola Campus
East Los Angeles Doctors Hospital
Dominican Hospital
Doctors Medical Center
"Doctors Hospital of Riverside, Llc"
Doctors Hospital of Manteca
Desert Valley Hospital
Desert Regional Medical Center
Dameron Hospital
Corona Regional Medical Center
Contra Costa Regional Medical Center
Community Regional Medical Center
Community Memorial Hospital San Buenaventura
Community Hospital of The Monterey Peninsula
Community Hospital of San Bernardino
Community Hospital of Huntington Park
Colusa Medical Center
Colorado River Medical Center
College Medical Center
College Hospital Costa Mesa
Coast Plaza Hospital
Clovis Community Medical Center
City of Hope Helford Clinical Research Hospital
Chino Valley Medical Center
Chinese Hospital
Children'S Hospital of Orange County
Children'S Hospital At Mission
Children'S Hosp of Los Angeles
Chapman Global Medical Center
Central Valley Specialty Hospital
Centinela Hospital Medical Center
Cedars-Sinai Medical Center
Cedar-Sinai Marina Del Rey Hospital
Catalina Island Medical Center
Casa Colina Hospital
California Pacific Medical Ctr-Davies Campus Hosp
California Pacific Medical Center- Van Ness Campus
California Pacific Medical Center - Mission Bernal
California Hospital Medical Center LA
Beverly Hospital
Bear Valley Community Hospital
Barton Memorial Hospital
Barstow Community Hospital
Barlow Respiratory Hospital
Banner LAssen Medical Center
Bakersfield Memorial Hospital
Bakersfield Heart Hospital
Arrowhead Regional Medical Center
Antelope Valley Hospital
Anaheim Global Medical Center
Alvarado Hospital Medical Center
Alta Bates Summit Medical Center - Alta Bates Camp
Alta Bates Summit Medical Center
Alhambra Hospital Medical Center
Alameda Hospital
Ahmc Anaheim Regional Medical Center
Adventist Health Ukiah Valley
Adventist Health Tulare
Adventist Health Tehachapi Valley
Adventist Health St Helena
Adventist Health Sonora
Adventist Health Simi Valley
Adventist Health Reedley
Adventist Health Lodi Memorial
Adventist Health Howard Memorial
Adventist Health Hanford
Adventist Health Delano
Adventist Health Clearlake
Adventist Health Bakersfield
Adventist Health And Rideout
