geoid,name,universe,universe_annotation,universe_moe,universe_moe_annotation,combined statistical area
273,"Greenville-Spartanburg-Anderson, SC CSA",1442020.0,,-555555555.0,*****,273
274,"Greenville-Washington, NC CSA",224615.0,,-555555555.0,*****,274
276,"Harrisburg-York-Lebanon, PA CSA",1252583.0,,-555555555.0,*****,276
277,"Harrisonburg-Staunton-Waynesboro, VA CSA",253914.0,,-555555555.0,*****,277
278,"Hartford-West Hartford, CT CSA",1478248.0,,-555555555.0,*****,278
280,"Hickory-Lenoir, NC CSA",410448.0,,-555555555.0,*****,280
284,"Hot Springs-Malvern, AR CSA",131816.0,,-555555555.0,*****,284
288,"Houston-The Woodlands, TX CSA",6978302.0,,-555555555.0,*****,288
290,"Huntsville-Decatur-Albertville, AL CSA",769250.0,,-555555555.0,*****,290
292,"Idaho Falls-Rexburg-Blackfoot, ID CSA",240189.0,,-555555555.0,*****,292
294,"Indianapolis-Carmel-Muncie, IN CSA",2389982.0,,-555555555.0,*****,294
296,"Ithaca-Cortland, NY CSA",151085.0,,-555555555.0,*****,296
297,"Jackson-Brownsville, TN CSA",147110.0,,-555555555.0,*****,297
298,"Jackson-Vicksburg-Brookhaven, MS CSA",670907.0,,-555555555.0,*****,298
300,"Jacksonville-St. Marys-Palatka, FL-GA CSA",1600866.0,,-555555555.0,*****,300
304,"Johnson City-Kingsport-Bristol, TN-VA CSA",507620.0,,-555555555.0,*****,304
306,"Johnstown-Somerset, PA CSA",209499.0,,-555555555.0,*****,306
308,"Jonesboro-Paragould, AR CSA",174378.0,,-555555555.0,*****,308
309,"Joplin-Miami, MO-OK CSA",209006.0,,-555555555.0,*****,309
310,"Kalamazoo-Battle Creek-Portage, MI CSA",532215.0,,-555555555.0,*****,310
312,"Kansas City-Overland Park-Kansas City, MO-KS CSA",2448345.0,,-555555555.0,*****,312
314,"Knoxville-Morristown-Sevierville, TN CSA",1117109.0,,-555555555.0,*****,314
316,"Kokomo-Peru, IN CSA",118288.0,,-555555555.0,*****,316
318,"Lafayette-Opelousas-Morgan City, LA CSA",624152.0,,-555555555.0,*****,318
320,"Lafayette-West Lafayette-Frankfort, IN CSA",250256.0,,-555555555.0,*****,320
324,"Lake Charles-Jennings, LA CSA",238517.0,,-555555555.0,*****,324
330,"Lansing-East Lansing-Owosso, MI CSA",545108.0,,-555555555.0,*****,330
332,"Las Vegas-Henderson, NV-AZ CSA",2391343.0,,-555555555.0,*****,332
336,"Lexington-Fayette--Richmond--Frankfort, KY CSA",732255.0,,-555555555.0,*****,336
338,"Lima-Van Wert-Celina, OH CSA",218513.0,,-555555555.0,*****,338
339,"Lincoln-Beatrice, NE CSA",348816.0,,-555555555.0,*****,339
340,"Little Rock-North Little Rock, AR CSA",905651.0,,-555555555.0,*****,340
346,"Longview-Marshall, TX CSA",284503.0,,-555555555.0,*****,346
348,"Los Angeles-Long Beach, CA CSA",18629045.0,,-555555555.0,*****,348
350,"Louisville/Jefferson County--Elizabethtown--Madison, KY-IN CSA",1513472.0,,-555555555.0,*****,350
352,"Lubbock-Levelland, TX CSA",336285.0,,-555555555.0,*****,352
356,"Macon-Bibb County--Warner Robins, GA CSA",419619.0,,-555555555.0,*****,356
357,"Madison-Janesville-Beloit, WI CSA",872646.0,,-555555555.0,*****,357
358,"Manhattan-Junction City, KS CSA",133736.0,,-555555555.0,*****,358
359,"Mankato-New Ulm-North Mankato, MN CSA",125316.0,,-555555555.0,*****,359
360,"Mansfield-Ashland-Bucyrus, OH CSA",216822.0,,-555555555.0,*****,360
362,"Martin-Union City, TN-KY CSA",70356.0,,-555555555.0,*****,362
364,"Mayag�ez-San Germ�n, PR CSA",220923.0,,-555555555.0,*****,364
365,"McAllen-Edinburg, TX CSA",913283.0,,-555555555.0,*****,365
372,"Midland-Odessa, TX CSA",328150.0,,-555555555.0,*****,372
366,"Medford-Grants Pass, OR CSA",299748.0,,-555555555.0,*****,366
368,"Memphis-Forrest City, TN-MS-AR CSA",1372285.0,,-555555555.0,*****,368
370,"Miami-Fort Lauderdale-Port St. Lucie, FL CSA",6725672.0,,-555555555.0,*****,370
376,"Milwaukee-Racine-Waukesha, WI CSA",2046746.0,,-555555555.0,*****,376
378,"Minneapolis-St. Paul, MN-WI CSA",3901933.0,,-555555555.0,*****,378
380,"Mobile-Daphne-Fairhope, AL CSA",622766.0,,-555555555.0,*****,380
382,"Modesto-Merced, CA CSA",808376.0,,-555555555.0,*****,382
384,"Monroe-Ruston-Bastrop, LA CSA",251898.0,,-555555555.0,*****,384
390,"Morgantown-Fairmont, WV CSA",195586.0,,-555555555.0,*****,390
393,"Moses Lake-Othello, WA CSA",114312.0,,-555555555.0,*****,393
394,"Mount Pleasant-Alma, MI CSA",111842.0,,-555555555.0,*****,394
396,"Myrtle Beach-Conway, SC-NC CSA",509380.0,,-555555555.0,*****,396
400,"Nashville-Davidson--Murfreesboro, TN CSA",1986902.0,,-555555555.0,*****,400
404,"New Bern-Morehead City, NC CSA",194439.0,,-555555555.0,*****,404
406,"New Orleans-Metairie-Hammond, LA-MS CSA",1495745.0,,-555555555.0,*****,406
408,"New York-Newark, NY-NJ-CT-PA CSA",23527576.0,,-555555555.0,*****,408
412,"North Port-Sarasota, FL CSA",999350.0,,-555555555.0,*****,412
416,"Oklahoma City-Shawnee, OK CSA",1441759.0,,-555555555.0,*****,416
425,"Parkersburg-Marietta-Vienna, WV-OH CSA",152024.0,,-555555555.0,*****,425
426,"Pensacola-Ferry Pass, FL-AL CSA",519292.0,,-555555555.0,*****,426
427,"Peoria-Canton, IL CSA",409844.0,,-555555555.0,*****,427
428,"Philadelphia-Reading-Camden, PA-NJ-DE-MD CSA",7176556.0,,-555555555.0,*****,428
420,"Omaha-Council Bluffs-Fremont, NE-IA CSA",959574.0,,-555555555.0,*****,420
422,"Orlando-Deltona-Daytona Beach, FL CSA",3206033.0,,-555555555.0,*****,422
423,"Oskaloosa-Pella, IA CSA",55415.0,,-555555555.0,*****,423
424,"Paducah-Mayfield, KY-IL CSA",134361.0,,-555555555.0,*****,424
430,"Pittsburgh-New Castle-Weirton, PA-OH-WV CSA",2632416.0,,-555555555.0,*****,430
434,"Ponce-Coamo-Santa Isabel, PR CSA",386605.0,,-555555555.0,*****,434
438,"Portland-Lewiston-South Portland, ME CSA",636767.0,,-555555555.0,*****,438
440,"Portland-Vancouver-Salem, OR-WA CSA",3152673.0,,-555555555.0,*****,440
444,"Pueblo-Ca�on City, CO CSA",211687.0,,-555555555.0,*****,444
446,"Pullman-Moscow, WA-ID CSA",87832.0,,-555555555.0,*****,446
448,"Quincy-Hannibal, IL-MO CSA",115343.0,,-555555555.0,*****,448
450,"Raleigh-Durham-Chapel Hill, NC CSA",2154965.0,,-555555555.0,*****,450
452,"Rapid City-Spearfish, SD CSA",170525.0,,-555555555.0,*****,452
454,"Redding-Red Bluff, CA CSA",242458.0,,-555555555.0,*****,454
456,"Reno-Carson City-Fernley, NV CSA",609877.0,,-555555555.0,*****,456
458,"Richmond-Connersville, IN CSA",89872.0,,-555555555.0,*****,458
462,"Rochester-Austin, MN CSA",255637.0,,-555555555.0,*****,462
464,"Rochester-Batavia-Seneca Falls, NY CSA",1167391.0,,-555555555.0,*****,464
466,"Rockford-Freeport-Rochelle, IL CSA",436541.0,,-555555555.0,*****,466
468,"Rocky Mount-Wilson-Roanoke Rapids, NC CSA",300594.0,,-555555555.0,*****,468
470,"Rome-Summerville, GA CSA",121641.0,,-555555555.0,*****,470
472,"Sacramento-Roseville, CA CSA",2562195.0,,-555555555.0,*****,472
474,"Saginaw-Midland-Bay City, MI CSA",380953.0,,-555555555.0,*****,474
476,"St. Louis-St. Charles-Farmington, MO-IL CSA",2909977.0,,-555555555.0,*****,476
482,"Salt Lake City-Provo-Orem, UT CSA",2511156.0,,-555555555.0,*****,482
488,"San Jose-San Francisco-Oakland, CA CSA",8741191.0,,-555555555.0,*****,488
490,"San Juan-Carolina, PR CSA",2432066.0,,-555555555.0,*****,490
496,"Savannah-Hinesville-Statesboro, GA CSA",536669.0,,-555555555.0,*****,496
500,"Seattle-Tacoma, WA CSA",4691993.0,,-555555555.0,*****,500
512,"Sioux City-Vermillion, IA-SD-NE CSA",182602.0,,-555555555.0,*****,512
515,"South Bend-Elkhart-Mishawaka, IN-MI CSA",725706.0,,-555555555.0,*****,515
518,"Spokane-Spokane Valley-Coeur d'Alene, WA-ID CSA",708913.0,,-555555555.0,*****,518
520,"Springfield-Branson, MO CSA",545081.0,,-555555555.0,*****,520
521,"Springfield-Greenfield Town, MA CSA",701210.0,,-555555555.0,*****,521
522,"Springfield-Jacksonville-Lincoln, IL CSA",311939.0,,-555555555.0,*****,522
524,"State College-DuBois, PA CSA",241659.0,,-555555555.0,*****,524
525,"Steamboat Springs-Craig, CO CSA",37934.0,,-555555555.0,*****,525
540,"Tyler-Jacksonville, TX CSA",276918.0,,-555555555.0,*****,540
544,"Victoria-Port Lavaca, TX CSA",121308.0,,-555555555.0,*****,544
545,"Virginia Beach-Norfolk, VA-NC CSA",1825246.0,,-555555555.0,*****,545
546,"Visalia-Porterville-Hanford, CA CSA",610552.0,,-555555555.0,*****,546
548,"Washington-Baltimore-Arlington, DC-MD-VA-WV-PA CSA",9665997.0,,-555555555.0,*****,548
532,"Syracuse-Auburn, NY CSA",732573.0,,-555555555.0,*****,532
533,"Tallahassee-Bainbridge, FL-GA CSA",406934.0,,-555555555.0,*****,533
534,"Toledo-Port Clinton, OH CSA",645329.0,,-555555555.0,*****,534
536,"Tucson-Nogales, AZ CSA",1066306.0,,-555555555.0,*****,536
538,"Tulsa-Muskogee-Bartlesville, OK CSA",1154917.0,,-555555555.0,*****,538
554,"Wausau-Stevens Point-Wisconsin Rapids, WI CSA",306985.0,,-555555555.0,*****,554
556,"Wichita-Arkansas City-Winfield, KS CSA",679356.0,,-555555555.0,*****,556
558,"Williamsport-Lock Haven, PA CSA",153933.0,,-555555555.0,*****,558
566,"Youngstown-Warren, OH-PA CSA",649491.0,,-555555555.0,*****,566
104,"Albany-Schenectady, NY CSA",1170877.0,,-555555555.0,*****,104
106,"Albuquerque-Santa Fe-Las Vegas, NM CSA",1171604.0,,-555555555.0,*****,106
108,"Amarillo-Borger, TX CSA",284983.0,,125.0,,108
118,"Appleton-Oshkosh-Neenah, WI CSA",404487.0,,-555555555.0,*****,118
120,"Asheville-Brevard, NC CSA",483450.0,,-555555555.0,*****,120
122,"Atlanta--Athens-Clarke County--Sandy Springs, GA CSA",6440883.0,,-555555555.0,*****,122
145,"Bloomington-Pontiac, IL CSA",225585.0,,-555555555.0,*****,145
146,"Bloomsburg-Berwick-Sunbury, PA CSA",262419.0,,-555555555.0,*****,146
147,"Boise City-Mountain Home-Ontario, ID-OR CSA",773857.0,,-555555555.0,*****,147
144,"Bloomington-Bedford, IN CSA",211900.0,,-555555555.0,*****,144
148,"Boston-Worcester-Providence, MA-RI-NH-CT CSA",8200935.0,,-555555555.0,*****,148
140,"Bend-Redmond-Prineville, OR CSA",202977.0,,-555555555.0,*****,140
142,"Birmingham-Hoover-Talladega, AL CSA",1361423.0,,-555555555.0,*****,142
160,"Buffalo-Cheektowaga, NY CSA",1209256.0,,-555555555.0,*****,160
162,"Cape Coral-Fort Myers-Naples, FL CSA",1082601.0,,-555555555.0,*****,162
164,"Cape Girardeau-Sikeston, MO-IL CSA",135866.0,,-555555555.0,*****,164
168,"Cedar Rapids-Iowa City, IA CSA",437459.0,,-555555555.0,*****,168
150,"Bowling Green-Glasgow, KY CSA",225772.0,,-555555555.0,*****,150
154,"Brownsville-Harlingen-Raymondville, TX CSA",443504.0,,-555555555.0,*****,154
170,"Charleston-Huntington-Ashland, WV-OH-KY CSA",685724.0,,-555555555.0,*****,170
172,"Charlotte-Concord, NC-SC CSA",2631398.0,,-555555555.0,*****,172
174,"Chattanooga-Cleveland-Dalton, TN-GA-AL CSA",954283.0,,-555555555.0,*****,174
176,"Chicago-Naperville, IL-IN-WI CSA",9907569.0,,-555555555.0,*****,176
178,"Cincinnati-Wilmington-Maysville, OH-KY-IN CSA",2227874.0,,-555555555.0,*****,178
184,"Cleveland-Akron-Canton, OH CSA",3491528.0,,-555555555.0,*****,184
185,"Cleveland-Indianola, MS CSA",59124.0,,-555555555.0,*****,185
188,"Clovis-Portales, NM CSA",69316.0,,-555555555.0,*****,188
190,"Columbia-Moberly-Mexico, MO CSA",227195.0,,-555555555.0,*****,190
192,"Columbia-Orangeburg-Newberry, SC CSA",943186.0,,-555555555.0,*****,192
194,"Columbus-Auburn-Opelika, GA-AL CSA",500837.0,,-555555555.0,*****,194
198,"Columbus-Marion-Zanesville, OH CSA",2456974.0,,-555555555.0,*****,198
200,"Columbus-West Point, MS CSA",79245.0,,-555555555.0,*****,200
204,"Corpus Christi-Kingsville-Alice, TX CSA",525507.0,,181.0,,204
206,"Dallas-Fort Worth, TX-OK CSA",7696693.0,,-555555555.0,*****,206
209,"Davenport-Moline, IA-IL CSA",472888.0,,-555555555.0,*****,209
212,"Dayton-Springfield-Sidney, OH CSA",1077238.0,,-555555555.0,*****,212
216,"Denver-Aurora, CO CSA",3466374.0,,-555555555.0,*****,216
217,"DeRidder-Fort Polk South, LA CSA",87776.0,,-555555555.0,*****,217
218,"Des Moines-Ames-West Des Moines, IA CSA",794413.0,,-555555555.0,*****,218
220,"Detroit-Warren-Ann Arbor, MI CSA",5340674.0,,-555555555.0,*****,220
221,"Dixon-Sterling, IL CSA",90923.0,,-555555555.0,*****,221
222,"Dothan-Enterprise-Ozark, AL CSA",248510.0,,-555555555.0,*****,222
232,"Eau Claire-Menomonie, WI CSA",211124.0,,-555555555.0,*****,232
233,"Edwards-Glenwood Springs, CO CSA",130804.0,,-555555555.0,*****,233
236,"Elmira-Corning, NY CSA",182667.0,,-555555555.0,*****,236
238,"El Paso-Las Cruces, TX-NM CSA",1057090.0,,-555555555.0,*****,238
240,"Erie-Meadville, PA CSA",362136.0,,-555555555.0,*****,240
244,"Fargo-Wahpeton, ND-MN CSA",259634.0,,-555555555.0,*****,244
246,"Fayetteville-Lumberton-Laurinburg, NC CSA",554049.0,,-555555555.0,*****,246
248,"Findlay-Tiffin, OH CSA",131165.0,,-555555555.0,*****,248
258,"Fort Wayne-Huntington-Auburn, IN CSA",627814.0,,-555555555.0,*****,258
260,"Fresno-Madera, CA CSA",1133143.0,,-555555555.0,*****,260
264,"Gainesville-Lake City, FL CSA",349868.0,,-555555555.0,*****,264
266,"Grand Rapids-Wyoming-Muskegon, MI CSA",1446173.0,,-555555555.0,*****,266
267,"Green Bay-Shawano, WI CSA",363290.0,,-555555555.0,*****,267
268,"Greensboro--Winston-Salem--High Point, NC CSA",1652283.0,,-555555555.0,*****,268
