origin_fips,origin_county_name,origin_state_abbr,returns
06037,Los Angeles County,CA,140088.0
17031,Cook County,IL,90530.0
48201,Harris County,TX,79482.0
36061,New York County,NY,76950.0
36047,Kings County,NY,66414.0
48113,Dallas County,TX,65270.0
06073,San Diego County,CA,60134.0
04013,Maricopa County,AZ,58957.0
06059,Orange County,CA,57989.0
36081,Queens County,NY,55012.0
12086,Miami-Dade County,FL,54926.0
53033,King County,WA,52635.0
12011,Broward County,FL,48926.0
48453,Travis County,TX,47243.0
13121,Fulton County,GA,44483.0
48439,Tarrant County,TX,42884.0
06085,Santa Clara County,CA,42644.0
25017,Middlesex County,MA,42627.0
06001,Alameda County,CA,42404.0
06065,Riverside County,CA,41831.0
12095,Orange County,FL,41381.0
06071,San Bernardino County,CA,40711.0
51059,Fairfax County,VA,39100.0
12057,Hillsborough County,FL,36307.0
06075,San Francisco County,CA,34507.0
08031,Denver County,CO,34162.0
27053,Hennepin County,MN,33531.0
25025,Suffolk County,MA,32583.0
32003,Clark County,NV,32443.0
36005,Bronx County,NY,32082.0
42101,Philadelphia County,PA,31894.0
13089,DeKalb County,GA,31166.0
48029,Bexar County,TX,30584.0
12099,Palm Beach County,FL,29934.0
26163,Wayne County,MI,29415.0
26125,Oakland County,MI,28511.0
48085,Collin County,TX,27676.0
37119,Mecklenburg County,NC,27430.0
24031,Montgomery County,MD,27070.0
11001,District of Columbia,DC,26990.0
39049,Franklin County,OH,26373.0
06067,Sacramento County,CA,26210.0
36059,Nassau County,NY,25550.0
08005,Arapahoe County,CO,25074.0
24033,Prince George's County,MD,24975.0
17043,DuPage County,IL,24939.0
13067,Cobb County,GA,24431.0
48121,Denton County,TX,24295.0
41051,Multnomah County,OR,24265.0
13135,Gwinnett County,GA,24162.0
34017,Hudson County,NJ,24067.0
06013,Contra Costa County,CA,23986.0
37183,Wake County,NC,23464.0
06081,San Mateo County,CA,22115.0
18097,Marion County,IN,22031.0
29189,St. Louis County,MO,21964.0
36103,Suffolk County,NY,21239.0
12031,Duval County,FL,21058.0
47037,Davidson County,TN,20963.0
34023,Middlesex County,NJ,20959.0
12103,Pinellas County,FL,20738.0
24005,Baltimore County,MD,20667.0
53053,Pierce County,WA,20265.0
25021,Norfolk County,MA,20214.0
34003,Bergen County,NJ,19696.0
36119,Westchester County,NY,19577.0
08059,Jefferson County,CO,19448.0
39035,Cuyahoga County,OH,19429.0
49035,Salt Lake County,UT,19234.0
42003,Allegheny County,PA,19022.0
24510,Baltimore city,MD,18851.0
15003,Honolulu County,HI,18242.0
34013,Essex County,NJ,18201.0
27123,Ramsey County,MN,17756.0
42091,Montgomery County,PA,17448.0
09001,Fairfield County,CT,17341.0
55079,Milwaukee County,WI,16738.0
53061,Snohomish County,WA,16527.0
08041,El Paso County,CO,16381.0
48157,Fort Bend County,TX,15846.0
08001,Adams County,CO,15814.0
39061,Hamilton County,OH,15539.0
41067,Washington County,OR,15411.0
09003,Hartford County,CT,15311.0
51013,Arlington County,VA,15265.0
12117,Seminole County,FL,15122.0
40109,Oklahoma County,OK,14972.0
26099,Macomb County,MI,14969.0
09009,New Haven County,CT,14705.0
29095,Jackson County,MO,14460.0
48491,Williamson County,TX,14342.0
24003,Anne Arundel County,MD,14325.0
17097,Lake County,IL,13961.0
17197,Will County,IL,13955.0
51153,Prince William County,VA,13658.0
25009,Essex County,MA,13641.0
47157,Shelby County,TN,13556.0
06111,Ventura County,CA,13414.0
51810,Virginia Beach city,VA,13345.0
04019,Pima County,AZ,13201.0
34039,Union County,NJ,12741.0
12071,Lee County,FL,12614.0
29510,St. Louis city,MO,12080.0
20091,Johnson County,KS,12068.0
48339,Montgomery County,TX,11782.0
25027,Worcester County,MA,11761.0
21111,Jefferson County,KY,11742.0
12105,Polk County,FL,11623.0
48141,El Paso County,TX,11522.0
34025,Monmouth County,NJ,11498.0
12101,Pasco County,FL,11407.0
42017,Bucks County,PA,11159.0
34027,Morris County,NJ,11122.0
40143,Tulsa County,OK,11094.0
12097,Osceola County,FL,10998.0
35001,Bernalillo County,NM,10971.0
41005,Clackamas County,OR,10957.0
13063,Clayton County,GA,10939.0
17089,Kane County,IL,10851.0
27037,Dakota County,MN,10811.0
44007,Providence County,RI,10737.0
06077,San Joaquin County,CA,10711.0
26081,Kent County,MI,10664.0
42045,Delaware County,PA,10590.0
01073,Jefferson County,AL,10523.0
55025,Dane County,WI,10328.0
34031,Passaic County,NJ,10224.0
51510,Alexandria city,VA,10179.0
37051,Cumberland County,NC,10070.0
34007,Camden County,NJ,10041.0
37081,Guilford County,NC,9880.0
45019,Charleston County,SC,9808.0
48027,Bell County,TX,9804.0
31055,Douglas County,NE,9709.0
45079,Richland County,SC,9620.0
08013,Boulder County,CO,9554.0
49049,Utah County,UT,9530.0
06019,Fresno County,CA,9493.0
08035,Douglas County,CO,9391.0
26161,Washtenaw County,MI,9381.0
37063,Durham County,NC,9319.0
42029,Chester County,PA,9306.0
51087,Henrico County,VA,9070.0
06061,Placer County,CA,9055.0
12127,Volusia County,FL,9052.0
25023,Plymouth County,MA,8986.0
51710,Norfolk city,VA,8984.0
36055,Monroe County,NY,8974.0
06029,Kern County,CA,8972.0
39113,Montgomery County,OH,8970.0
22071,Orleans Parish,LA,8967.0
39153,Summit County,OH,8952.0
51760,Richmond city,VA,8851.0
27003,Anoka County,MN,8845.0
51107,Loudoun County,VA,8842.0
34005,Burlington County,NJ,8820.0
24027,Howard County,MD,8802.0
12115,Sarasota County,FL,8800.0
36029,Erie County,NY,8787.0
22051,Jefferson Parish,LA,8787.0
06095,Solano County,CA,8759.0
34035,Somerset County,NJ,8723.0
33011,Hillsborough County,NH,8552.0
34029,Ocean County,NJ,8449.0
22033,East Baton Rouge Parish,LA,8359.0
10003,New Castle County,DE,8358.0
04021,Pinal County,AZ,8246.0
12009,Brevard County,FL,8161.0
45045,Greenville County,SC,8156.0
53011,Clark County,WA,8146.0
55133,Waukesha County,WI,7875.0
25005,Bristol County,MA,7710.0
19153,Polk County,IA,7582.0
08069,Larimer County,CO,7544.0
18089,Lake County,IN,7501.0
16001,Ada County,ID,7477.0
34021,Mercer County,NJ,7474.0
47093,Knox County,TN,7394.0
33015,Rockingham County,NH,7366.0
06097,Sonoma County,CA,7338.0
12069,Lake County,FL,7318.0
49011,Davis County,UT,7213.0
32031,Washoe County,NV,7189.0
51041,Chesterfield County,VA,7157.0
36085,Richmond County,NY,7155.0
05119,Pulaski County,AR,7101.0
42077,Lehigh County,PA,7092.0
06099,Stanislaus County,CA,7056.0
36001,Albany County,NY,7037.0
12021,Collier County,FL,7023.0
39017,Butler County,OH,7011.0
12081,Manatee County,FL,6991.0
06053,Monterey County,CA,6971.0
06083,Santa Barbara County,CA,6952.0
53063,Spokane County,WA,6872.0
12073,Leon County,FL,6757.0
26065,Ingham County,MI,6681.0
48039,Brazoria County,TX,6649.0
40027,Cleveland County,OK,6632.0
02020,Anchorage Municipality,AK,6631.0
18057,Hamilton County,IN,6629.0
12033,Escambia County,FL,6622.0
51550,Chesapeake city,VA,6609.0
36071,Orange County,NY,6498.0
27163,Washington County,MN,6471.0
29183,St. Charles County,MO,6418.0
12001,Alachua County,FL,6370.0
48167,Galveston County,TX,6340.0
47149,Rutherford County,TN,6244.0
53067,Thurston County,WA,6215.0
13051,Chatham County,GA,6187.0
21067,Fayette County,KY,6089.0
37067,Forsyth County,NC,6075.0
36067,Onondaga County,NY,5931.0
51700,Newport News city,VA,5919.0
20173,Sedgwick County,KS,5878.0
13151,Henry County,GA,5769.0
08123,Weld County,CO,5763.0
23005,Cumberland County,ME,5754.0
37133,Onslow County,NC,5728.0
45015,Berkeley County,SC,5718.0
12111,St. Lucie County,FL,5708.0
17111,McHenry County,IL,5695.0
06041,Marin County,CA,5684.0
29047,Clay County,MO,5666.0
42071,Lancaster County,PA,5644.0
48209,Hays County,TX,5643.0
42133,York County,PA,5630.0
42095,Northampton County,PA,5604.0
48355,Nueces County,TX,5588.0
41047,Marion County,OR,5580.0
39095,Lucas County,OH,5561.0
53035,Kitsap County,WA,5449.0
26049,Genesee County,MI,5424.0
41039,Lane County,OR,5347.0
42043,Dauphin County,PA,5303.0
25013,Hampden County,MA,5279.0
29077,Greene County,MO,5273.0
45063,Lexington County,SC,5187.0
12083,Marion County,FL,5174.0
13215,Muscogee County,GA,5153.0
12019,Clay County,FL,5117.0
06087,Santa Cruz County,CA,5053.0
26139,Ottawa County,MI,5048.0
34015,Gloucester County,NJ,5012.0
39165,Warren County,OH,5009.0
12091,Okaloosa County,FL,4986.0
06113,Yolo County,CA,4983.0
42011,Berks County,PA,4959.0
48215,Hidalgo County,TX,4919.0
13245,Richmond County,GA,4912.0
13057,Cherokee County,GA,4878.0
01089,Madison County,AL,4855.0
47065,Hamilton County,TN,4847.0
47187,Williamson County,TN,4762.0
47125,Montgomery County,TN,4752.0
37021,Buncombe County,NC,4658.0
28049,Hinds County,MS,4654.0
12109,St. Johns County,FL,4597.0
09011,New London County,CT,4561.0
36091,Saratoga County,NY,4550.0
31153,Sarpy County,NE,4542.0
06079,San Luis Obispo County,CA,4532.0
51650,Hampton city,VA,4487.0
36087,Rockland County,NY,4465.0
48303,Lubbock County,TX,4463.0
45035,Dorchester County,SC,4457.0
49057,Weber County,UT,4399.0
24021,Frederick County,MD,4398.0
39151,Stark County,OH,4369.0
37129,New Hanover County,NC,4353.0
36027,Dutchess County,NY,4334.0
01117,Shelby County,AL,4326.0
26077,Kalamazoo County,MI,4251.0
21117,Kenton County,KY,4245.0
22017,Caddo Parish,LA,4244.0
42041,Cumberland County,PA,4211.0
24025,Harford County,MD,4160.0
42129,Westmoreland County,PA,4149.0
39041,Delaware County,OH,4132.0
22055,Lafayette Parish,LA,4130.0
45051,Horry County,SC,4121.0
48041,Brazos County,TX,4102.0
06107,Tulare County,CA,4099.0
13097,Douglas County,GA,4079.0
37135,Orange County,NC,4077.0
18003,Allen County,IN,4074.0
13117,Forsyth County,GA,4057.0
48187,Guadalupe County,TX,4050.0
37025,Cabarrus County,NC,4005.0
39057,Greene County,OH,3981.0
05143,Washington County,AR,3972.0
48245,Jefferson County,TX,3972.0
55087,Outagamie County,WI,3963.0
05007,Benton County,AR,3921.0
39025,Clermont County,OH,3899.0
06017,El Dorado County,CA,3848.0
17163,St. Clair County,IL,3844.0
39093,Lorain County,OH,3829.0
20209,Wyandotte County,KS,3816.0
48423,Smith County,TX,3801.0
34001,Atlantic County,NJ,3793.0
06007,Butte County,CA,3772.0
01101,Montgomery County,AL,3758.0
31109,Lancaster County,NE,3726.0
29099,Jefferson County,MO,3711.0
45091,York County,SC,3703.0
01097,Mobile County,AL,3685.0
51179,Stafford County,VA,3672.0
48329,Midland County,TX,3668.0
18141,St. Joseph County,IN,3655.0
25001,Barnstable County,MA,3653.0
46099,Minnehaha County,SD,3653.0
18081,Johnson County,IN,3638.0
08014,Broomfield County,CO,3603.0
44003,Kent County,RI,3594.0
16027,Canyon County,ID,3577.0
28047,Harrison County,MS,3557.0
45083,Spartanburg County,SC,3532.0
04025,Yavapai County,AZ,3511.0
55009,Brown County,WI,3509.0
48061,Cameron County,TX,3491.0
55139,Winnebago County,WI,3479.0
23031,York County,ME,3474.0
53005,Benton County,WA,3473.0
17201,Winnebago County,IL,3449.0
17119,Madison County,IL,3445.0
26093,Livingston County,MI,3443.0
35013,Doña Ana County,NM,3441.0
48091,Comal County,TX,3430.0
22103,St. Tammany Parish,LA,3386.0
09007,Middlesex County,CT,3365.0
48251,Johnson County,TX,3362.0
13223,Paulding County,GA,3358.0
18063,Hendricks County,IN,3356.0
37179,Union County,NC,3347.0
39133,Portage County,OH,3343.0
06047,Merced County,CA,3332.0
36083,Rensselaer County,NY,3327.0
42079,Luzerne County,PA,3323.0
27145,Stearns County,MN,3323.0
12113,Santa Rosa County,FL,3284.0
47165,Sumner County,TN,3281.0
27139,Scott County,MN,3279.0
39085,Lake County,OH,3261.0
48381,Randall County,TX,3250.0
38017,Cass County,ND,3246.0
04005,Coconino County,AZ,3237.0
48375,Potter County,TX,3233.0
17019,Champaign County,IL,3230.0
25015,Hampshire County,MA,3218.0
37071,Gaston County,NC,3213.0
41017,Deschutes County,OR,3210.0
24017,Charles County,MD,3208.0
12085,Martin County,FL,3180.0
48139,Ellis County,TX,3174.0
48309,McLennan County,TX,3163.0
33013,Merrimack County,NH,3125.0
12005,Bay County,FL,3119.0
21015,Boone County,KY,3104.0
29165,Platte County,MO,3098.0
39103,Medina County,OH,3097.0
13139,Hall County,GA,3095.0
17143,Peoria County,IL,3088.0
53073,Whatcom County,WA,3083.0
39045,Fairfield County,OH,3013.0
28033,DeSoto County,MS,2997.0
37085,Harnett County,NC,2997.0
12015,Charlotte County,FL,2995.0
17093,Kendall County,IL,2995.0
37101,Johnston County,NC,2993.0
51740,Portsmouth city,VA,2992.0
50007,Chittenden County,VT,2986.0
12053,Hernando County,FL,2985.0
09013,Tolland County,CT,2963.0
35013,Dona Ana County,NM,2915.0
26045,Eaton County,MI,2902.0
39099,Mahoning County,OH,2891.0
18157,Tippecanoe County,IN,2882.0
09005,Litchfield County,CT,2869.0
40017,Canadian County,OK,2867.0
35043,Sandoval County,NM,2862.0
48183,Gregg County,TX,2862.0
48257,Kaufman County,TX,2860.0
51177,Spotsylvania County,VA,2844.0
42089,Monroe County,PA,2840.0
55101,Racine County,WI,2838.0
29019,Boone County,MO,2837.0
19103,Johnson County,IA,2824.0
13059,Clarke County,GA,2816.0
22015,Bossier Parish,LA,2809.0
45013,Beaufort County,SC,2796.0
41029,Jackson County,OR,2795.0
39089,Licking County,OH,2792.0
36093,Schenectady County,NY,2791.0
39173,Wood County,OH,2779.0
48135,Ector County,TX,2778.0
13073,Columbia County,GA,2744.0
48367,Parker County,TX,2739.0
18127,Porter County,IN,2727.0
04015,Mohave County,AZ,2715.0
35013,Do??a Ana County,NM,2708.0
27171,Wright County,MN,2704.0
01081,Lee County,AL,2702.0
24013,Carroll County,MD,2670.0
37147,Pitt County,NC,2649.0
13247,Rockdale County,GA,2639.0
19113,Linn County,IA,2628.0
13021,Bibb County,GA,2595.0
55059,Kenosha County,WI,2588.0
06055,Napa County,CA,2566.0
10005,Sussex County,DE,2563.0
37097,Iredell County,NC,2559.0
51003,Albemarle County,VA,2558.0
51770,Roanoke city,VA,2549.0
33017,Strafford County,NH,2528.0
36111,Ulster County,NY,2514.0
27141,Sherburne County,MN,2502.0
18163,Vanderburgh County,IN,2501.0
42125,Washington County,PA,2493.0
47189,Wilson County,TN,2482.0
18039,Elkhart County,IN,2476.0
37057,Davidson County,NC,2470.0
26145,Saginaw County,MI,2464.0
53077,Yakima County,WA,2462.0
45007,Anderson County,SC,2457.0
18105,Monroe County,IN,2454.0
13077,Coweta County,GA,2436.0
13153,Houston County,GA,2425.0
36045,Jefferson County,NY,2423.0
04027,Yuma County,AZ,2421.0
13217,Newton County,GA,2406.0
37035,Catawba County,NC,2403.0
13113,Fayette County,GA,2392.0
36063,Niagara County,NY,2392.0
48397,Rockwall County,TX,2387.0
27137,St. Louis County,MN,2385.0
34037,Sussex County,NJ,2381.0
26005,Allegan County,MI,2377.0
42019,Butler County,PA,2370.0
35049,Santa Fe County,NM,2364.0
28121,Rankin County,MS,2364.0
41003,Benton County,OR,2356.0
39155,Trumbull County,OH,2350.0
06089,Shasta County,CA,2348.0
55131,Washington County,WI,2343.0
13179,Liberty County,GA,2326.0
17113,McLean County,IL,2319.0
49053,Washington County,UT,2318.0
22019,Calcasieu Parish,LA,2299.0
27109,Olmsted County,MN,2298.0
48441,Taylor County,TX,2276.0
01125,Tuscaloosa County,AL,2275.0
18019,Clark County,IN,2265.0
51161,Roanoke County,VA,2254.0
41043,Linn County,OR,2242.0
19049,Dallas County,IA,2240.0
10001,Kent County,DE,2206.0
26115,Monroe County,MI,2205.0
20045,Douglas County,KS,2199.0
44009,Washington County,RI,2196.0
37001,Alamance County,NC,2192.0
17167,Sangamon County,IL,2187.0
19163,Scott County,IA,2183.0
16055,Kootenai County,ID,2179.0
47179,Washington County,TN,2177.0
21037,Campbell County,KY,2173.0
40031,Comanche County,OK,2170.0
01003,Baldwin County,AL,2136.0
24043,Washington County,MD,2134.0
34019,Hunterdon County,NJ,2131.0
04003,Cochise County,AZ,2129.0
42069,Lackawanna County,PA,2121.0
17037,DeKalb County,IL,2110.0
35045,San Juan County,NM,2107.0
48099,Coryell County,TX,2098.0
27019,Carver County,MN,2083.0
36065,Oneida County,NY,2074.0
22063,Livingston Parish,LA,2073.0
41053,Polk County,OR,2050.0
06031,Kings County,CA,2044.0
05131,Sebastian County,AR,2043.0
28059,Jackson County,MS,2040.0
55035,Eau Claire County,WI,2033.0
47163,Sullivan County,TN,2032.0
13045,Carroll County,GA,2021.0
12061,Indian River County,FL,2021.0
30063,Missoula County,MT,2017.0
26147,St. Clair County,MI,2011.0
45077,Pickens County,SC,2006.0
17161,Rock Island County,IL,2003.0
20177,Shawnee County,KS,1983.0
53021,Franklin County,WA,1980.0
06025,Imperial County,CA,1978.0
06039,Madera County,CA,1973.0
26021,Berrien County,MI,1971.0
53029,Island County,WA,1965.0
29037,Cass County,MO,1961.0
54039,Kanawha County,WV,1953.0
28089,Madison County,MS,1949.0
45003,Aiken County,SC,1947.0
49005,Cache County,UT,1944.0
37159,Rowan County,NC,1941.0
42007,Beaver County,PA,1940.0
05045,Faulkner County,AR,1932.0
05125,Saline County,AR,1929.0
51800,Suffolk city,VA,1929.0
06057,Nevada County,CA,1929.0
21047,Christian County,KY,1926.0
40145,Wagoner County,OK,1924.0
34041,Warren County,NJ,1923.0
36079,Putnam County,NY,1922.0
20161,Riley County,KS,1921.0
17179,Tazewell County,IL,1918.0
36007,Broome County,NY,1915.0
42049,Erie County,PA,1913.0
53057,Skagit County,WA,1909.0
02090,Fairbanks North Star Borough,AK,1895.0
21093,Hardin County,KY,1892.0
55127,Walworth County,WI,1891.0
33009,Grafton County,NH,1882.0
12087,Monroe County,FL,1874.0
28035,Forrest County,MS,1872.0
40131,Rogers County,OK,1871.0
55105,Rock County,WI,1866.0
48451,Tom Green County,TX,1864.0
23019,Penobscot County,ME,1863.0
51199,York County,VA,1855.0
51085,Hanover County,VA,1854.0
18043,Floyd County,IN,1851.0
12017,Citrus County,FL,1851.0
37151,Randolph County,NC,1849.0
13185,Lowndes County,GA,1845.0
29043,Christian County,MO,1840.0
12035,Flagler County,FL,1836.0
26121,Muskegon County,MI,1820.0
22073,Ouachita Parish,LA,1814.0
41071,Yamhill County,OR,1807.0
48231,Hunt County,TX,1807.0
48181,Grayson County,TX,1801.0
22005,Ascension Parish,LA,1797.0
29097,Jasper County,MO,1793.0
15001,Hawaii County,HI,1791.0
37049,Craven County,NC,1776.0
45041,Florence County,SC,1766.0
04017,Navajo County,AZ,1766.0
48485,Wichita County,TX,1754.0
13297,Walton County,GA,1751.0
26037,Clinton County,MI,1751.0
37127,Nash County,NC,1751.0
36069,Ontario County,NY,1748.0
51683,Manassas city,VA,1746.0
30111,Yellowstone County,MT,1745.0
09015,Windham County,CT,1744.0
23011,Kennebec County,ME,1744.0
20061,Geary County,KS,1735.0
22105,Tangipahoa Parish,LA,1731.0
26075,Jackson County,MI,1721.0
08077,Mesa County,CO,1714.0
51540,Charlottesville city,VA,1710.0
46103,Pennington County,SD,1702.0
51680,Lynchburg city,VA,1701.0
36109,Tompkins County,NY,1689.0
47009,Blount County,TN,1683.0
26025,Calhoun County,MI,1682.0
19169,Story County,IA,1681.0
48479,Webb County,TX,1680.0
12119,Sumter County,FL,1675.0
21029,Bullitt County,KY,1672.0
18095,Madison County,IN,1670.0
55027,Dodge County,WI,1660.0
30031,Gallatin County,MT,1648.0
39023,Clark County,OH,1647.0
13015,Bartow County,GA,1646.0
55055,Jefferson County,WI,1643.0
55073,Marathon County,WI,1642.0
35031,McKinley County,NM,1641.0
13095,Dougherty County,GA,1639.0
44005,Newport County,RI,1634.0
13013,Barrow County,GA,1632.0
01113,Russell County,AL,1630.0
42075,Lebanon County,PA,1630.0
47119,Maury County,TN,1625.0
06101,Sutter County,CA,1617.0
20201,Washington County,KS,1617.0
18059,Hancock County,IN,1612.0
06023,Humboldt County,CA,1612.0
06115,Yuba County,CA,1610.0
15009,Maui County,HI,1609.0
42027,Centre County,PA,1605.0
39109,Miami County,OH,1603.0
55063,La Crosse County,WI,1602.0
23001,Androscoggin County,ME,1589.0
16019,Bonneville County,ID,1589.0
19013,Black Hawk County,IA,1586.0
37019,Brunswick County,NC,1585.0
08101,Pueblo County,CO,1584.0
39055,Geauga County,OH,1577.0
55089,Ozaukee County,WI,1571.0
34011,Cumberland County,NJ,1570.0
21227,Warren County,KY,1567.0
51069,Frederick County,VA,1561.0
55109,St. Croix County,WI,1552.0
46083,Lincoln County,SD,1549.0
53007,Chelan County,WA,1547.0
20103,Leavenworth County,KS,1547.0
40037,Creek County,OK,1544.0
27013,Blue Earth County,MN,1543.0
48021,Bastrop County,TX,1543.0
48291,Liberty County,TX,1532.0
01103,Morgan County,AL,1532.0
53015,Cowlitz County,WA,1531.0
47113,Madison County,TN,1517.0
42001,Adams County,PA,1514.0
01069,Houston County,AL,1508.0
48409,San Patricio County,TX,1507.0
24015,Cecil County,MD,1501.0
37089,Henderson County,NC,1493.0
26055,Grand Traverse County,MI,1485.0
55039,Fond du Lac County,WI,1483.0
26087,Lapeer County,MI,1480.0
34009,Cape May County,NJ,1469.0
18035,Delaware County,IN,1466.0
42055,Franklin County,PA,1465.0
47155,Sevier County,TN,1457.0
05031,Craighead County,AR,1453.0
24037,St. Mary's County,MD,1450.0
01051,Elmore County,AL,1446.0
37191,Wayne County,NC,1446.0
22109,Terrebonne Parish,LA,1443.0
47001,Anderson County,TN,1438.0
39169,Wayne County,OH,1437.0
18109,Morgan County,IN,1437.0
48471,Walker County,TX,1434.0
17099,LaSalle County,IL,1431.0
24045,Wicomico County,MD,1431.0
48213,Henderson County,TX,1431.0
51095,James City County,VA,1429.0
54003,Berkeley County,WV,1420.0
29071,Franklin County,MO,1415.0
38015,Burleigh County,ND,1414.0
22079,Rapides Parish,LA,1411.0
04001,Apache County,AZ,1410.0
51630,Fredericksburg city,VA,1400.0
05085,Lonoke County,AR,1398.0
47147,Robertson County,TN,1384.0
27009,Benton County,MN,1384.0
28073,Lamar County,MS,1384.0
01015,Calhoun County,AL,1384.0
01115,St. Clair County,AL,1382.0
36117,Wayne County,NY,1377.0
51121,Montgomery County,VA,1377.0
36075,Oswego County,NY,1372.0
40119,Payne County,OK,1368.0
42107,Schuylkill County,PA,1368.0
39139,Richland County,OH,1355.0
26159,Van Buren County,MI,1351.0
19155,Pottawattamie County,IA,1349.0
27027,Clay County,MN,1344.0
26017,Bay County,MI,1340.0
51061,Fauquier County,VA,1338.0
13157,Jackson County,GA,1334.0
13047,Catoosa County,GA,1332.0
37109,Lincoln County,NC,1331.0
48037,Bowie County,TX,1322.0
45085,Sumter County,SC,1316.0
24009,Calvert County,MD,1314.0
48469,Victoria County,TX,1309.0
54061,Monongalia County,WV,1309.0
56021,Laramie County,WY,1308.0
32510,Carson City,NV,1299.0
33001,Belknap County,NH,1294.0
22057,Lafourche Parish,LA,1286.0
55021,Columbia County,WI,1286.0
01095,Marshall County,AL,1278.0
37037,Chatham County,NC,1264.0
51019,Bedford County,VA,1260.0
01083,Limestone County,AL,1257.0
13255,Spalding County,GA,1257.0
48361,Orange County,TX,1250.0
37093,Hoke County,NC,1249.0
54011,Cabell County,WV,1246.0
22097,St. Landry Parish,LA,1246.0
28081,Lee County,MS,1246.0
27025,Chisago County,MN,1246.0
18167,Vigo County,IN,1244.0
29145,Newton County,MO,1241.0
48203,Harrison County,TX,1236.0
26111,Midland County,MI,1233.0
18091,LaPorte County,IN,1228.0
55015,Calumet County,WI,1222.0
19193,Woodbury County,IA,1215.0
02170,Matanuska-Susitna Borough,AK,1206.0
18011,Boone County,IN,1204.0
47011,Bradley County,TN,1199.0
39043,Erie County,OH,1199.0
36113,Warren County,NY,1197.0
13313,Whitfield County,GA,1196.0
42051,Fayette County,PA,1196.0
55117,Sheboygan County,WI,1193.0
38035,Grand Forks County,ND,1190.0
29021,Buchanan County,MO,1187.0
29051,Cole County,MO,1182.0
37155,Robeson County,NC,1181.0
18005,Bartholomew County,IN,1179.0
01045,Dale County,AL,1178.0
32019,Lyon County,NV,1177.0
12055,Highlands County,FL,1176.0
16083,Twin Falls County,ID,1175.0
39003,Allen County,OH,1175.0
51730,Petersburg city,VA,1175.0
39029,Columbiana County,OH,1174.0
53041,Lewis County,WA,1171.0
53025,Grant County,WA,1167.0
21151,Madison County,KY,1164.0
42097,Northumberland County,PA,1161.0
45057,Lancaster County,SC,1161.0
22115,Vernon Parish,LA,1160.0
51015,Augusta County,VA,1152.0
26091,Lenawee County,MI,1146.0
37045,Cleveland County,NC,1139.0
51031,Campbell County,VA,1138.0
26073,Isabella County,MI,1137.0
26117,Montcalm County,MI,1136.0
53045,Mason County,WA,1135.0
29169,Pulaski County,MO,1129.0
13295,Walker County,GA,1129.0
40125,Pottawatomie County,OK,1126.0
41019,Douglas County,OR,1125.0
48497,Wise County,TX,1125.0
17091,Kankakee County,IL,1122.0
47141,Putnam County,TN,1119.0
37125,Moore County,NC,1118.0
37023,Burke County,NC,1117.0
12089,Nassau County,FL,1115.0
45075,Orangeburg County,SC,1114.0
25011,Franklin County,MA,1109.0
13031,Bulloch County,GA,1107.0
16065,Madison County,ID,1098.0
22045,Iberia Parish,LA,1098.0
01121,Talladega County,AL,1095.0
05051,Garland County,AR,1089.0
51660,Harrisonburg city,VA,1087.0
51600,Fairfax city,VA,1086.0
08037,Eagle County,CO,1083.0
48473,Waller County,TX,1082.0
51165,Rockingham County,VA,1080.0
21185,Oldham County,KY,1077.0
49045,Tooele County,UT,1075.0
36115,Washington County,NY,1075.0
26015,Barry County,MI,1075.0
26155,Shiawassee County,MI,1073.0
18085,Kosciusko County,IN,1072.0
16005,Bannock County,ID,1065.0
17007,Boone County,IL,1064.0
37069,Franklin County,NC,1063.0
55111,Sauk County,WI,1063.0
12131,Walton County,FL,1062.0
36053,Madison County,NY,1062.0
37105,Lee County,NC,1059.0
42021,Cambria County,PA,1056.0
01001,Autauga County,AL,1055.0
37065,Edgecombe County,NC,1052.0
17063,Grundy County,IL,1050.0
20015,Butler County,KS,1049.0
18173,Warrick County,IN,1045.0
38101,Ward County,ND,1044.0
41033,Josephine County,OR,1042.0
55017,Chippewa County,WI,1040.0
55141,Wood County,WI,1039.0
27131,Rice County,MN,1038.0
39129,Pickaway County,OH,1038.0
42085,Mercer County,PA,1034.0
01055,Etowah County,AL,1030.0
26067,Ionia County,MI,1028.0
32005,Douglas County,NV,1028.0
40113,Osage County,OK,1027.0
53017,Douglas County,WA,1026.0
18067,Howard County,IN,1024.0
47089,Jefferson County,TN,1024.0
51840,Winchester city,VA,1024.0
39157,Tuscarawas County,OH,1024.0
13115,Floyd County,GA,1021.0
01077,Lauderdale County,AL,1015.0
39077,Huron County,OH,1012.0
55097,Portage County,WI,1011.0
37141,Pender County,NC,1009.0
12107,Putnam County,FL,1001.0
39063,Hancock County,OH,1000.0
48005,Angelina County,TX,999.0
48199,Hardin County,TX,998.0
39159,Union County,OH,998.0
37157,Rockingham County,NC,995.0
36105,Sullivan County,NY,991.0
37061,Duplin County,NC,991.0
26027,Cass County,MI,988.0
37195,Wilson County,NC,981.0
48071,Chambers County,TX,980.0
42081,Lycoming County,PA,977.0
36101,Steuben County,NY,975.0
48221,Hood County,TX,974.0
40051,Grady County,OK,974.0
39007,Ashtabula County,OH,974.0
53075,Whitman County,WA,973.0
48347,Nacogdoches County,TX,972.0
22099,St. Martin Parish,LA,970.0
33005,Cheshire County,NH,969.0
05069,Jefferson County,AR,968.0
53027,Grays Harbor County,WA,967.0
05033,Crawford County,AR,964.0
27035,Crow Wing County,MN,958.0
17115,Macon County,IL,956.0
49043,Summit County,UT,955.0
45059,Laurens County,SC,952.0
42025,Carbon County,PA,952.0
45043,Georgetown County,SC,952.0
13285,Troup County,GA,950.0
21113,Jessamine County,KY,949.0
34033,Salem County,NJ,948.0
17077,Jackson County,IL,942.0
06069,San Benito County,CA,941.0
22089,St. Charles Parish,LA,937.0
35061,Valencia County,NM,937.0
25003,Berkshire County,MA,935.0
19181,Warren County,IA,934.0
29101,Johnson County,MO,933.0
30029,Flathead County,MT,932.0
05145,White County,AR,930.0
24047,Worcester County,MD,930.0
27059,Isanti County,MN,929.0
29113,Lincoln County,MO,928.0
50027,Windsor County,VT,928.0
22001,Acadia Parish,LA,925.0
47105,Loudon County,TN,920.0
40101,Muskogee County,OK,917.0
40087,McClain County,OK,915.0
12023,Columbia County,FL,913.0
30013,Cascade County,MT,911.0
48401,Rusk County,TX,911.0
35035,Otero County,NM,908.0
36051,Livingston County,NY,906.0
51149,Prince George County,VA,898.0
29031,Cape Girardeau County,MO,897.0
37077,Granville County,NC,896.0
47021,Cheatham County,TN,895.0
48055,Caldwell County,TX,891.0
22095,St. John the Baptist Parish,LA,889.0
48467,Van Zandt County,TX,889.0
40083,Logan County,OK,887.0
42103,Pike County,PA,886.0
47063,Hamblen County,TN,883.0
05091,Miller County,AR,880.0
01031,Coffee County,AL,880.0
36009,Cattaraugus County,NY,875.0
13127,Glynn County,GA,875.0
08045,Garfield County,CO,874.0
37163,Sampson County,NC,874.0
47031,Coffee County,TN,873.0
56025,Natrona County,WY,871.0
44001,Bristol County,RI,870.0
13103,Effingham County,GA,868.0
19061,Dubuque County,IA,868.0
41059,Umatilla County,OR,867.0
42073,Lawrence County,PA,867.0
39143,Sandusky County,OH,866.0
39119,Muskingum County,OH,865.0
54037,Jefferson County,WV,865.0
06045,Mendocino County,CA,864.0
39015,Brown County,OH,862.0
42005,Armstrong County,PA,862.0
37031,Carteret County,NC,859.0
21209,Scott County,KY,859.0
13039,Camden County,GA,859.0
48053,Burnet County,TX,858.0
30049,Lewis and Clark County,MT,855.0
48259,Kendall County,TX,855.0
31079,Hall County,NE,854.0
18113,Noble County,IN,854.0
39097,Madison County,OH,851.0
47073,Hawkins County,TN,845.0
18029,Dearborn County,IN,844.0
47167,Tipton County,TN,843.0
53037,Kittitas County,WA,842.0
50023,Washington County,VT,841.0
47019,Carter County,TN,841.0
55135,Waupaca County,WI,840.0
37027,Caldwell County,NC,838.0
39147,Seneca County,OH,836.0
01009,Blount County,AL,836.0
45055,Kershaw County,SC,834.0
39141,Ross County,OH,832.0
36011,Cayuga County,NY,831.0
48013,Atascosa County,TX,827.0
41041,Lincoln County,OR,826.0
27103,Nicollet County,MN,825.0
55071,Manitowoc County,WI,824.0
55093,Pierce County,WI,823.0
36015,Chemung County,NY,823.0
36057,Montgomery County,NY,819.0
37107,Lenoir County,NC,819.0
48373,Polk County,TX,817.0
36021,Columbia County,NY,817.0
47145,Roane County,TN,814.0
21059,Daviess County,KY,813.0
45047,Greenwood County,SC,811.0
29187,St. Francois County,MO,811.0
36037,Genesee County,NY,805.0
22113,Vermilion Parish,LA,805.0
54079,Putnam County,WV,803.0
24035,Queen Anne's County,MD,800.0
36013,Chautauqua County,NY,800.0
08067,La Plata County,CO,796.0
23023,Sagadahoc County,ME,795.0
42063,Indiana County,PA,794.0
48459,Upshur County,TX,792.0
45031,Darlington County,SC,791.0
33003,Carroll County,NH,790.0
42039,Crawford County,PA,789.0
42013,Blair County,PA,788.0
49021,Iron County,UT,785.0
21211,Shelby County,KY,785.0
48493,Wilson County,TX,781.0
08117,Summit County,CO,780.0
39027,Clinton County,OH,780.0
49003,Box Elder County,UT,778.0
17141,Ogle County,IL,778.0
05115,Pope County,AR,777.0
26123,Newaygo County,MI,776.0
26157,Tuscola County,MI,774.0
29213,Taney County,MO,774.0
27049,Goodhue County,MN,773.0
21145,McCracken County,KY,773.0
23025,Somerset County,ME,772.0
47047,Fayette County,TN,769.0
04007,Gila County,AZ,768.0
47043,Dickson County,TN,768.0
18145,Shelby County,IN,768.0
26149,St. Joseph County,MI,766.0
01043,Cullman County,AL,764.0
17199,Williamson County,IL,764.0
46093,Meade County,SD,764.0
41009,Columbia County,OR,762.0
39005,Ashland County,OH,757.0
06103,Tehama County,CA,757.0
53071,Walla Walla County,WA,756.0
23017,Oxford County,ME,755.0
01033,Colbert County,AL,753.0
28067,Jones County,MS,753.0
51143,Pittsylvania County,VA,752.0
48325,Medina County,TX,749.0
21073,Franklin County,KY,747.0
51775,Salem city,VA,747.0
13029,Bryan County,GA,746.0
37171,Surry County,NC,745.0
12039,Gadsden County,FL,742.0
53009,Clallam County,WA,742.0
36043,Herkimer County,NY,741.0
35009,Curry County,NM,737.0
29029,Camden County,MO,735.0
45073,Oconee County,SC,734.0
51685,Manassas Park city,VA,734.0
51047,Culpeper County,VA,733.0
36107,Tioga County,NY,732.0
37189,Watauga County,NC,731.0
41035,Klamath County,OR,726.0
38059,Morton County,ND,724.0
47053,Gibson County,TN,723.0
55033,Dunn County,WI,718.0
04023,Santa Cruz County,AZ,717.0
01049,DeKalb County,AL,716.0
40047,Garfield County,OK,715.0
18033,DeKalb County,IN,709.0
39021,Champaign County,OH,707.0
29219,Warren County,MO,704.0
06009,Calaveras County,CA,703.0
16069,Nez Perce County,ID,702.0
29109,Lawrence County,MO,702.0
51137,Orange County,VA,700.0
39101,Marion County,OH,700.0
27111,Otter Tail County,MN,700.0
12075,Levy County,FL,698.0
51670,Hopewell city,VA,698.0
22087,St. Bernard Parish,LA,698.0
36077,Otsego County,NY,694.0
39091,Logan County,OH,692.0
39009,Athens County,OH,691.0
42037,Columbia County,PA,691.0
37169,Stokes County,NC,691.0
12051,Hendry County,FL,690.0
56001,Albany County,WY,690.0
48349,Navarro County,TX,689.0
22101,St. Mary Parish,LA,688.0
54033,Harrison County,WV,688.0
21125,Laurel County,KY,688.0
48499,Wood County,TX,687.0
18065,Henry County,IN,685.0
06033,Lake County,CA,684.0
13129,Gordon County,GA,684.0
39083,Knox County,OH,683.0
42033,Clearfield County,PA,682.0
16057,Latah County,ID,681.0
26107,Mecosta County,MI,680.0
48097,Cooke County,TX,679.0
48265,Kerr County,TX,679.0
47107,McMinn County,TN,679.0
51590,Danville city,VA,676.0
39071,Highland County,OH,675.0
42099,Perry County,PA,675.0
28075,Lauderdale County,MS,675.0
29027,Callaway County,MO,674.0
39011,Auglaize County,OH,674.0
22061,Lincoln Parish,LA,671.0
51093,Isle of Wight County,VA,671.0
47003,Bedford County,TN,667.0
41011,Coos County,OR,667.0
28093,Marshall County,MS,666.0
55095,Polk County,WI,662.0
16011,Bingham County,ID,660.0
17073,Henry County,IL,659.0
39051,Fulton County,OH,659.0
36035,Fulton County,NY,658.0
18053,Grant County,IN,658.0
39149,Shelby County,OH,657.0
05035,Crittenden County,AR,657.0
51187,Warren County,VA,657.0
18099,Marshall County,IN,657.0
55043,Grant County,WI,654.0
40021,Cherokee County,OK,651.0
48249,Jim Wells County,TX,650.0
17117,Macoupin County,IL,649.0
39123,Ottawa County,OH,649.0
29225,Webster County,MO,648.0
48073,Cherokee County,TX,647.0
39117,Morrow County,OH,647.0
40147,Washington County,OK,646.0
20155,Reno County,KS,646.0
55115,Shawano County,WI,646.0
42127,Wayne County,PA,644.0
28045,Hancock County,MS,643.0
28105,Oktibbeha County,MS,642.0
20169,Saline County,KS,639.0
13219,Oconee County,GA,639.0
54107,Wood County,WV,636.0
51790,Staunton city,VA,635.0
39033,Crawford County,OH,635.0
35025,Lea County,NM,635.0
31019,Buffalo County,NE,632.0
18071,Jackson County,IN,627.0
51570,Colonial Heights city,VA,626.0
36039,Greene County,NY,625.0
21019,Boyd County,KY,623.0
50011,Franklin County,VT,622.0
29201,Scott County,MO,621.0
40041,Delaware County,OK,620.0
27169,Winona County,MN,618.0
54069,Ohio County,WV,616.0
36017,Chenango County,NY,616.0
33019,Sullivan County,NH,616.0
53065,Stevens County,WA,615.0
39127,Perry County,OH,614.0
45021,Cherokee County,SC,614.0
51033,Caroline County,VA,613.0
51820,Waynesboro city,VA,613.0
17183,Vermilion County,IL,612.0
32007,Elko County,NV,612.0
01123,Tallapoosa County,AL,611.0
29009,Barry County,MO,610.0
55005,Barron County,WI,608.0
47123,Monroe County,TN,607.0
21179,Nelson County,KY,606.0
18061,Harrison County,IN,604.0
51191,Washington County,VA,600.0
17195,Whiteside County,IL,600.0
26151,Sanilac County,MI,599.0
51089,Henry County,VA,599.0
28109,Pearl River County,MS,598.0
27095,Mille Lacs County,MN,597.0
17203,Woodford County,IL,597.0
06109,Tuolumne County,CA,596.0
39135,Preble County,OH,595.0
39013,Belmont County,OH,595.0
29209,Stone County,MO,594.0
18133,Putnam County,IN,594.0
17029,Coles County,IL,594.0
37059,Davie County,NC,592.0
36121,Wyoming County,NY,590.0
27079,Le Sueur County,MN,589.0
18183,Whitley County,IN,589.0
18087,LaGrange County,IN,588.0
40081,Lincoln County,OK,588.0
37167,Stanly County,NC,586.0
13225,Peach County,GA,586.0
28071,Lafayette County,MS,586.0
20121,Miami County,KS,585.0
48143,Erath County,TX,582.0
18177,Wayne County,IN,580.0
15007,Kauai County,HI,579.0
21081,Grant County,KY,578.0
48001,Anderson County,TX,577.0
39037,Darke County,OH,577.0
13213,Murray County,GA,577.0
01127,Walker County,AL,576.0
37181,Vance County,NC,576.0
55083,Oconto County,WI,576.0
13145,Harris County,GA,575.0
26059,Hillsdale County,MI,575.0
38105,Williams County,ND,574.0
36073,Orleans County,NY,574.0
40019,Carter County,OK,574.0
24011,Caroline County,MD,572.0
23027,Waldo County,ME,571.0
39081,Jefferson County,OH,569.0
48217,Hill County,TX,565.0
40097,Mayes County,OK,564.0
54049,Marion County,WV,564.0
21163,Meade County,KY,564.0
41007,Clatsop County,OR,563.0
51023,Botetourt County,VA,560.0
39087,Lawrence County,OH,560.0
19045,Clinton County,IA,560.0
40111,Okmulgee County,OK,558.0
51067,Franklin County,VA,557.0
02122,Kenai Peninsula Borough,AK,557.0
32023,Nye County,NV,554.0
35015,Eddy County,NM,554.0
13233,Polk County,GA,552.0
08039,Elbert County,CO,551.0
27085,McLeod County,MN,549.0
47059,Greene County,TN,546.0
48407,San Jacinto County,TX,546.0
48273,Kleberg County,TX,546.0
36089,St. Lawrence County,NY,546.0
22047,Iberville Parish,LA,545.0
36023,Cortland County,NY,545.0
39167,Washington County,OH,544.0
51053,Dinwiddie County,VA,544.0
49051,Wasatch County,UT,543.0
55081,Monroe County,WI,543.0
51171,Shenandoah County,VA,543.0
01017,Chambers County,AL,541.0
28087,Lowndes County,MS,540.0
19139,Muscatine County,IA,540.0
37083,Halifax County,NC,539.0
31053,Dodge County,NE,536.0
42111,Somerset County,PA,536.0
55045,Green County,WI,535.0
13085,Dawson County,GA,534.0
29161,Phelps County,MO,534.0
37161,Rutherford County,NC,531.0
22121,West Baton Rouge Parish,LA,531.0
16017,Bonner County,ID,530.0
13277,Tift County,GA,529.0
48481,Wharton County,TX,527.0
23009,Hancock County,ME,527.0
19099,Jasper County,IA,526.0
27007,Beltrami County,MN,525.0
51610,Falls Church city,VA,525.0
29107,Lafayette County,MO,525.0
50017,Orange County,VT,524.0
21049,Clark County,KY,524.0
29159,Pettis County,MO,524.0
31119,Madison County,NE,523.0
27147,Steele County,MN,523.0
48147,Fannin County,TX,522.0
26057,Gratiot County,MI,522.0
24041,Talbot County,MD,521.0
13137,Habersham County,GA,520.0
16051,Jefferson County,ID,517.0
35005,Chaves County,NM,517.0
55075,Marinette County,WI,515.0
35039,Rio Arriba County,NM,515.0
47051,Franklin County,TN,514.0
21009,Barren County,KY,514.0
31025,Cass County,NE,513.0
39039,Defiance County,OH,513.0
48241,Jasper County,TX,512.0
01071,Jackson County,AL,511.0
26023,Branch County,MI,511.0
27021,Cass County,MN,511.0
40013,Bryan County,OK,511.0
29049,Clinton County,MO,510.0
22119,Webster Parish,LA,508.0
50025,Windham County,VT,508.0
13187,Lumpkin County,GA,507.0
12121,Suwannee County,FL,507.0
40071,Kay County,OK,505.0
17133,Monroe County,IL,505.0
13275,Thomas County,GA,504.0
37139,Pasquotank County,NC,504.0
51109,Louisa County,VA,503.0
05055,Greene County,AR,502.0
17027,Clinton County,IL,501.0
36025,Delaware County,NY,500.0
37047,Columbus County,NC,500.0
42065,Jefferson County,PA,500.0
17103,Lee County,IL,498.0
13177,Lee County,GA,497.0
50001,Addison County,VT,497.0
27067,Kandiyohi County,MN,497.0
18017,Cass County,IN,495.0
13227,Pickens County,GA,495.0
20079,Harvey County,KS,494.0
51830,Williamsburg city,VA,494.0
50021,Rutland County,VT,493.0
18151,Steuben County,IN,493.0
48015,Austin County,TX,493.0
12063,Jackson County,FL,492.0
47117,Marshall County,TN,492.0
23015,Lincoln County,ME,492.0
18103,Miami County,IN,492.0
42119,Union County,PA,491.0
56005,Campbell County,WY,490.0
37087,Haywood County,NC,489.0
37193,Wilkes County,NC,489.0
37197,Yadkin County,NC,489.0
54081,Raleigh County,WV,488.0
13009,Baldwin County,GA,487.0
01021,Chilton County,AL,487.0
55031,Douglas County,WI,486.0
42131,Wyoming County,PA,485.0
21101,Henderson County,KY,485.0
13143,Haralson County,GA,485.0
54099,Wayne County,WV,484.0
18073,Jasper County,IN,482.0
42121,Venango County,PA,482.0
39019,Carroll County,OH,481.0
42015,Bradford County,PA,480.0
37013,Beaufort County,NC,479.0
40123,Pontotoc County,OK,478.0
56037,Sweetwater County,WY,476.0
28137,Tate County,MS,475.0
08119,Teller County,CO,474.0
48185,Grimes County,TX,473.0
27005,Becker County,MN,473.0
19033,Cerro Gordo County,IA,472.0
39145,Scioto County,OH,472.0
13195,Madison County,GA,472.0
45053,Jasper County,SC,471.0
13053,Chattahoochee County,GA,470.0
17177,Stephenson County,IL,469.0
17095,Knox County,IL,468.0
22011,Beauregard Parish,LA,468.0
18069,Huntington County,IN,468.0
05093,Mississippi County,AR,468.0
55085,Oneida County,WI,468.0
18137,Ripley County,IN,467.0
42115,Susquehanna County,PA,466.0
05059,Hot Spring County,AR,466.0
40079,Le Flore County,OK,465.0
27017,Carlton County,MN,465.0
48321,Matagorda County,TX,465.0
48477,Washington County,TX,465.0
21235,Whitley County,KY,464.0
48277,Lamar County,TX,464.0
37003,Alexander County,NC,464.0
27119,Polk County,MN,464.0
48427,Starr County,TX,462.0
27041,Douglas County,MN,462.0
37099,Jackson County,NC,461.0
51073,Gloucester County,VA,461.0
39075,Holmes County,OH,461.0
08085,Montrose County,CO,460.0
18023,Clinton County,IN,459.0
36099,Seneca County,NY,459.0
26047,Emmet County,MI,459.0
01079,Lawrence County,AL,457.0
20037,Crawford County,KS,457.0
40039,Custer County,OK,456.0
21239,Woodford County,KY,456.0
48007,Aransas County,TX,456.0
27099,Mower County,MN,454.0
48465,Val Verde County,TX,454.0
45029,Colleton County,SC,453.0
18107,Montgomery County,IN,452.0
19127,Marshall County,IA,452.0
21021,Boyle County,KY,451.0
18079,Jennings County,IN,449.0
55121,Trempealeau County,WI,449.0
53047,Okanogan County,WA,448.0
40135,Sequoyah County,OK,448.0
36031,Essex County,NY,447.0
18055,Greene County,IN,447.0
45023,Chester County,SC,446.0
17105,Livingston County,IL,445.0
55019,Clark County,WI,445.0
28115,Pontotoc County,MS,445.0
21089,Greenup County,KY,445.0
48323,Maverick County,TX,444.0
27115,Pine County,MN,444.0
27097,Morrison County,MN,444.0
28151,Washington County,MS,444.0
16053,Jerome County,ID,442.0
37165,Scotland County,NC,441.0
47035,Cumberland County,TN,441.0
53031,Jefferson County,WA,440.0
39073,Hocking County,OH,440.0
51009,Amherst County,VA,440.0
36019,Clinton County,NY,439.0
51145,Powhatan County,VA,438.0
26165,Wexford County,MI,435.0
40137,Stephens County,OK,433.0
13169,Jones County,GA,433.0
31141,Platte County,NE,433.0
23013,Knox County,ME,432.0
36003,Allegany County,NY,432.0
39047,Fayette County,OH,432.0
42109,Snyder County,PA,432.0
01047,Dallas County,AL,432.0
22075,Plaquemines Parish,LA,432.0
06005,Amador County,CA,432.0
51099,King George County,VA,430.0
45089,Williamsburg County,SC,429.0
22053,Jefferson Davis Parish,LA,429.0
22069,Natchitoches Parish,LA,429.0
18051,Gibson County,IN,429.0
24019,Dorchester County,MD,429.0
08043,Fremont County,CO,426.0
46081,Lawrence County,SD,426.0
51520,Bristol city,VA,425.0
40115,Ottawa County,OK,423.0
48223,Hopkins County,TX,422.0
28107,Panola County,MS,422.0
21121,Knox County,KY,422.0
48189,Hale County,TX,422.0
30081,Ravalli County,MT,422.0
29167,Polk County,MO,420.0
23007,Franklin County,ME,420.0
24001,Allegany County,MD,420.0
40121,Pittsburg County,OK,419.0
26103,Marquette County,MI,418.0
55049,Iowa County,WI,418.0
18037,Dubois County,IN,418.0
39069,Henry County,OH,418.0
18181,White County,IN,417.0
29023,Butler County,MO,417.0
21199,Pulaski County,KY,416.0
18031,Decatur County,IN,413.0
12007,Bradford County,FL,413.0
18021,Clay County,IN,413.0
17055,Franklin County,IL,412.0
29119,McDonald County,MO,412.0
39171,Williams County,OH,411.0
31043,Dakota County,NE,410.0
47103,Lincoln County,TN,409.0
18093,Lawrence County,IN,409.0
26127,Oceana County,MI,409.0
29177,Ray County,MO,407.0
45025,Chesterfield County,SC,407.0
51075,Goochland County,VA,406.0
54029,Hancock County,WV,404.0
20059,Franklin County,KS,404.0
45037,Edgefield County,SC,403.0
19011,Benton County,IA,403.0
13035,Butts County,GA,402.0
13299,Ware County,GA,401.0
50015,Lamoille County,VT,401.0
18119,Owen County,IN,400.0
28145,Union County,MS,399.0
17121,Marion County,IL,397.0
18129,Posey County,IN,397.0
28149,Warren County,MS,397.0
39065,Hardin County,OH,397.0
19015,Boone County,IA,395.0
51155,Pulaski County,VA,394.0
53003,Asotin County,WA,394.0
47177,Warren County,TN,392.0
55057,Juneau County,WI,392.0
01059,Franklin County,AL,392.0
13199,Meriwether County,GA,391.0
47045,Dyer County,TN,391.0
13207,Monroe County,GA,391.0
17001,Adams County,IL,391.0
20191,Sumner County,KS,391.0
46011,Brookings County,SD,390.0
12129,Wakulla County,FL,389.0
22117,Washington Parish,LA,389.0
48363,Palo Pinto County,TX,389.0
18175,Washington County,IN,388.0
13071,Colquitt County,GA,387.0
18015,Carroll County,IN,387.0
16075,Payette County,ID,387.0
13011,Banks County,GA,386.0
36033,Franklin County,NY,386.0
39031,Coshocton County,OH,386.0
17011,Bureau County,IL,386.0
16039,Elmore County,ID,386.0
28095,Monroe County,MS,385.0
47183,Weakley County,TN,384.0
40015,Caddo County,OK,384.0
28113,Pike County,MS,384.0
12133,Washington County,FL,384.0
54019,Fayette County,WV,384.0
37153,Richmond County,NC,384.0
12093,Okeechobee County,FL,384.0
55123,Vernon County,WI,383.0
42061,Huntingdon County,PA,383.0
45071,Newberry County,SC,382.0
42031,Clarion County,PA,382.0
13119,Franklin County,GA,382.0
37053,Currituck County,NC,381.0
19125,Marion County,IA,381.0
55137,Waushara County,WI,381.0
23003,Aroostook County,ME,381.0
41027,Hood River County,OR,380.0
26009,Antrim County,MI,380.0
49047,Uintah County,UT,379.0
40049,Garvin County,OK,379.0
47055,Giles County,TN,379.0
21107,Hopkins County,KY,378.0
26035,Clare County,MI,378.0
39107,Mercer County,OH,378.0
47017,Carroll County,TN,377.0
22031,De Soto Parish,LA,376.0
08097,Pitkin County,CO,376.0
18135,Randolph County,IN,376.0
39059,Guernsey County,OH,374.0
45027,Clarendon County,SC,374.0
12027,DeSoto County,FL,374.0
18169,Wabash County,IN,373.0
01109,Pike County,AL,372.0
04009,Graham County,AZ,372.0
22039,Evangeline Parish,LA,371.0
05009,Boone County,AR,371.0
26089,Leelanau County,MI,371.0
27153,Todd County,MN,371.0
18179,Wells County,IN,370.0
38089,Stark County,ND,369.0
51065,Fluvanna County,VA,369.0
31155,Saunders County,NE,369.0
48449,Titus County,TX,368.0
17075,Iroquois County,IL,368.0
21215,Spencer County,KY,367.0
19179,Wapello County,IA,367.0
26029,Charlevoix County,MI,366.0
18047,Franklin County,IN,366.0
37145,Person County,NC,366.0
19057,Des Moines County,IA,365.0
31001,Adams County,NE,365.0
06093,Siskiyou County,CA,365.0
13311,White County,GA,364.0
50005,Caledonia County,VT,364.0
21137,Lincoln County,KY,364.0
29127,Marion County,MO,363.0
37111,McDowell County,NC,363.0
29069,Dunklin County,MO,363.0
21005,Anderson County,KY,360.0
16031,Cassia County,ID,359.0
28123,Scott County,MS,359.0
27061,Itasca County,MN,359.0
01053,Escambia County,AL,359.0
29003,Andrew County,MO,359.0
40133,Seminole County,OK,359.0
05063,Independence County,AR,358.0
47029,Cocke County,TN,357.0
42035,Clinton County,PA,357.0
26051,Gladwin County,MI,357.0
48067,Cass County,TX,357.0
48281,Lampasas County,TX,356.0
20111,Lyon County,KS,356.0
21173,Montgomery County,KY,356.0
37017,Bladen County,NC,355.0
17021,Christian County,IL,355.0
30093,Silver Bow County,MT,355.0
29055,Crawford County,MO,355.0
28057,Itawamba County,MS,355.0
39161,Van Wert County,OH,354.0
47081,Hickman County,TN,353.0
21157,Marshall County,KY,353.0
29105,Laclede County,MO,353.0
48025,Bee County,TX,353.0
51195,Wise County,VA,353.0
18143,Scott County,IN,353.0
08087,Morgan County,CO,353.0
29131,Miller County,MO,352.0
42009,Bedford County,PA,352.0
37033,Caswell County,NC,352.0
21195,Pike County,KY,351.0
18083,Knox County,IN,351.0
47143,Rhea County,TN,350.0
48049,Brown County,TX,350.0
45067,Marion County,SC,348.0
20035,Cowley County,KS,348.0
21083,Graves County,KY,347.0
42093,Montour County,PA,347.0
01061,Geneva County,AL,346.0
42059,Greene County,PA,344.0
28011,Bolivar County,MS,344.0
20149,Pottawatomie County,KS,343.0
06021,Glenn County,CA,343.0
47099,Lawrence County,TN,343.0
17057,Fulton County,IL,343.0
21035,Calloway County,KY,341.0
17137,Morgan County,IL,341.0
51127,New Kent County,VA,340.0
26133,Osceola County,MI,340.0
17083,Jersey County,IL,339.0
21017,Bourbon County,KY,339.0
47131,Obion County,TN,339.0
54055,Mercer County,WV,337.0
36095,Schoharie County,NY,337.0
05111,Poinsett County,AR,337.0
39131,Pike County,OH,336.0
31177,Washington County,NE,336.0
18149,Starke County,IN,334.0
39175,Wyandot County,OH,334.0
46013,Brown County,SD,334.0
16067,Minidoka County,ID,333.0
18013,Brown County,IN,333.0
41045,Malheur County,OR,333.0
12049,Hardee County,FL,333.0
20125,Montgomery County,KS,331.0
47013,Campbell County,TN,331.0
13033,Burke County,GA,331.0
27093,Meeker County,MN,329.0
05123,St. Francis County,AR,329.0
19187,Webster County,IA,328.0
47185,White County,TN,327.0
47115,Marion County,TN,327.0
22043,Grant Parish,LA,327.0
28127,Simpson County,MS,327.0
45039,Fairfield County,SC,326.0
37123,Montgomery County,NC,326.0
47173,Union County,TN,326.0
55047,Green Lake County,WI,326.0
45001,Abbeville County,SC,325.0
29207,Stoddard County,MO,325.0
08093,Park County,CO,325.0
18077,Jefferson County,IN,325.0
49039,Sanpete County,UT,324.0
17081,Jefferson County,IL,324.0
47057,Grainger County,TN,324.0
51750,Radford city,VA,322.0
20087,Jefferson County,KS,321.0
54051,Marshall County,WV,320.0
17157,Randolph County,IL,320.0
51690,Martinsville city,VA,319.0
33007,Coos County,NH,319.0
21079,Garrard County,KY,318.0
32001,Churchill County,NV,318.0
19017,Bremer County,IA,318.0
22007,Assumption Parish,LA,318.0
45081,Saluda County,SC,317.0
20113,McPherson County,KS,317.0
18147,Spencer County,IN,317.0
36123,Yates County,NY,317.0
39137,Putnam County,OH,317.0
13175,Laurens County,GA,316.0
13321,Worth County,GA,316.0
48227,Howard County,TX,316.0
29143,New Madrid County,MO,315.0
41057,Tillamook County,OR,315.0
05023,Cleburne County,AR,315.0
48331,Milam County,TX,314.0
29221,Washington County,MO,314.0
28133,Sunflower County,MS,314.0
55069,Lincoln County,WI,313.0
13183,Long County,GA,313.0
12003,Baker County,FL,313.0
17049,Effingham County,IL,312.0
28029,Copiah County,MS,312.0
22037,East Feliciana Parish,LA,311.0
26063,Huron County,MI,310.0
27157,Wabasha County,MN,309.0
17173,Shelby County,IL,309.0
35047,San Miguel County,NM,308.0
48299,Llano County,TX,308.0
28003,Alcorn County,MS,308.0
37079,Greene County,NC,307.0
01133,Winston County,AL,307.0
27039,Dodge County,MN,307.0
21213,Simpson County,KY,307.0
21071,Floyd County,KY,306.0
48019,Bandera County,TX,306.0
22009,Avoyelles Parish,LA,306.0
26069,Iosco County,MI,306.0
48219,Hockley County,TX,305.0
46029,Codington County,SD,304.0
41065,Wasco County,OR,303.0
20021,Cherokee County,KS,303.0
01093,Marion County,AL,301.0
29091,Howell County,MO,301.0
19031,Cedar County,IA,301.0
54009,Brooke County,WV,300.0
24039,Somerset County,MD,299.0
05005,Baxter County,AR,299.0
08107,Routt County,CO,299.0
42087,Mifflin County,PA,298.0
18001,Adams County,IN,297.0
01007,Bibb County,AL,297.0
39079,Jackson County,OH,297.0
50003,Bennington County,VT,296.0
21103,Henry County,KY,296.0
28083,Leflore County,MS,296.0
05015,Carroll County,AR,295.0
51035,Carroll County,VA,294.0
17135,Montgomery County,IL,294.0
22091,St. Helena Parish,LA,294.0
42117,Tioga County,PA,293.0
37149,Polk County,NC,293.0
29083,Henry County,MO,293.0
27047,Freeborn County,MN,293.0
08029,Delta County,CO,292.0
22003,Allen Parish,LA,292.0
18139,Rush County,IN,291.0
13231,Pike County,GA,291.0
55001,Adams County,WI,291.0
47077,Henderson County,TN,290.0
56039,Teton County,WY,289.0
17107,Logan County,IL,288.0
51185,Tazewell County,VA,288.0
13171,Lamar County,GA,287.0
13147,Hart County,GA,287.0
29186,Ste. Genevieve County,MO,287.0
55061,Kewaunee County,WI,286.0
02110,Juneau City and Borough,AK,286.0
01087,Macon County,AL,286.0
35006,Cibola County,NM,286.0
12041,Gilchrist County,FL,285.0
48341,Moore County,TX,285.0
51043,Clarke County,VA,284.0
36097,Schuyler County,NY,283.0
18027,Daviess County,IN,283.0
28117,Prentiss County,MS,283.0
05149,Yell County,AR,282.0
31047,Dawson County,NE,282.0
41031,Jefferson County,OR,282.0
40117,Pawnee County,OK,281.0
53039,Klickitat County,WA,281.0
17109,McDonough County,IL,281.0
27057,Hubbard County,MN,281.0
18045,Fountain County,IN,281.0
27083,Lyon County,MN,281.0
05139,Union County,AR,281.0
16045,Gem County,ID,280.0
20051,Ellis County,KS,280.0
46127,Union County,SD,280.0
26109,Menominee County,MI,280.0
17041,Douglas County,IL,279.0
53001,Adams County,WA,278.0
47097,Lauderdale County,TN,278.0
47109,McNairy County,TN,278.0
47159,Smith County,TN,278.0
30047,Lake County,MT,278.0
21141,Logan County,KY,278.0
41013,Crook County,OR,278.0
37115,Madison County,NC,278.0
51101,King William County,VA,278.0
47041,DeKalb County,TN,277.0
29141,Morgan County,MO,277.0
47133,Overton County,TN,277.0
21167,Mercer County,KY,277.0
19111,Lee County,IA,276.0
12059,Holmes County,FL,276.0
21205,Rowan County,KY,276.0
13027,Brooks County,GA,276.0
42123,Warren County,PA,276.0
22111,Union Parish,LA,275.0
27161,Waseca County,MN,275.0
55029,Door County,WI,275.0
13131,Grady County,GA,274.0
22093,St. James Parish,LA,274.0
05029,Conway County,AR,274.0
28031,Covington County,MS,274.0
55065,Lafayette County,WI,273.0
37055,Dare County,NC,272.0
28085,Lincoln County,MS,272.0
13257,Stephens County,GA,270.0
51079,Greene County,VA,270.0
48171,Gillespie County,TX,269.0
48149,Fayette County,TX,269.0
48057,Calhoun County,TX,269.0
45033,Dillon County,SC,269.0
29229,Wright County,MO,269.0
19149,Plymouth County,IA,269.0
26019,Benzie County,MI,267.0
37175,Transylvania County,NC,267.0
31157,Scotts Bluff County,NE,267.0
47139,Polk County,TN,266.0
18049,Fulton County,IN,266.0
48089,Colorado County,TX,266.0
31111,Lincoln County,NE,265.0
48035,Bosque County,TX,265.0
51001,Accomack County,VA,265.0
29007,Audrain County,MO,265.0
49013,Duchesne County,UT,264.0
45061,Lee County,SC,264.0
18159,Tipton County,IN,264.0
48365,Panola County,TX,264.0
55077,Marquette County,WI,264.0
39125,Paulding County,OH,263.0
36049,Lewis County,NY,263.0
26105,Mason County,MI,262.0
13189,McDuffie County,GA,262.0
19183,Washington County,IA,261.0
22077,Pointe Coupee Parish,LA,261.0
37185,Warren County,NC,261.0
26143,Roscommon County,MI,261.0
40091,McIntosh County,OK,261.0
13261,Sumter County,GA,260.0
01039,Covington County,AL,260.0
26137,Otsego County,MI,260.0
53049,Pacific County,WA,259.0
28079,Leake County,MS,259.0
13205,Mitchell County,GA,258.0
27065,Kanabec County,MN,258.0
47069,Hardeman County,TN,257.0
22067,Morehouse Parish,LA,257.0
27045,Fillmore County,MN,257.0
13123,Gilmer County,GA,256.0
40001,Adair County,OK,256.0
28099,Neshoba County,MS,256.0
13279,Toombs County,GA,255.0
21191,Pendleton County,KY,255.0
35041,Roosevelt County,NM,255.0
48337,Montague County,TX,255.0
48293,Limestone County,TX,254.0
48123,DeWitt County,TX,254.0
21183,Ohio County,KY,254.0
19019,Buchanan County,IA,254.0
47079,Henry County,TN,254.0
01067,Henry County,AL,254.0
28017,Chickasaw County,MS,253.0
05019,Clark County,AR,252.0
56029,Park County,WY,252.0
16047,Gooding County,ID,251.0
39001,Adams County,OH,250.0
37007,Anson County,NC,250.0
22083,Richland Parish,LA,250.0
29059,Dallas County,MO,249.0
35055,Taos County,NM,249.0
54077,Preston County,WV,249.0
40009,Beckham County,OK,248.0
45011,Barnwell County,SC,248.0
01005,Barbour County,AL,247.0
26031,Cheboygan County,MI,247.0
17147,Piatt County,IL,247.0
06035,Lassen County,CA,247.0
19121,Madison County,IA,247.0
54057,Mineral County,WV,247.0
01019,Cherokee County,AL,246.0
13019,Berrien County,GA,246.0
37117,Martin County,NC,246.0
40065,Jackson County,OK,246.0
51163,Rockbridge County,VA,246.0
21123,Larue County,KY,245.0
28001,Adams County,MS,245.0
05087,Madison County,AR,245.0
55103,Richland County,WI,245.0
48455,Trinity County,TX,245.0
55053,Jackson County,WI,244.0
47025,Claiborne County,TN,244.0
48253,Jones County,TX,244.0
46079,Lake County,SD,244.0
47129,Morgan County,TN,244.0
47121,Meigs County,TN,244.0
13069,Coffee County,GA,243.0
47111,Macon County,TN,243.0
05083,Logan County,AR,243.0
47075,Haywood County,TN,243.0
20139,Osage County,KS,242.0
21217,Taylor County,KY,242.0
05053,Grant County,AR,241.0
29215,Texas County,MO,241.0
27015,Brown County,MN,240.0
41015,Curry County,OR,240.0
45017,Calhoun County,SC,240.0
05047,Franklin County,AR,240.0
47171,Unicoi County,TN,240.0
51147,Prince Edward County,VA,239.0
21027,Breckinridge County,KY,239.0
13237,Putnam County,GA,239.0
35017,Grant County,NM,239.0
17085,Jo Daviess County,IL,239.0
05135,Sharp County,AR,239.0
18111,Newton County,IN,238.0
28143,Tunica County,MS,238.0
20057,Ford County,KS,238.0
56013,Fremont County,WY,238.0
01065,Hale County,AL,238.0
31131,Otoe County,NE,238.0
28027,Coahoma County,MS,237.0
19105,Jones County,IA,237.0
56033,Sheridan County,WY,237.0
24029,Kent County,MD,235.0
28091,Marion County,MS,235.0
47015,Cannon County,TN,235.0
19123,Mahaska County,IA,235.0
48285,Lavaca County,TX,234.0
20055,Finney County,KS,234.0
51193,Westmoreland County,VA,234.0
28039,George County,MS,234.0
48395,Robertson County,TX,233.0
17131,Mercer County,IL,233.0
28061,Jasper County,MS,232.0
51167,Russell County,VA,231.0
13083,Dade County,GA,231.0
04012,La Paz County,AZ,230.0
26079,Kalkaska County,MI,230.0
29175,Randolph County,MO,230.0
05057,Hempstead County,AR,229.0
48051,Burleson County,TX,229.0
01025,Clarke County,AL,229.0
18153,Sullivan County,IN,229.0
13267,Tattnall County,GA,229.0
21085,Grayson County,KY,229.0
48463,Uvalde County,TX,229.0
48457,Tyler County,TX,228.0
19171,Tama County,IA,228.0
19065,Fayette County,IA,228.0
21003,Allen County,KY,227.0
20175,Seward County,KS,227.0
19097,Jackson County,IA,227.0
05071,Johnson County,AR,227.0
13211,Morgan County,GA,226.0
18075,Jay County,IN,226.0
50019,Orleans County,VT,226.0
19167,Sioux County,IA,226.0
27143,Sibley County,MN,225.0
17145,Perry County,IL,225.0
55125,Vilas County,WI,225.0
51117,Mecklenburg County,VA,225.0
13075,Cook County,GA,225.0
28101,Newton County,MS,225.0
54043,Lincoln County,WV,225.0
19129,Mills County,IA,224.0
48145,Falls County,TX,224.0
05075,Lawrence County,AR,224.0
16073,Owyhee County,ID,224.0
54091,Taylor County,WV,223.0
35029,Luna County,NM,223.0
46135,Yankton County,SD,222.0
39053,Gallia County,OH,221.0
26101,Manistee County,MI,221.0
47033,Crockett County,TN,221.0
13229,Pierce County,GA,221.0
18041,Fayette County,IN,221.0
54045,Logan County,WV,220.0
28131,Stone County,MS,220.0
42083,McKean County,PA,220.0
28163,Yazoo County,MS,220.0
48161,Freestone County,TX,219.0
31159,Seward County,NE,219.0
46065,Hughes County,SD,219.0
35028,Los Alamos County,NM,219.0
51173,Smyth County,VA,219.0
53051,Pend Oreille County,WA,217.0
46035,Davison County,SD,217.0
51169,Scott County,VA,217.0
17139,Moultrie County,IL,217.0
54053,Mason County,WV,217.0
54027,Hampshire County,WV,216.0
27055,Houston County,MN,216.0
28043,Grenada County,MS,215.0
28129,Smith County,MS,215.0
28139,Tippah County,MS,215.0
31067,Gage County,NE,214.0
18165,Vermillion County,IN,214.0
17053,Ford County,IL,214.0
13025,Brantley County,GA,214.0
23029,Washington County,ME,214.0
12043,Glades County,FL,214.0
17189,Washington County,IL,214.0
42067,Juniata County,PA,213.0
26129,Ogemaw County,MI,213.0
49041,Sevier County,UT,213.0
22013,Bienville Parish,LA,213.0
40073,Kingfisher County,OK,213.0
37131,Northampton County,NC,213.0
21099,Hart County,KY,212.0
27159,Wadena County,MN,212.0
26011,Arenac County,MI,212.0
19095,Iowa County,IA,212.0
13079,Crawford County,GA,212.0
20041,Dickinson County,KS,212.0
13087,Decatur County,GA,212.0
35027,Lincoln County,NM,212.0
48177,Gonzales County,TX,211.0
48289,Leon County,TX,210.0
18121,Parke County,IN,209.0
13221,Oglethorpe County,GA,209.0
48117,Deaf Smith County,TX,208.0
17039,De Witt County,IL,208.0
37173,Swain County,NC,208.0
13055,Chattooga County,GA,208.0
49007,Carbon County,UT,208.0
28023,Clarke County,MS,208.0
35057,Torrance County,NM,208.0
48225,Houston County,TX,207.0
54035,Jackson County,WV,207.0
01111,Randolph County,AL,206.0
21043,Carter County,KY,206.0
06051,Mono County,CA,206.0
51197,Wythe County,VA,206.0
45087,Union County,SC,206.0
46027,Clay County,SD,205.0
21097,Harrison County,KY,204.0
47023,Chester County,TN,204.0
29053,Cooper County,MO,204.0
19055,Delaware County,IA,203.0
17051,Fayette County,IL,203.0
28025,Clay County,MS,203.0
06011,Colusa County,CA,203.0
13081,Crisp County,GA,202.0
48059,Callahan County,TX,202.0
19087,Henry County,IA,202.0
13305,Wayne County,GA,202.0
48419,Shelby County,TX,202.0
30043,Jefferson County,MT,202.0
47153,Sequatchie County,TN,201.0
26061,Houghton County,MI,201.0
20009,Barton County,KS,201.0
51515,Bedford city,VA,201.0
31151,Saline County,NE,201.0
08083,Montezuma County,CO,200.0
38077,Richland County,ND,200.0
20099,Labette County,KS,199.0
26041,Delta County,MI,199.0
55023,Crawford County,WI,199.0
08003,Alamosa County,CO,198.0
51175,Southampton County,VA,197.0
17005,Bond County,IL,197.0
01085,Lowndes County,AL,197.0
40035,Craig County,OK,197.0
05037,Cross County,AR,197.0
05103,Ouachita County,AR,196.0
41061,Union County,OR,196.0
06043,Mariposa County,CA,196.0
21155,Marion County,KY,196.0
29013,Bates County,MO,195.0
48287,Lee County,TX,195.0
17125,Mason County,IL,195.0
13159,Jasper County,GA,194.0
37103,Jones County,NC,194.0
21177,Muhlenberg County,KY,194.0
26043,Dickinson County,MI,194.0
17123,Marshall County,IL,194.0
51620,Franklin city,VA,194.0
39105,Meigs County,OH,194.0
21013,Bell County,KY,194.0
37015,Bertie County,NC,193.0
19157,Poweshiek County,IA,193.0
48489,Willacy County,TX,193.0
55129,Washburn County,WI,192.0
32013,Humboldt County,NV,192.0
18117,Orange County,IN,191.0
08049,Grand County,CO,191.0
48233,Hutchinson County,TX,191.0
55011,Buffalo County,WI,190.0
48343,Morris County,TX,190.0
28051,Holmes County,MS,190.0
39067,Harrison County,OH,189.0
13293,Upson County,GA,189.0
21193,Perry County,KY,189.0
01129,Washington County,AL,189.0
28153,Wayne County,MS,189.0
45069,Marlboro County,SC,188.0
55119,Taylor County,WI,188.0
05089,Marion County,AR,187.0
27105,Nobles County,MN,187.0
30067,Park County,MT,186.0
40149,Washita County,OK,186.0
29001,Adair County,MO,186.0
01037,Coosa County,AL,186.0
37091,Hertford County,NC,185.0
17067,Hancock County,IL,185.0
45049,Hampton County,SC,185.0
19021,Buena Vista County,IA,185.0
48351,Newton County,TX,184.0
13149,Heard County,GA,184.0
47071,Hardin County,TN,184.0
17129,Menard County,IL,184.0
51735,Poquoson city,VA,184.0
19043,Clayton County,IA,184.0
01057,Fayette County,AL,184.0
54005,Boone County,WV,183.0
22029,Concordia Parish,LA,182.0
17187,Warren County,IL,182.0
06063,Plumas County,CA,182.0
01029,Cleburne County,AL,182.0
29135,Moniteau County,MO,182.0
05027,Columbia County,AR,182.0
16043,Fremont County,ID,181.0
29015,Benton County,MO,181.0
21161,Mason County,KY,180.0
19079,Hamilton County,IA,179.0
54025,Greenbrier County,WV,178.0
13111,Fannin County,GA,178.0
12125,Union County,FL,177.0
29195,Saline County,MO,177.0
23021,Piscataquis County,ME,177.0
48179,Gray County,TX,176.0
29063,DeKalb County,MO,176.0
42047,Elk County,PA,175.0
51139,Page County,VA,175.0
18009,Blackford County,IN,175.0
38093,Stutsman County,ND,175.0
06015,Del Norte County,CA,174.0
21233,Webster County,KY,174.0
54065,Morgan County,WV,173.0
54097,Upshur County,WV,173.0
29147,Nodaway County,MO,173.0
29217,Vernon County,MO,171.0
48379,Rains County,TX,171.0
48239,Jackson County,TX,171.0
48313,Madison County,TX,171.0
08075,Logan County,CO,171.0
29073,Gasconade County,MO,170.0
28161,Yalobusha County,MS,170.0
05043,Drew County,AR,170.0
13173,Lanier County,GA,170.0
51011,Appomattox County,VA,170.0
31037,Colfax County,NE,170.0
47169,Trousdale County,TN,170.0
54059,Mingo County,WV,169.0
13107,Emanuel County,GA,169.0
01107,Pickens County,AL,169.0
01091,Marengo County,AL,168.0
12065,Jefferson County,FL,168.0
17165,Saline County,IL,168.0
21077,Gallatin County,KY,168.0
19077,Guthrie County,IA,168.0
18125,Pike County,IN,168.0
51083,Halifax County,VA,167.0
51125,Nelson County,VA,167.0
54083,Randolph County,WV,167.0
26113,Missaukee County,MI,167.0
27001,Aitkin County,MN,166.0
17015,Carroll County,IL,166.0
06027,Inyo County,CA,166.0
35053,Socorro County,NM,166.0
08019,Clear Creek County,CO,166.0
20085,Jackson County,KS,165.0
13105,Elbert County,GA,165.0
51077,Grayson County,VA,165.0
51007,Amelia County,VA,165.0
29157,Perry County,MO,165.0
29155,Pemiscot County,MO,165.0
05021,Clay County,AR,165.0
21061,Edmonson County,KY,164.0
16013,Blaine County,ID,164.0
51640,Galax city,VA,164.0
21223,Trimble County,KY,163.0
20133,Neosho County,KS,163.0
48063,Camp County,TX,163.0
53055,San Juan County,WA,163.0
05121,Randolph County,AR,163.0
46019,Butte County,SD,163.0
37113,Macon County,NC,162.0
30041,Hill County,MT,162.0
16085,Valley County,ID,162.0
22049,Jackson Parish,LA,162.0
01041,Crenshaw County,AL,161.0
28009,Benton County,MS,161.0
29139,Montgomery County,MO,161.0
28141,Tishomingo County,MS,161.0
27129,Renville County,MN,161.0
40095,Marshall County,OK,161.0
17023,Clark County,IL,160.0
50013,Grand Isle County,VT,160.0
48003,Andrews County,TX,160.0
53059,Skamania County,WA,160.0
29173,Ralls County,MO,159.0
48077,Clay County,TX,159.0
13017,Ben Hill County,GA,159.0
49029,Morgan County,UT,159.0
54041,Lewis County,WV,158.0
28111,Perry County,MS,158.0
54001,Barbour County,WV,158.0
17061,Greene County,IL,158.0
48163,Frio County,TX,158.0
48315,Marion County,TX,157.0
13091,Dodge County,GA,157.0
17017,Cass County,IL,157.0
01099,Monroe County,AL,157.0
48159,Franklin County,TX,157.0
17045,Edgar County,IL,157.0
47087,Jackson County,TN,157.0
29163,Pike County,MO,157.0
24023,Garrett County,MD,156.0
02050,Bethel Census Area,AK,156.0
05067,Jackson County,AR,156.0
27113,Pennington County,MN,156.0
40153,Woodward County,OK,156.0
19115,Louisa County,IA,155.0
18123,Perry County,IN,155.0
22085,Sabine Parish,LA,155.0
39163,Vinton County,OH,155.0
40139,Texas County,OK,155.0
19023,Butler County,IA,154.0
12013,Calhoun County,FL,154.0
56041,Uinta County,WY,154.0
08015,Chaffee County,CO,154.0
19027,Carroll County,IA,154.0
40099,Murray County,OK,154.0
51071,Giles County,VA,153.0
48279,Lamb County,TX,153.0
17035,Cumberland County,IL,153.0
48031,Blanco County,TX,153.0
08051,Gunnison County,CO,152.0
29067,Douglas County,MO,152.0
19075,Grundy County,IA,152.0
39115,Morgan County,OH,152.0
40023,Choctaw County,OK,152.0
28065,Jefferson Davis County,MS,152.0
18131,Pulaski County,IN,152.0
19085,Harrison County,IA,152.0
21115,Johnson County,KY,152.0
19067,Floyd County,IA,151.0
56009,Converse County,WY,151.0
21203,Rockcastle County,KY,151.0
28147,Walthall County,MS,151.0
55013,Burnett County,WI,150.0
05061,Howard County,AR,150.0
08089,Otero County,CO,150.0
01027,Clay County,AL,149.0
21139,Livingston County,KY,149.0
37029,Camden County,NC,149.0
37143,Perquimans County,NC,149.0
19083,Hardin County,IA,148.0
26007,Alpena County,MI,148.0
05105,Perry County,AR,148.0
22023,Cameron Parish,LA,148.0
48131,Duval County,TX,147.0
27127,Redwood County,MN,147.0
26085,Lake County,MI,147.0
51113,Madison County,VA,147.0
29017,Bollinger County,MO,147.0
41049,Morrow County,OR,147.0
49023,Juab County,UT,146.0
16015,Boise County,ID,146.0
40103,Noble County,OK,146.0
47161,Stewart County,TN,146.0
18025,Crawford County,IN,146.0
21219,Todd County,KY,145.0
40105,Nowata County,OK,145.0
13155,Irwin County,GA,145.0
51005,Alleghany County,VA,145.0
22041,Franklin Parish,LA,145.0
55107,Rusk County,WI,145.0
56007,Carbon County,WY,145.0
45009,Bamberg County,SC,145.0
05001,Arkansas County,AR,145.0
42057,Fulton County,PA,144.0
05141,Van Buren County,AR,144.0
40085,Love County,OK,144.0
05041,Desha County,AR,144.0
37011,Avery County,NC,143.0
12045,Gulf County,FL,143.0
21041,Carroll County,KY,143.0
48353,Nolan County,TX,143.0
19041,Clay County,IA,142.0
13133,Greene County,GA,142.0
13289,Twiggs County,GA,141.0
48009,Archer County,TX,141.0
40069,Johnston County,OK,140.0
05107,Phillips County,AR,140.0
37199,Yancey County,NC,140.0
37009,Ashe County,NC,140.0
22027,Claiborne Parish,LA,140.0
28135,Tallahatchie County,MS,139.0
20005,Atchison County,KS,139.0
47085,Humphreys County,TN,139.0
27043,Faribault County,MN,139.0
19101,Jefferson County,IA,139.0
54063,Monroe County,WV,139.0
54067,Nicholas County,WV,138.0
04011,Greenlee County,AZ,138.0
13251,Screven County,GA,138.0
02261,Valdez-Cordova Census Area,AK,138.0
48165,Gaines County,TX,138.0
48133,Eastland County,TX,138.0
55067,Langlade County,WI,137.0
51049,Cumberland County,VA,137.0
30009,Carbon County,MT,137.0
53043,Lincoln County,WA,137.0
40089,McCurtain County,OK,137.0
13191,McIntosh County,GA,136.0
12047,Hamilton County,FL,136.0
51027,Buchanan County,VA,136.0
05081,Little River County,AR,135.0
51135,Nottoway County,VA,135.0
47007,Bledsoe County,TN,135.0
29133,Mississippi County,MO,134.0
16087,Washington County,ID,134.0
55007,Bayfield County,WI,134.0
21231,Wayne County,KY,133.0
21091,Hancock County,KY,133.0
13291,Union County,GA,133.0
17181,Union County,IL,133.0
29089,Howard County,MO,133.0
48387,Red River County,TX,132.0
21001,Adair County,KY,132.0
19059,Dickinson County,IA,132.0
21229,Washington County,KY,132.0
21149,McLean County,KY,132.0
21197,Powell County,KY,132.0
16079,Shoshone County,ID,132.0
01013,Butler County,AL,132.0
02150,Kodiak Island Borough,AK,132.0
55003,Ashland County,WI,131.0
29039,Cedar County,MO,131.0
54047,McDowell County,WV,131.0
21011,Bath County,KY,131.0
08105,Rio Grande County,CO,130.0
54103,Wetzel County,WV,129.0
51183,Sussex County,VA,129.0
28015,Carroll County,MS,129.0
29121,Macon County,MO,128.0
19141,O'Brien County,IA,128.0
47005,Benton County,TN,128.0
31185,York County,NE,128.0
13163,Jefferson County,GA,128.0
47061,Grundy County,TN,128.0
19081,Hancock County,IA,127.0
48377,Presidio County,TX,127.0
18115,Ohio County,IN,127.0
51131,Northampton County,VA,127.0
40063,Hughes County,OK,127.0
27023,Chippewa County,MN,126.0
38061,Mountrail County,ND,126.0
38071,Ramsey County,ND,126.0
48255,Karnes County,TX,126.0
21051,Clay County,KY,126.0
17101,Lawrence County,IL,125.0
05049,Fulton County,AR,125.0
18171,Warren County,IN,125.0
18007,Benton County,IN,125.0
29151,Osage County,MO,124.0
12029,Dixie County,FL,124.0
13109,Evans County,GA,124.0
21207,Russell County,KY,124.0
30095,Stillwater County,MT,123.0
27167,Wilkin County,MN,123.0
21127,Lawrence County,KY,123.0
25007,Dukes County,MA,123.0
22125,West Feliciana Parish,LA,123.0
29223,Wayne County,MO,122.0
12079,Madison County,FL,122.0
48371,Pecos County,TX,121.0
05065,Izard County,AR,121.0
16049,Idaho County,ID,121.0
51141,Patrick County,VA,121.0
51063,Floyd County,VA,121.0
40005,Atoka County,OK,121.0
28041,Greene County,MS,120.0
21069,Fleming County,KY,120.0
29123,Madison County,MO,120.0
48503,Young County,TX,120.0
51081,Greensville County,VA,120.0
26033,Chippewa County,MI,120.0
48369,Parmer County,TX,119.0
51595,Emporia city,VA,119.0
19047,Crawford County,IA,119.0
49037,San Juan County,UT,119.0
28005,Amite County,MS,118.0
30053,Lincoln County,MT,118.0
21045,Casey County,KY,118.0
29025,Caldwell County,MO,118.0
08047,Gilpin County,CO,117.0
48445,Terry County,TX,117.0
19191,Winneshiek County,IA,117.0
48111,Dallam County,TX,117.0
51580,Covington city,VA,117.0
05109,Pike County,AR,117.0
29125,Maries County,MO,117.0
37121,Mitchell County,NC,117.0
48297,Live Oak County,TX,117.0
21221,Trigg County,KY,116.0
21187,Owen County,KY,116.0
20115,Marion County,KS,116.0
56023,Lincoln County,WY,116.0
46125,Turner County,SD,116.0
51029,Buckingham County,VA,116.0
42105,Potter County,PA,116.0
37137,Pamlico County,NC,115.0
18161,Union County,IN,115.0
13023,Bleckley County,GA,115.0
13093,Dooly County,GA,115.0
48065,Carson County,TX,115.0
13193,Macon County,GA,115.0
27075,Lake County,MN,114.0
48415,Scurry County,TX,114.0
27091,Martin County,MN,114.0
13319,Wilkinson County,GA,114.0
29181,Ripley County,MO,114.0
19039,Clarke County,IA,114.0
37039,Cherokee County,NC,114.0
29137,Monroe County,MO,114.0
19107,Keokuk County,IA,114.0
21031,Butler County,KY,113.0
40077,Latimer County,OK,113.0
38055,McLean County,ND,113.0
51678,Lexington city,VA,113.0
13043,Candler County,GA,113.0
48425,Somervell County,TX,113.0
48475,Ward County,TX,113.0
13273,Terrell County,GA,113.0
27121,Pope County,MN,112.0
48399,Runnels County,TX,112.0
31081,Hamilton County,NE,112.0
26039,Crawford County,MI,112.0
13049,Charlton County,GA,112.0
39121,Noble County,OH,112.0
29011,Barton County,MO,112.0
17127,Massac County,IL,111.0
28159,Winston County,MS,111.0
13287,Turner County,GA,111.0
29093,Iron County,MO,111.0
21225,Union County,KY,111.0
16041,Franklin County,ID,110.0
05133,Sevier County,AR,110.0
05003,Ashley County,AR,109.0
38003,Barnes County,ND,109.0
51025,Brunswick County,VA,109.0
19037,Chickasaw County,IA,109.0
38099,Walsh County,ND,109.0
54087,Roane County,WV,109.0
39111,Monroe County,OH,108.0
18101,Martin County,IN,108.0
21109,Jackson County,KY,107.0
01035,Conecuh County,AL,107.0
21169,Metcalfe County,KY,107.0
17191,Wayne County,IL,107.0
48093,Comanche County,TX,107.0
54089,Summers County,WV,106.0
13209,Montgomery County,GA,106.0
46033,Custer County,SD,105.0
01075,Lamar County,AL,105.0
21065,Estill County,KY,105.0
48507,Zavala County,TX,105.0
51133,Northumberland County,VA,105.0
28077,Lawrence County,MS,105.0
51530,Buena Vista city,VA,104.0
19145,Page County,IA,104.0
47049,Fentress County,TN,103.0
38097,Traill County,ND,102.0
27089,Marshall County,MN,102.0
01119,Sumter County,AL,102.0
20095,Kingman County,KS,102.0
46005,Beadle County,SD,102.0
47127,Moore County,TN,101.0
21033,Caldwell County,KY,101.0
20107,Linn County,KS,101.0
51037,Charlotte County,VA,101.0
19189,Winnebago County,IA,101.0
48389,Reeves County,TX,101.0
55091,Pepin County,WI,101.0
27165,Watonwan County,MN,100.0
51111,Lunenburg County,VA,100.0
19069,Franklin County,IA,100.0
19165,Shelby County,IA,100.0
06105,Trinity County,CA,100.0
26141,Presque Isle County,MI,100.0
48115,Dawson County,TX,100.0
05127,Scott County,AR,99.0
21007,Ballard County,KY,99.0
56015,Goshen County,WY,99.0
16077,Power County,ID,99.0
21119,Knott County,KY,99.0
54109,Wyoming County,WV,99.0
18155,Switzerland County,IN,98.0
28007,Attala County,MS,98.0
30003,Big Horn County,MT,98.0
17025,Clay County,IL,98.0
16021,Boundary County,ID,97.0
22059,La Salle Parish,LA,97.0
51157,Rappahannock County,VA,97.0
02290,Yukon-Koyukuk Census Area,AK,97.0
51105,Lee County,VA,97.0
05017,Chicot County,AR,97.0
29085,Hickory County,MO,97.0
37041,Chowan County,NC,97.0
47181,Wayne County,TN,97.0
16009,Benewah County,ID,97.0
19029,Cass County,IA,97.0
13253,Seminole County,GA,97.0
51057,Essex County,VA,96.0
51159,Richmond County,VA,96.0
50009,Essex County,VT,96.0
19025,Calhoun County,IA,96.0
49027,Millard County,UT,96.0
20011,Bourbon County,KS,96.0
26001,Alcona County,MI,95.0
20001,Allen County,KS,95.0
13161,Jeff Davis County,GA,95.0
37187,Washington County,NC,95.0
01105,Perry County,AL,95.0
17087,Johnson County,IL,95.0
30083,Richland County,MT,94.0
08081,Moffat County,CO,94.0
05079,Lincoln County,AR,94.0
38053,McKenzie County,ND,94.0
16061,Lewis County,ID,94.0
17185,Wabash County,IL,94.0
54031,Hardy County,WV,94.0
01063,Greene County,AL,93.0
48487,Wilbarger County,TX,93.0
48403,Sabine County,TX,92.0
29149,Oregon County,MO,92.0
40011,Blaine County,OK,92.0
12123,Taylor County,FL,92.0
20197,Wabaunsee County,KS,92.0
08071,Las Animas County,CO,92.0
31167,Stanton County,NE,92.0
19175,Union County,IA,91.0
28021,Claiborne County,MS,91.0
49019,Grand County,UT,91.0
29117,Livingston County,MO,91.0
37043,Clay County,NC,91.0
19005,Allamakee County,IA,91.0
31179,Wayne County,NE,91.0
40107,Okfuskee County,OK,91.0
55113,Sawyer County,WI,91.0
22081,Red River Parish,LA,90.0
28069,Kemper County,MS,90.0
48405,San Augustine County,TX,90.0
49015,Emery County,UT,90.0
28013,Calhoun County,MS,89.0
13271,Telfair County,GA,89.0
32029,Storey County,NV,89.0
26119,Montmorency County,MI,89.0
19119,Lyon County,IA,89.0
48305,Lynn County,TX,89.0
19197,Wright County,IA,89.0
17193,White County,IL,89.0
48107,Crosby County,TX,89.0
45005,Allendale County,SC,88.0
21023,Bracken County,KY,88.0
27173,Yellow Medicine County,MN,88.0
13001,Appling County,GA,88.0
05117,Prairie County,AR,88.0
47039,Decatur County,TN,88.0
28097,Montgomery County,MS,88.0
19001,Adair County,IA,88.0
48127,Dimmit County,TX,88.0
31099,Kearney County,NE,87.0
51720,Norton city,VA,87.0
20159,Rice County,KS,87.0
17155,Putnam County,IL,87.0
31121,Merrick County,NE,87.0
47101,Lewis County,TN,87.0
28155,Webster County,MS,87.0
29111,Lewis County,MO,87.0
40061,Haskell County,OK,86.0
08113,San Miguel County,CO,86.0
29153,Ozark County,MO,86.0
20043,Doniphan County,KS,86.0
22123,West Carroll Parish,LA,86.0
22127,Winn Parish,LA,86.0
22065,Madison Parish,LA,86.0
01011,Bullock County,AL,86.0
25019,Nantucket County,MA,85.0
17149,Pike County,IL,85.0
35051,Sierra County,NM,85.0
13263,Talbot County,GA,85.0
28103,Noxubee County,MS,85.0
48437,Swisher County,TX,85.0
13235,Pulaski County,GA,85.0
47083,Houston County,TN,85.0
54085,Ritchie County,WV,84.0
29065,Dent County,MO,84.0
21087,Green County,KY,84.0
13281,Towns County,GA,84.0
46102,Oglala Lakota County,SD,84.0
31023,Butler County,NE,84.0
48501,Yoakum County,TX,84.0
54023,Grant County,WV,83.0
56003,Big Horn County,WY,83.0
19195,Worth County,IA,83.0
02240,Southeast Fairbanks Census Area,AK,83.0
51036,Charles City County,VA,82.0
46101,Moody County,SD,82.0
27133,Rock County,MN,82.0
16081,Teton County,ID,81.0
13167,Johnson County,GA,81.0
46113,Shannon County,SD,81.0
48193,Hamilton County,TX,80.0
28053,Humphreys County,MS,80.0
41001,Baker County,OR,80.0
30027,Fergus County,MT,80.0
21095,Harlan County,KY,80.0
48205,Hartley County,TX,79.0
05099,Nevada County,AR,79.0
27135,Roseau County,MN,79.0
48017,Bailey County,TX,79.0
53019,Ferry County,WA,79.0
17033,Crawford County,IL,78.0
13005,Bacon County,GA,78.0
22059,LaSalle Parish,LA,78.0
08065,Lake County,CO,78.0
20205,Wilson County,KS,78.0
05101,Newton County,AR,77.0
38057,Mercer County,ND,77.0
22025,Catahoula Parish,LA,77.0
13241,Rabun County,GA,77.0
02130,Ketchikan Gateway Borough,AK,76.0
56019,Johnson County,WY,76.0
19073,Greene County,IA,76.0
48153,Floyd County,TX,76.0
48047,Brooks County,TX,76.0
29057,Dade County,MO,76.0
13003,Atkinson County,GA,76.0
48175,Goliad County,TX,76.0
32033,White Pine County,NV,76.0
21147,McCreary County,KY,76.0
30007,Broadwater County,MT,75.0
19137,Montgomery County,IA,75.0
17079,Jasper County,IL,75.0
28119,Quitman County,MS,75.0
49025,Kane County,UT,74.0
05097,Montgomery County,AR,74.0
19091,Humboldt County,IA,74.0
54095,Tyler County,WV,74.0
21135,Lewis County,KY,73.0
21075,Fulton County,KY,73.0
48237,Jack County,TX,73.0
19161,Sac County,IA,73.0
17159,Richland County,IL,73.0
47091,Johnson County,TN,73.0
47151,Scott County,TN,73.0
22021,Caldwell Parish,LA,72.0
17003,Alexander County,IL,72.0
17175,Stark County,IL,72.0
21133,Letcher County,KY,72.0
17151,Pope County,IL,72.0
19071,Fremont County,IA,72.0
30023,Deer Lodge County,MT,72.0
46087,McCook County,SD,72.0
19147,Palo Alto County,IA,72.0
48505,Zapata County,TX,71.0
20065,Graham County,KS,71.0
17047,Edwards County,IL,71.0
37073,Gates County,NC,71.0
46117,Stanley County,SD,71.0
51103,Lancaster County,VA,71.0
47095,Lake County,TN,70.0
27051,Grant County,MN,70.0
02188,Northwest Arctic Borough,AK,70.0
30035,Glacier County,MT,70.0
54017,Doddridge County,WV,70.0
19133,Monona County,IA,69.0
40033,Cotton County,OK,69.0
51115,Mathews County,VA,69.0
27063,Jackson County,MN,69.0
27151,Swift County,MN,69.0
05077,Lee County,AR,69.0
29115,Linn County,MO,69.0
02185,North Slope Borough,AK,69.0
19117,Lucas County,IA,69.0
30087,Rosebud County,MT,68.0
51119,Middlesex County,VA,68.0
55099,Price County,WI,68.0
51051,Dickenson County,VA,68.0
48043,Brewster County,TX,68.0
29185,St. Clair County,MO,68.0
31089,Holt County,NE,68.0
26097,Mackinac County,MI,68.0
31095,Jefferson County,NE,68.0
27029,Clearwater County,MN,68.0
20143,Ottawa County,KS,67.0
02270,Wade Hampton Census Area,AK,67.0
48317,Martin County,TX,67.0
27107,Norman County,MN,67.0
56011,Crook County,WY,67.0
38079,Rolette County,ND,67.0
29061,Daviess County,MO,66.0
12077,Liberty County,FL,66.0
30057,Madison County,MT,66.0
40093,Major County,OK,66.0
16063,Lincoln County,ID,66.0
17071,Henderson County,IL,66.0
01131,Wilcox County,AL,65.0
47175,Van Buren County,TN,65.0
54015,Clay County,WV,65.0
02180,Nome Census Area,AK,65.0
32027,Pershing County,NV,65.0
05095,Monroe County,AR,65.0
40127,Pushmataha County,OK,64.0
28019,Choctaw County,MS,64.0
27033,Cottonwood County,MN,64.0
42113,Sullivan County,PA,64.0
19035,Cherokee County,IA,64.0
16035,Clearwater County,ID,64.0
54073,Pleasants County,WV,64.0
46057,Hamlin County,SD,64.0
12037,Franklin County,FL,63.0
13165,Jenkins County,GA,63.0
28157,Wilkinson County,MS,63.0
08007,Archuleta County,CO,63.0
13303,Washington County,GA,63.0
17065,Hamilton County,IL,63.0
48391,Refugio County,TX,63.0
30017,Custer County,MT,63.0
21171,Monroe County,KY,63.0
31039,Cuming County,NE,62.0
40029,Coal County,OK,62.0
31137,Phelps County,NE,62.0
31145,Red Willow County,NE,62.0
08099,Prowers County,CO,62.0
20003,Anderson County,KS,62.0
48083,Coleman County,TX,62.0
48119,Delta County,TX,61.0
55078,Menominee County,WI,61.0
38067,Pembina County,ND,61.0
19063,Emmet County,IA,61.0
20013,Brown County,KS,61.0
31093,Howard County,NE,60.0
54105,Wirt County,WV,60.0
13181,Lincoln County,GA,60.0
13301,Warren County,GA,60.0
29179,Reynolds County,MO,60.0
46047,Fall River County,SD,60.0
29033,Carroll County,MO,60.0
22035,East Carroll Parish,LA,59.0
19089,Howard County,IA,59.0
21181,Nicholas County,KY,59.0
02016,Aleutians West Census Area,AK,59.0
31033,Cheyenne County,NE,59.0
30001,Beaverhead County,MT,58.0
29203,Shannon County,MO,58.0
31021,Burt County,NE,58.0
27117,Pipestone County,MN,58.0
40151,Woods County,OK,58.0
19053,Decatur County,IA,58.0
13197,Marion County,GA,57.0
19009,Audubon County,IA,57.0
46109,Roberts County,SD,56.0
30089,Sanders County,MT,56.0
38025,Dunn County,ND,56.0
20031,Coffey County,KS,56.0
20151,Pratt County,KS,56.0
38049,McHenry County,ND,56.0
17169,Schuyler County,IL,56.0
35007,Colfax County,NM,56.0
51097,King and Queen County,VA,56.0
40075,Kiowa County,OK,56.0
26003,Alger County,MI,56.0
02158,Kusilvak Census Area,AK,56.0
21131,Leslie County,KY,55.0
30065,Musselshell County,MT,55.0
20131,Nemaha County,KS,55.0
19109,Kossuth County,IA,55.0
05137,Stone County,AR,55.0
29075,Gentry County,MO,55.0
47027,Clay County,TN,55.0
45065,McCormick County,SC,55.0
31139,Pierce County,NE,55.0
31041,Custer County,NE,55.0
05025,Cleveland County,AR,54.0
48495,Winkler County,TX,54.0
17171,Scott County,IL,54.0
56031,Platte County,WY,54.0
30085,Roosevelt County,MT,54.0
28063,Jefferson County,MS,54.0
27071,Koochiching County,MN,54.0
21143,Lyon County,KY,54.0
31035,Clay County,NE,53.0
13141,Hancock County,GA,53.0
31027,Cedar County,NE,53.0
21055,Crittenden County,KY,53.0
19151,Pocahontas County,IA,53.0
13201,Miller County,GA,52.0
13101,Echols County,GA,52.0
29041,Chariton County,MO,52.0
21165,Menifee County,KY,52.0
29081,Harrison County,MO,52.0
54007,Braxton County,WV,52.0
38073,Ransom County,ND,52.0
08091,Ouray County,CO,52.0
12067,Lafayette County,FL,52.0
31127,Nemaha County,NE,52.0
35023,Hidalgo County,NM,52.0
05147,Woodruff County,AR,51.0
40067,Jefferson County,OK,51.0
20027,Clay County,KS,51.0
05011,Bradley County,AR,51.0
48069,Castro County,TX,50.0
38005,Benson County,ND,50.0
02063,Chugach Census Area,AK,50.0
48335,Mitchell County,TX,50.0
31051,Dixon County,NE,50.0
46015,Brule County,SD,50.0
13099,Early County,GA,50.0
27149,Stevens County,MN,49.0
48169,Garza County,TX,49.0
30099,Teton County,MT,49.0
20073,Greenwood County,KS,49.0
46067,Hutchinson County,SD,49.0
19135,Monroe County,IA,48.0
31059,Fillmore County,NE,48.0
19131,Mitchell County,IA,48.0
05113,Polk County,AR,48.0
55041,Forest County,WI,48.0
08021,Conejos County,CO,48.0
38009,Bottineau County,ND,48.0
20127,Morris County,KS,48.0
29079,Grundy County,MO,48.0
29035,Carter County,MO,47.0
19177,Van Buren County,IA,47.0
26013,Baraga County,MI,47.0
19051,Davis County,IA,47.0
40003,Alfalfa County,OK,47.0
49001,Beaver County,UT,47.0
48207,Haskell County,TX,47.0
31123,Morrill County,NE,47.0
08121,Washington County,CO,47.0
05039,Dallas County,AR,47.0
05073,Lafayette County,AR,46.0
31003,Antelope County,NE,46.0
48229,Hudspeth County,TX,46.0
17059,Gallatin County,IL,46.0
35037,Quay County,NM,46.0
13243,Randolph County,GA,46.0
56035,Sublette County,WY,46.0
19007,Appanoose County,IA,46.0
27101,Murray County,MN,46.0
32015,Lander County,NV,46.0
20123,Mitchell County,KS,46.0
26053,Gogebic County,MI,46.0
28037,Franklin County,MS,45.0
19143,Osceola County,IA,45.0
42053,Forest County,PA,45.0
31013,Box Butte County,NE,45.0
30101,Toole County,MT,45.0
46051,Grant County,SD,45.0
06049,Modoc County,CA,45.0
30061,Mineral County,MT,45.0
46045,Edmunds County,SD,45.0
40141,Tillman County,OK,45.0
54071,Pendleton County,WV,44.0
17153,Pulaski County,IL,44.0
47067,Hancock County,TN,44.0
02220,Sitka City and Borough,AK,44.0
21039,Carlisle County,KY,44.0
19185,Wayne County,IA,44.0
30021,Dawson County,MT,44.0
31173,Thurston County,NE,43.0
08103,Rio Blanco County,CO,43.0
40053,Grant County,OK,43.0
20029,Cloud County,KS,43.0
46063,Harding County,SD,43.0
46077,Kingsbury County,SD,43.0
31065,Furnas County,NE,43.0
48429,Stephens County,TX,43.0
17013,Calhoun County,IL,43.0
21175,Morgan County,KY,43.0
54093,Tucker County,WV,43.0
31143,Polk County,NE,42.0
51021,Bland County,VA,42.0
21153,Magoffin County,KY,42.0
20193,Thomas County,KS,42.0
46009,Bon Homme County,SD,42.0
55037,Florence County,WI,42.0
08055,Huerfano County,CO,42.0
30077,Powell County,MT,42.0
01023,Choctaw County,AL,42.0
21053,Clinton County,KY,41.0
48103,Crane County,TX,41.0
48079,Cochran County,TX,41.0
13037,Calhoun County,GA,41.0
51045,Craig County,VA,41.0
54021,Gilmer County,WV,41.0
20077,Harper County,KS,41.0
29045,Clark County,MO,41.0
27087,Mahnomen County,MN,41.0
48357,Ochiltree County,TX,41.0
46023,Charles Mix County,SD,40.0
30005,Blaine County,MT,40.0
51181,Surry County,VA,40.0
28125,Sharkey County,MS,40.0
20069,Gray County,KS,40.0
19173,Taylor County,IA,40.0
29087,Holt County,MO,40.0
56017,Hot Springs County,WY,40.0
32017,Lincoln County,NV,40.0
31011,Boone County,NE,40.0
02013,Aleutians East Borough,AK,40.0
54101,Webster County,WV,40.0
20167,Russell County,KS,40.0
13315,Wilcox County,GA,40.0
16003,Adams County,ID,40.0
13309,Wheeler County,GA,40.0
47137,Pickett County,TN,39.0
20093,Kearny County,KS,39.0
29211,Sullivan County,MO,39.0
27081,Lincoln County,MN,39.0
46123,Tripp County,SD,39.0
30073,Pondera County,MT,39.0
21159,Martin County,KY,39.0
02070,Dillingham Census Area,AK,39.0
27125,Red Lake County,MN,39.0
29205,Shelby County,MO,39.0
13249,Schley County,GA,39.0
46037,Day County,SD,38.0
13259,Stewart County,GA,38.0
35019,Guadalupe County,NM,38.0
53013,Columbia County,WA,38.0
13317,Wilkes County,GA,38.0
48307,McCulloch County,TX,38.0
22107,Tensas Parish,LA,38.0
30015,Chouteau County,MT,38.0
26135,Oscoda County,MI,38.0
21025,Breathitt County,KY,38.0
29197,Schuyler County,MO,38.0
54013,Calhoun County,WV,38.0
20145,Pawnee County,KS,38.0
31045,Dawes County,NE,38.0
08011,Bent County,CO,37.0
49017,Garfield County,UT,37.0
31107,Knox County,NE,37.0
13269,Taylor County,GA,37.0
08109,Saguache County,CO,37.0
27031,Cook County,MN,37.0
32021,Mineral County,NV,37.0
26131,Ontonagon County,MI,37.0
19093,Ida County,IA,37.0
31007,Banner County,NE,37.0
16023,Butte County,ID,36.0
20165,Rush County,KS,36.0
05013,Calhoun County,AR,36.0
17009,Brown County,IL,36.0
38075,Renville County,ND,36.0
05129,Searcy County,AR,36.0
37005,Alleghany County,NC,36.0
20117,Marshall County,KS,36.0
48283,La Salle County,TX,36.0
35033,Mora County,NM,36.0
16029,Caribou County,ID,36.0
13065,Clinch County,GA,35.0
41037,Lake County,OR,35.0
08125,Yuma County,CO,35.0
48081,Coke County,TX,35.0
56045,Weston County,WY,35.0
46115,Spink County,SD,35.0
56043,Washakie County,WY,35.0
21063,Elliott County,KY,35.0
21237,Wolfe County,KY,34.0
31171,Thomas County,NE,34.0
53069,Wahkiakum County,WA,34.0
48359,Oldham County,TX,34.0
31101,Keith County,NE,34.0
38065,Oliver County,ND,34.0
38063,Nelson County,ND,34.0
26071,Iron County,MI,34.0
38081,Sargent County,ND,34.0
21057,Cumberland County,KY,34.0
06091,Sierra County,CA,34.0
21201,Robertson County,KY,34.0
13283,Treutlen County,GA,34.0
40129,Roger Mills County,OK,34.0
47135,Perry County,TN,33.0
48247,Jim Hogg County,TX,33.0
20053,Ellsworth County,KS,33.0
31181,Webster County,NE,33.0
40043,Dewey County,OK,33.0
31097,Johnson County,NE,33.0
46061,Hanson County,SD,33.0
38045,LaMoure County,ND,33.0
38021,Dickey County,ND,33.0
48435,Sutton County,TX,33.0
19003,Adams County,IA,33.0
46091,Marshall County,SD,32.0
48275,Knox County,TX,32.0
55051,Iron County,WI,32.0
27073,Lac qui Parle County,MN,32.0
48211,Hemphill County,TX,32.0
48075,Childress County,TX,32.0
48383,Reagan County,TX,32.0
16071,Oneida County,ID,32.0
26083,Keweenaw County,MI,32.0
31147,Richardson County,NE,32.0
48151,Fisher County,TX,31.0
20007,Barber County,KS,31.0
31105,Kimball County,NE,31.0
20181,Sherman County,KS,31.0
40045,Ellis County,OK,31.0
46039,Deuel County,SD,31.0
30037,Golden Valley County,MT,31.0
20163,Rooks County,KS,31.0
46121,Todd County,SD,31.0
37095,Hyde County,NC,31.0
31125,Nance County,NE,31.0
40007,Beaver County,OK,31.0
48195,Hansford County,TX,30.0
29103,Knox County,MO,30.0
21129,Lee County,KY,30.0
08063,Kit Carson County,CO,30.0
48413,Schleicher County,TX,30.0
21105,Hickman County,KY,30.0
40055,Greer County,OK,30.0
08027,Custer County,CO,30.0
26153,Schoolcraft County,MI,30.0
20067,Grant County,KS,30.0
20147,Phillips County,KS,30.0
41063,Wallowa County,OR,30.0
38091,Steele County,ND,30.0
48461,Upton County,TX,29.0
42023,Cameron County,PA,29.0
20019,Chautauqua County,KS,29.0
29199,Scotland County,MO,29.0
21189,Owsley County,KY,29.0
46041,Dewey County,SD,29.0
54075,Pocahontas County,WV,28.0
27069,Kittson County,MN,28.0
48197,Hardeman County,TX,28.0
16037,Custer County,ID,28.0
48011,Armstrong County,TX,28.0
48235,Irion County,TX,28.0
31129,Nuckolls County,NE,28.0
35059,Union County,NM,28.0
46025,Clark County,SD,28.0
29005,Atchison County,MO,28.0
48417,Shackelford County,TX,28.0
30039,Granite County,MT,27.0
19159,Ringgold County,IA,27.0
08025,Crowley County,CO,27.0
08073,Lincoln County,CO,27.0
17069,Hardin County,IL,27.0
48095,Concho County,TX,27.0
48191,Hall County,TX,27.0
16059,Lemhi County,ID,27.0
38029,Emmons County,ND,27.0
31087,Hitchcock County,NE,27.0
02195,Petersburg Census Area,AK,27.0
02068,Denali Borough,AK,26.0
13239,Quitman County,GA,26.0
38041,Hettinger County,ND,26.0
48267,Kimble County,TX,26.0
26095,Luce County,MI,26.0
30045,Judith Basin County,MT,26.0
31169,Thayer County,NE,26.0
13007,Baker County,GA,26.0
20039,Decatur County,KS,26.0
46085,Lyman County,SD,26.0
16007,Bear Lake County,ID,26.0
20017,Chase County,KS,26.0
38085,Sioux County,ND,26.0
30097,Sweet Grass County,MT,26.0
31161,Sheridan County,NE,26.0
31163,Sherman County,NE,26.0
02198,Prince of Wales-Hyder Census Area,AK,25.0
37075,Graham County,NC,25.0
30105,Valley County,MT,25.0
48129,Donley County,TX,25.0
46129,Walworth County,SD,25.0
46031,Corson County,SD,25.0
31073,Gosper County,NE,25.0
48483,Wheeler County,TX,25.0
48105,Crockett County,TX,25.0
02105,Hoonah-Angoon Census Area,AK,25.0
38043,Kidder County,ND,24.0
20185,Stafford County,KS,24.0
30051,Liberty County,MT,24.0
46043,Douglas County,SD,24.0
38037,Grant County,ND,24.0
31063,Frontier County,NE,24.0
02164,Lake and Peninsula Borough,AK,24.0
46119,Sully County,SD,24.0
20105,Lincoln County,KS,23.0
38019,Cavalier County,ND,23.0
20195,Trego County,KS,23.0
51017,Bath County,VA,23.0
20109,Logan County,KS,23.0
20049,Elk County,KS,23.0
46097,Miner County,SD,23.0
41025,Harney County,OR,22.0
46111,Sanborn County,SD,22.0
46073,Jerauld County,SD,22.0
08095,Phillips County,CO,22.0
29129,Mercer County,MO,22.0
36041,Hamilton County,NY,22.0
20189,Stevens County,KS,22.0
13307,Webster County,GA,22.0
20081,Haskell County,KS,22.0
38069,Pierce County,ND,22.0
41023,Grant County,OR,21.0
38103,Wells County,ND,21.0
48271,Kinney County,TX,21.0
38013,Burke County,ND,21.0
46003,Aurora County,SD,21.0
48023,Baylor County,TX,21.0
27077,Lake of the Woods County,MN,21.0
20141,Osborne County,KS,20.0
08023,Costilla County,CO,20.0
29171,Putnam County,MO,20.0
20083,Hodgeman County,KS,20.0
48333,Mills County,TX,20.0
38007,Billings County,ND,20.0
20207,Woodson County,KS,20.0
48295,Lipscomb County,TX,20.0
40059,Harper County,OK,20.0
48385,Real County,TX,20.0
38031,Foster County,ND,20.0
40057,Harmon County,OK,19.0
32011,Eureka County,NV,19.0
48421,Sherman County,TX,19.0
48411,San Saba County,TX,18.0
46071,Jackson County,SD,18.0
46007,Bennett County,SD,18.0
31049,Deuel County,NE,18.0
20157,Republic County,KS,18.0
37177,Tyrrell County,NC,18.0
02275,Wrangell City and Borough,AK,17.0
27011,Big Stone County,MN,17.0
20171,Scott County,KS,17.0
38051,McIntosh County,ND,17.0
27155,Traverse County,MN,17.0
38039,Griggs County,ND,16.0
48125,Dickens County,TX,16.0
08115,Sedgwick County,CO,16.0
46089,McPherson County,SD,16.0
08033,Dolores County,CO,16.0
02100,Haines Borough,AK,16.0
20025,Clark County,KS,16.0
20119,Meade County,KS,16.0
20137,Norton County,KS,15.0
31165,Sioux County,NE,14.0
49033,Rich County,UT,14.0
31135,Perkins County,NE,14.0
30107,Wheatland County,MT,14.0
31017,Brown County,NE,14.0
30071,Phillips County,MT,14.0
30025,Fallon County,MT,14.0
13125,Glascock County,GA,14.0
20063,Gove County,KS,14.0
41055,Sherman County,OR,14.0
46137,Ziebach County,SD,13.0
30091,Sheridan County,MT,13.0
38033,Golden Valley County,ND,13.0
53023,Garfield County,WA,13.0
20047,Edwards County,KS,13.0
48173,Glasscock County,TX,13.0
31077,Greeley County,NE,13.0
35011,De Baca County,NM,13.0
48327,Menard County,TX,12.0
31083,Harlan County,NE,12.0
48261,Kenedy County,TX,12.0
31031,Cherry County,NE,12.0
48243,Jeff Davis County,TX,12.0
02060,Bristol Bay Borough,AK,12.0
40025,Cimarron County,OK,12.0
38023,Divide County,ND,12.0
48311,McMullen County,TX,12.0
38011,Bowman County,ND,12.0
46055,Haakon County,SD,12.0
30079,Prairie County,MT,12.0
31103,Keya Paha County,NE,12.0
31133,Pawnee County,NE,11.0
46053,Gregory County,SD,11.0
06003,Alpine County,CA,11.0
16025,Camas County,ID,11.0
46095,Mellette County,SD,11.0
31075,Grant County,NE,11.0
20187,Stanton County,KS,11.0
20089,Jewell County,KS,11.0
46017,Buffalo County,SD,11.0
48319,Mason County,TX,11.0
31113,Logan County,NE,11.0
08061,Kiowa County,CO,11.0
29227,Worth County,MO,11.0
48109,Culberson County,TX,11.0
16033,Clark County,ID,11.0
38087,Slope County,ND,11.0
20135,Ness County,KS,11.0
49009,Daggett County,UT,10.0
31175,Valley County,NE,10.0
31015,Boyd County,NE,10.0
48045,Briscoe County,TX,10.0
31061,Franklin County,NE,10.0
32009,Esmeralda County,NV,10.0
13265,Taliaferro County,GA,10.0
08009,Baca County,CO,10.0
20097,Kiowa County,KS,10.0
49055,Wayne County,UT,10.0
48155,Foard County,TX,10.0
30075,Powder River County,MT,10.0
38047,Logan County,ND,10.0
48431,Sterling County,TX,10.0
02282,Yakutat City and Borough,AK,10.0
48087,Collingsworth County,TX,10.0
31091,Hooker County,NE,10.0
48393,Roberts County,TX,10.0
20075,Hamilton County,KS,10.0
